i,modo,acerto_top1,acerto_top3,concordancia,n_candidatos,pred,esperado,reag
0,beam,False,False,1.0,4,CC1(C)OB(c2cc(S(=O)(=O)N3CCCCc4ccccc43)c(O)cc2Cl)OC1(C)C,CC1(C)OC(c2cc(S(=O)(=O)N3CCCCc4ccccc43)c(O)cc2Cl)OC1(C)C,O=S(=O)(c1cc(Br)c(Cl)cc1O)N1CCCCc2ccccc21.CC1(C)OB(B2OC(C)(C)C(C)(C)O2)OC1(C)C.CC(=O)[O-].[K+].C1COCCO1
1,beam,False,False,1.0,5,CC(C)(C)[Si](C)(C)n1ccnc1,C#C[C@@H](O[Si](C)(C)C(C)(C)C)C1CCCCC1,c1c[nH]cn1.CC(C)(C)[Si](C)(C)Cl.O.CCCCCC.CN(C)C=O
2,beam,True,True,1.0,5,CCCC(=O)NS(=O)(=O)c1ccc(C(=O)/C=C/c2cc(N3CCCC3)c(OC)cc2OC)cc1,CCCC(=O)NS(=O)(=O)c1ccc(C(=O)/C=C/c2cc(N3CCCC3)c(OC)cc2OC)cc1,COc1cc(OC)c(N2CCCC2)cc1/C=C/C(=O)c1ccc(S(N)(=O)=O)cc1.CCCC(=O)OC(=O)CCC.CCN(CC)CC.CN(C)c1ccncc1.C1CCOC1.CN(C)C=O
3,beam,True,True,1.0,5,C=C(C)C(=O)OCCCCC(F)(F)C(F)(F)S(=O)(=O)[O-],C=C(C)C(=O)OCCCCC(F)(F)C(F)(F)S(=O)(=O)[O-],O=S(=O)([O-])C(F)(F)C(F)(F)CCCCO.[Na+].CC#N.C=C(C)C(=O)OC(=O)C(=C)C.CCN(CC)CC.O
4,beam,True,True,1.0,4,CCOC(=O)Cc1ccc(-c2ccc(-c3onc(C)c3[C@H](O)CSCc3ccccc3)cc2)cc1,CCOC(=O)Cc1ccc(-c2ccc(-c3onc(C)c3[C@H](O)CSCc3ccccc3)cc2)cc1,Cc1noc(-c2ccc(Br)cc2)c1[C@H](O)CSCc1ccccc1.CCOC(=O)Cc1ccc(B2OC(C)(C)C(C)(C)O2)cc1
5,beam,True,True,1.0,3,CC(C)c1noc(N2CCC([C@H]3C[C@H]3CCOc3ccc(-n4cnnn4)cc3)CC2)n1,CC(C)c1noc(N2CCC([C@H]3C[C@H]3CCOc3ccc(-n4cnnn4)cc3)CC2)n1,N#CN1CCC([C@H]2C[C@H]2CCOc2ccc(-n3cnnn3)cc2)CC1.CC(C)C(=N)NO.C1CCOC1.[Cl-].[Zn+2].[Cl-]
6,beam,False,True,1.0,5,O=C1CNc2ncccc2CN1,O=C1CNc2ncc(Br)cc2CN1,O=C1CNc2ncccc2CN1.CC(=O)O.BrBr.CCCCCC
7,beam,False,False,1.0,5,Cc1nc(C)c(-c2ccccc2O)c(N2CCC(C)CC2)c1C(=O)C(=O)OC(C)C,Cc1nc(C)c([C@H](O)C(=O)OC(C)C)c(N2CCC(C)CC2)c1Br,B1Oc2ccccc2O1.Cc1nc(C)c(C(=O)C(=O)OC(C)C)c(N2CCC(C)CC2)c1Br.CB1OC(c2ccccc2)(c2ccccc2)[C@H]2CCCN12.Cc1ccccc1
8,beam,False,False,1.0,4,CCCCCCCCC(=O)Nc1ccc(O)cc1O,O=C(Nc1ccccc1)c1ccc(O)cc1O,Nc1ccc(O)cc1O.CCN(CC)CC.O.CCCCCCCCC(=O)Cl.C1CCOC1
9,beam,True,True,1.0,4,NCc1cnc2c(F)c(NC(=O)c3ccc(OCC4CC4)cc3)ccc2c1,NCc1cnc2c(F)c(NC(=O)c3ccc(OCC4CC4)cc3)ccc2c1,O.NN.O=C(Nc1ccc2cc(CN3C(=O)c4ccccc4C3=O)cnc2c1F)c1ccc(OCC2CC2)cc1.CCOC(C)=O.CN1CCCC1=O
10,beam,False,False,1.0,5,CCOC(=O)c1nn(-c2ccccc2)c2c1OCCC2,CCOC(=O)C(=NNc1ccccc1)C1=C(C(=O)Nc2ccccc2)OCC1,O=C(Nc1ccccc1)C1=CCCO1.CCOC(=O)C(Cl)=NNc1ccccc1.CCN(CC)CC.CCOC(C)=O
11,beam,False,False,1.0,5,COc1ccc2nc(-c3cccnc3)nc(N3C(=O)C4(OCCO4)c4cc(F)ccc43)c2c1,COc1ccc2nc(-c3cccnc3)nc(Nc3ccc(F)cc3C3(C(=O)O)OCCO3)c2c1,COc1ccc2nc(-c3cccnc3)nc(Cl)c2c1.O=C1Nc2ccc(F)cc2C12OCCO2.[OH-].[K+].O.CS(C)=O
12,beam,True,True,1.0,3,CC(=O)C(C)(C)COS(=O)(=O)c1ccc(C)cc1,CC(=O)C(C)(C)COS(=O)(=O)c1ccc(C)cc1,Cc1ccc(S(=O)(=O)Cl)cc1.CC(=O)C(C)(C)CO.c1ccncc1.Cl.ClC(Cl)Cl
13,beam,True,True,1.0,5,NCc1ccc(Cl)c([N+](=O)[O-])c1,NCc1ccc(Cl)c([N+](=O)[O-])c1,B.C1CCOC1.N#Cc1ccc(Cl)c([N+](=O)[O-])c1.CO.Cl.C1CCOC1
14,beam,True,True,1.0,5,CCCCc1nc2c(N)nc3ccccc3c2n1CCCC(=NOC)c1ccccc1,CCCCc1nc2c(N)nc3ccccc3c2n1CCCC(=NOC)c1ccccc1,CCCCc1nc2c(N)nc3ccccc3c2n1CCCC(=O)c1ccccc1.Cl.CON
15,beam,False,True,1.0,4,O=[N+]([O-])c1cccc2nc(NC3COc4ccccc43)ccc12,O=S(=O)(Nc1cccc2nc(NC3COc4ccccc43)ccc12)c1ccc(F)cc1,O=[N+]([O-])c1cccc2nc(Cl)ccc12.O=S(=O)(Cl)c1ccc(F)cc1.NC1COc2ccccc21
16,beam,False,True,1.0,5,Cc1cnc(N2CCN(C(=O)c3ccc(N4C(=O)NC(C(C)C)C4=O)nc3)CC2)c(C)c1,Cc1cnc(N2CCN(C(=O)c3ccc(N4C(=O)N(C)C(=O)C4C(C)C)nc3)CC2)c(C)c1,Cc1cnc(N2CCN(C(=O)c3ccc(Br)nc3)CC2)c(C)c1.CC(C)C1NC(=O)N(C)C1=O
17,beam,False,False,1.0,5,COc1ccc(C(c2ccc(F)cc2)C(c2ccccc2)C(F)(F)F)cc1,COc1ccc(C(=C(c2ccccc2)C(F)(F)F)c2ccc(F)cc2)cc1,COc1ccc(C(c2ccc(F)cc2)C(c2ccccc2)C(F)(F)F)cc1.N#CC1=C(C#N)C(=O)C(Cl)=C(Cl)C1=O
18,beam,True,True,1.0,4,O=C(NC1(C(=S)NCC(F)(F)F)CC1)c1ccc(/C=C/C(c2cc(Cl)c(Cl)c(Cl)c2)C(F)(F)F)cc1C(F)(F)F,O=C(NC1(C(=S)NCC(F)(F)F)CC1)c1ccc(/C=C/C(c2cc(Cl)c(Cl)c(Cl)c2)C(F)(F)F)cc1C(F)(F)F,O=C(NC1(C(=O)NCC(F)(F)F)CC1)c1ccc(/C=C/C(c2cc(Cl)c(Cl)c(Cl)c2)C(F)(F)F)cc1C(F)(F)F.S=P12SP3(=S)SP(=S)(S1)SP(=S)(S2)S3.C[Si](C)(C)O[Si](C)(C)C.ClCCl
19,beam,True,True,1.0,4,N#Cc1ccc(CCc2ncc3ccc(C(=O)O)cc3n2)cc1,N#Cc1ccc(CCc2ncc3ccc(C(=O)O)cc3n2)cc1,COC(=O)c1ccc2cnc(CCc3ccc(C#N)cc3)nc2c1.C1CCOC1.Cl.[OH-].[Li+]
20,beam,False,True,1.0,4,CCc1cc2c3ccccc3ccc2c2ccccc12,CCc1cc2c3ccccc3c(CNC(C)(CO)COS(C)(=O)=O)cc2c2ccccc12,CC(CO)(COS(C)(=O)=O)NCc1cc2c3ccccc3ccc2c2ccccc12.CCc1cc2c3ccccc3c(C=O)cc2c2ccccc12.CC(N)(CO)CO
21,beam,True,True,1.0,5,CCC(O)[C@H]1COC(C)(C)N1C(=O)OC(C)(C)C,CCC(O)[C@H]1COC(C)(C)N1C(=O)OC(C)(C)C,CC(C)(C)OC(=O)N1[C@@H](C=O)COC1(C)C.C[CH2][Mg][Br].C1CCOC1
22,beam,False,True,1.0,5,CCCc1ccncc1,CC(C)N1CCCCC1,C=CC.c1ccncc1.CO.CC(=O)O.[O]=[Pt]=[O]
23,beam,False,False,1.0,5,O=[N+]([O-])c1ccccc1,Nc1nc(-c2ccc([N+](=O)[O-])cc2)cs1,NC(N)=S.CC(=O)[O-].[Na+].O=C(O)CBr.O=[N+]([O-])c1ccccc1.CCO
24,beam,True,True,1.0,4,CC(C)(C)OC(=O)N1CCC(Cc2cc(-c3ccccc3Cl)c3c(c2)N(c2c(Cl)cccc2Cl)C(=O)NC3)CC1,CC(C)(C)OC(=O)N1CCC(Cc2cc(-c3ccccc3Cl)c3c(c2)N(c2c(Cl)cccc2Cl)C(=O)NC3)CC1,CC(C)(C)OC(=O)N1CCC(=Cc2cc(-c3ccccc3Cl)c3c(c2)N(c2c(Cl)cccc2Cl)C(=O)NC3)CC1.CCOC(C)=O.O.[O]=[Pt]=[O]
25,beam,False,False,1.0,5,COC(=O)c1ccc(C)c(NC(=O)CCc2c(Br)cc(OC)cc2Br)c1,COC(=O)c1ccc(C)c(N2C(=O)CCc3c(Br)cc(OC)cc32)c1,COC(=O)c1ccc(C)c(NC(=O)CCc2c(Br)cc(OC)cc2Br)c1.COc1cc(Br)c(CCC(=O)O)c(Br)c1
26,beam,True,True,1.0,4,CON=Cc1cc2cc(OCc3c(Cl)cccc3Cl)ccc2n1CCCc1nnn[nH]1,CON=Cc1cc2cc(OCc3c(Cl)cccc3Cl)ccc2n1CCCc1nnn[nH]1,CON=Cc1cc2cc(OCc3c(Cl)cccc3Cl)ccc2n1CCCC#N.C[Si](C)(C)N=[N+]=[N-].CCC[CH2][Sn](=[O])[CH2]CCC.Cc1ccccc1
27,beam,True,True,1.0,4,Cc1c(CCl)oc2ccc(Br)c(OC(C)C)c12,Cc1c(CCl)oc2ccc(Br)c(OC(C)C)c12,Cc1c(CO)oc2ccc(Br)c(OC(C)C)c12.O=S(Cl)Cl.ClCCl
28,beam,False,False,1.0,4,NC(=O)N1c2ccccc2CC(=O)c2ccccc21,NC(=O)N1c2ccccc2C[C@H](O)c2ccccc21,O=CO.CCN(CC)CC.NC(=O)N1c2ccccc2CC(=O)c2ccccc21.ClCCl.CN(C)C=O
29,beam,True,True,1.0,5,COCOc1ccccc1OCOC,COCOc1ccccc1OCOC,[H-].[Na+].Oc1ccccc1O.COCCl.CN(C)C=O.CCOCC
30,beam,True,True,1.0,5,O=C1C=CC2=CN(S(=O)(=O)c3ccccc3)C=C3CC(NC4CC4)C(=C23)C1,O=C1C=CC2=CN(S(=O)(=O)c3ccccc3)C=C3CC(NC4CC4)C(=C23)C1,O=C1C=CC2=CN(S(=O)(=O)c3ccccc3)C=C3CC(N(C(=O)C(F)(F)F)C4CC4)C(=C23)C1.O.CCO
31,beam,True,True,1.0,2,COC(=O)c1cnc2ccc(OC)nc2c1Br,COC(=O)c1cnc2ccc(OC)nc2c1Br,COc1ccc2ncc(C(=O)O)c(Br)c2n1.O=C([O-])[O-].[K+].[K+].CI.CN(C)C=O
32,beam,False,True,1.0,4,CC1(C)OB(c2cc(F)c(N)c(F)c2)OC1(C)C,CC1(C)OB(c2cc(F)c(N)cc2F)OC1(C)C,CC(=O)[O-].[K+].CC1(C)OB(B2OC(C)(C)C(C)(C)O2)OC1(C)C.Nc1cc(F)c(Br)cc1F.COCCOC
33,beam,False,True,1.0,5,CCOC(=O)c1cc(C(F)(F)F)sc1N=C(N)c1cccnc1,FC(F)(F)c1cc2c(Cl)nc(-c3cccnc3)nc2s1,N#Cc1cccnc1.CCOC(=O)c1cc(C(F)(F)F)sc1N.O=P(Cl)(Cl)Cl
34,beam,False,False,1.0,5,[N-]=[N+]=NCCOCCOCCOCCn1c(=O)[nH][nH]c1=O,[N-]=[N+]=NCCOCCOCCOCCN1C(=O)N=NC1=O,[N-]=[N+]=NCCOCCOCCOCCn1c(=O)[nH][nH]c1=O.ClCCl
35,beam,True,True,1.0,5,N#Cc1ccc(Cc2cn(C(c3ccccc3)(c3ccccc3)c3ccccc3)cn2)cc1,N#Cc1ccc(Cc2cn(C(c3ccccc3)(c3ccccc3)c3ccccc3)cn2)cc1,CC(Br)Br.N#Cc1ccc(CBr)cc1.Ic1cn(C(c2ccccc2)(c2ccccc2)c2ccccc2)cn1.C1CCOC1.[Zn].[Ni].c1ccc(P(c2ccccc2)c2ccccc2)cc1.c1ccc(P(c2ccccc2)c2ccccc2)cc1
36,beam,True,True,1.0,5,CCCCn1c(=O)n(CCCCc2nc(-c3cccc(O)c3)no2)c(=O)c2[nH]c(Cl)nc21,CCCCn1c(=O)n(CCCCc2nc(-c3cccc(O)c3)no2)c(=O)c2[nH]c(Cl)nc21,CCCCn1c(=O)n(CCCCC(=O)OCC)c(=O)c2[nH]c(Cl)nc21.N=C(NO)c1cccc(O)c1.CC[O-].[Na+].CCO
37,beam,False,True,1.0,5,CC(C)(C)OC(=O)N1CC=C(c2c[nH]c3ccc(F)cc23)CC1,CC(C)(C)OC(=O)N1CCC(c2c[nH]c3ccc(F)cc23)CC1,Fc1ccc2[nH]cc(C3=CCNCC3)c2c1.CC(C)(C)OC(=O)OC(=O)OC(C)(C)C.[Pd].CO
38,beam,False,False,1.0,5,CCOC(=O)c1cnc(Cl)nc1NCc1ccc(OC)c(Cl)c1,c1cn2c(n1)CNCC2,CCOC(=O)c1cnc(Cl)nc1NCc1ccc(OC)c(Cl)c1.CCN(CC)CC.ClC(Cl)Cl
39,beam,False,True,1.0,5,CN(C)Cc1c[nH]c2ncccc12,c1ccc(N2CCN(Cc3c[nH]c4ncccc34)CC2)nc1,CN(C)Cc1c[nH]c2ncccc12.c1ccc(N2CCNCC2)nc1.Cc1ccccc1
40,beam,False,False,1.0,4,OCC1(c2cccc3ccccc23)CCC(O)CC1,O=C1CCC(CO)(c2cccc3ccccc23)CC1,O=C1CCC(C(=O)O)(c2cccc3ccccc23)CC1.C1CCOC1.[H-].[Al+3].[Li+].[H-].[H-].[H-].[OH-].[Na+].O
41,beam,False,False,1.0,5,CCOC(=O)COc1ccc(C=Cc2cccc(OCC(=O)OCC)c2)cc1,CCOC(=O)COc1ccc(C=O)cc1,CCOC(=O)COc1cccc(C=O)c1.O=Cc1ccc(O)cc1.CCOC(=O)CBr
42,beam,True,True,1.0,4,COc1ccc(C(C)(C)O)nc1Br,COc1ccc(C(C)(C)O)nc1Br,COc1ccc(I)nc1Br.[Li][CH2]CCC.CC(C)=O.O.Cc1ccccc1.CCOC(C)=O
43,beam,True,True,1.0,5,C=CC(=O)OCC(CCC(C)C)(COC(=O)C=C)C(C)C,C=CC(=O)OCC(CCC(C)C)(COC(=O)C=C)C(C)C,CC(C)CCC(CO)(CO)C(C)C.C=CC(=O)O.Cc1ccccc1.O=S(=O)(O)O.O
44,beam,False,True,1.0,5,CC(C)(C)CCNCc1cccc(F)c1N1CCC(F)(F)C1,CC(C)(C)CCN=Cc1cccc(F)c1N1CCC(F)(F)C1,O=Cc1cccc(F)c1N1CCC(F)(F)C1.CC(C)(C)CCN.Cc1ccccc1
45,beam,True,True,1.0,4,COCCCC[C@@](O)(c1cccc(Cl)c1F)[C@H]1CNCCO1,COCCCC[C@@](O)(c1cccc(Cl)c1F)[C@H]1CNCCO1,COCCCC[C@@](O)(c1cccc(Cl)c1F)[C@H]1CN(C(=O)OC(C)(C)C)CCO1.[OH-].[Na+].CC#N.Cl
46,beam,True,True,1.0,3,CC(C)Cc1cc(-c2ccc(Cn3cncn3)cc2)c(S(=O)(=O)NC(C)(C)C)s1,CC(C)Cc1cc(-c2ccc(Cn3cncn3)cc2)c(S(=O)(=O)NC(C)(C)C)s1,CC(C)Cc1cc(B(O)O)c(S(=O)(=O)NC(C)(C)C)s1.Brc1ccc(Cn2cncn2)cc1.[OH-].[Na+].Cc1ccccc1.CCO.CC(=O)[O-].CC(=O)[O-].[Pd+2].c1ccc(P(c2ccccc2)c2ccccc2)cc1
47,beam,False,False,1.0,5,Cc1nc2ccc(C3CC(=O)N(C)C(=O)C3)cc2o1,CN1C(=O)CC(c2ccc(N)c(C3=CCCCC3)c2)CC1=O,CN1C(=O)CC(c2ccc(N)c(Br)c2)CC1=O.C1COCCO1.O=P([O-])([O-])[O-].[K+].[K+].[K+].c1ccc(-c2ccccc2P(C2CCCCC2)C2CCCCC2)cc1.Cc1ccccc1.CCOC(C)=O.CC(=O)[O-].CC(=O)[O-].[Pd+2]
48,beam,True,True,1.0,5,CCN(CC)CCNC(=O)c1c(C)[nH]c(C=C2C(=O)Nc3cccc(-c4cccc(OC)c4)c32)c1C,CCN(CC)CCNC(=O)c1c(C)[nH]c(C=C2C(=O)Nc3cccc(-c4cccc(OC)c4)c32)c1C,COc1cccc(-c2cccc3c2CC(=O)N3)c1.CCN(CC)CCNC(=O)c1c(C)[nH]c(C=O)c1C.CCO.C1CCNCC1
49,beam,False,False,1.0,5,C[C@@H]1COCCN1c1cc(-c2nc(C(=O)O)cc(N3CCOC[C@@H]3C)n2)ccc1NC(=O)NC1CC1,C[C@H]1COCCN1c1cc(C(=O)O)nc(-c2ccc(NC(=O)NC3CC3)cc2)n1,COC(=O)c1cc(N2CCOC[C@@H]2C)nc(-c2ccc(NC(=O)NC3CC3)cc2)n1.[OH-].[Na+].C1CCOC1.O
50,beam,False,True,1.0,5,CCOC(=O)c1cnn(-c2cccc(-c3cc(F)ccc3C=Cc3ccc(OC)cc3C)n2)c1C(F)(F)F,CCOC(=O)c1cnn(-c2cccc(-c3cc(F)ccc3/C=C/c3ccc(OC)cc3C)n2)c1C(F)(F)F,[H-].[Na+].CCOP(=O)(Cc1ccc(OC)cc1C)OCC.CCOC(=O)c1cnn(-c2cccc(-c3cc(F)ccc3C=O)n2)c1C(F)(F)F.C1CCOC1.O
51,beam,False,False,1.0,5,COCCN(C)c1ncc(C(=O)NC[C@H]2CCCC[C@H]2O)cc1-c1ccc(Cl)cc1,COCCN(C)c1ncc(C(=O)NCC2CCCCC2O)cc1-c1ccc(Cl)cc1,COCCN(C)c1ncc(C(=O)O)cc1-c1ccc(Cl)cc1.Cl.NC[C@H]1CCCC[C@H]1O.CN(C)C(On1nnc2ccccc21)=[N+](C)C.F[B-](F)(F)F.CCN(C(C)C)C(C)C.CC(=O)N(C)C
52,beam,False,True,1.0,4,Cc1nn(C)c(-c2c(F)cccc2Cl)c1C#N,Cc1nn(C)c(N)c1-c1c(F)cccc1Cl,CC(=O)C(C#N)c1c(F)cccc1Cl.O=S(=O)(O)O.CNN.CC(=O)[O-].[Na+].CCO
53,beam,True,True,1.0,5,CCOC(=O)c1ccc(N)c(Br)c1,CCOC(=O)c1ccc(N)c(Br)c1,CCOC(=O)c1ccc(N)cc1.c1ccncc1.BrBr.O=P(O)(O)O.ClCCl.CCOCC
54,beam,False,True,1.0,5,COc1cncc(-c2cnc(Nc3nc(C)cs3)c3ccc(C)nc23)c1,COc1cncc(-c2cnc(Nc3nc(C)cs3)c3nc(C)ccc23)c1,Cc1ccc2c(I)cnc(Cl)c2n1.COc1cncc(B2OC(C)(C)C(C)(C)O2)c1.Cc1csc(N)n1
55,beam,True,True,1.0,2,Clc1ccc2nc(Cl)n3nccc3c2c1,Clc1ccc2nc(Cl)n3nccc3c2c1,O=c1[nH]c2ccc(Cl)cc2c2ccnn12.CCN(C(C)C)C(C)C.O=P(Cl)(Cl)Cl
56,beam,False,False,1.0,5,C[C@@H](Nc1ccc(C#N)c(C(F)(F)F)c1C#N)c1cccc(C#N)c1,C[C@H](c1cccc(C#N)c1)n1ccc2c(C(F)(F)F)c(C#N)ccc21,C[Si](C)(C)C#Cc1c(F)ccc(C#N)c1C(F)(F)F.C[C@@H](N)c1cccc(C#N)c1.O=C([O-])[O-].[K+].[K+].O=C([O-])O.[Na+].CN1CCCC1=O
57,beam,True,True,1.0,3,O=C(c1cccs1)c1cnn2c(-c3cccc(NCC4CCCCC4)c3)ccnc12,O=C(c1cccs1)c1cnn2c(-c3cccc(NCC4CCCCC4)c3)ccnc12,Nc1cccc(-c2ccnc3c(C(=O)c4cccs4)cnn23)c1.O=CC1CCCCC1
58,beam,True,True,1.0,3,CCOC(=O)C(=O)Nc1cc(OC)nc(Br)n1,CCOC(=O)C(=O)Nc1cc(OC)nc(Br)n1,COc1cc(N)nc(Br)n1.CCN(CC)CC.[Cl-].CCOC(=O)C(=O)[O-].ClCCl
59,beam,False,False,1.0,4,CONc1nc(-c2ccccc2)ncc1[N+](=O)[O-],Nc1cnc(-c2ccccc2)nc1N,CC(C)(C)[O-].[K+].Cl.CON.O=[N+]([O-])c1cnc(-c2ccccc2)nc1.[Cl-].[NH4+].CS(C)=O.[Cl-].[Zn+2].[Cl-]
60,beam,False,False,1.0,4,O=[N+]([O-])c1ccc(Cl)cc1Nc1cccc(Cl)c1,O=c1[nH]c2ccc(Cl)cc2n1-c1cccc(Cl)c1,O=[N+]([O-])c1ccc(Cl)cc1Cl.Nc1cccc(Cl)c1.CC(=O)[O-].[Na+].OCCO
61,beam,False,False,1.0,5,C=CC=[SH]C(=S)Nc1ccc(Cl)cn1,OC1CCSC(=S)N1c1ccc(Cl)cn1,C=CC=O.S=C([S-])Nc1ccc(Cl)cn1.CC[NH+](CC)CC.CC#N
62,beam,True,True,1.0,5,O=C1C(=Cc2ccc(Cl)cc2)CCCC1c1ccccc1,O=C1C(=Cc2ccc(Cl)cc2)CCCC1c1ccccc1,O=C1CCCCC1c1ccccc1.O=Cc1ccc(Cl)cc1.[OH-].[Na+].O.CCO
63,beam,False,True,1.0,5,N#Cc1cnc(C(=O)Nc2ccc(F)c([C@@]3(CF)C[C@@H](C(F)(F)F)OC(N)=N3)c2)c(Cl)c1,N#Cc1cnc(C(=O)Nc2ccc(F)c([C@]3(CF)C[C@@H](C(F)(F)F)OC(N)=N3)c2)c(Cl)c1,NC1=N[C@](CF)(c2cc(N)ccc2F)C[C@@H](C(F)(F)F)O1.N#Cc1cnc(C(=O)O)c(Cl)c1.[Cl-].COc1nc(OC)nc([N+]2(C)CCOCC2)n1.C1CCOC1.CO
64,beam,False,True,1.0,5,Cc1noc(NC(=O)Oc2ccccc2)c1C,Cc1noc(NC(=O)N2CCC3(CC2)CC(c2noc(-c4ccc(OC(F)(F)F)cc4)n2)CO3)c1C,CC(C)(C)OC(=O)N1CCC2(CC1)CC(C(N)=NO)CO2.CCN(C(C)C)C(C)C.O=C(Cl)c1ccc(OC(F)(F)F)cc1.Cl.C1COCCO1.Cc1noc(NC(=O)Oc2ccccc2)c1C.C1CCOC1.ClCCl.CC#N
65,beam,False,False,1.0,4,CCCN1C(=O)C(C(=O)CC)c2cc(N3C[C@H](CNC(C)=O)OC3=O)cc(F)c21,CCCN1C(=O)Cc2cc(N3C[C@H](CNC(=O)CC)OC3=O)cc(F)c21,CCC(=O)OC(=O)CC.CCCN1C(=O)Cc2cc(N3C[C@H](CNC(C)=O)OC3=O)cc(F)c21.CCN(C(C)C)C(C)C.ClCCl
66,beam,False,False,1.0,5,COc1ccc(N2CCC(CN3C(=O)NC4N=C5C(=C(c6ccco6)N=CN5N)N43)C2)cc1,COc1ccc(N2CCC(CN3C(=O)N(C)N4C5=C(c6ccco6)N=CN(N)C5=NC34)C2)cc1,CN1C(=O)NC2N=C3C(=C(c4ccco4)N=CN3N)N21.CN(C)C=O.O=C([O-])[O-].[K+].[K+].COc1ccc(N2CCC(COS(C)(=O)=O)C2)cc1.O
67,beam,False,True,1.0,5,O=CC1CN(c2cccc(F)c2)C(=O)O1,O=C1OC(CO)CN1c1ccc(I)c(F)c1,O=C1OC(CO)CN1c1cccc(F)c1.O=C1CCC(=O)N1I.O=C(O)C(F)(F)F
68,beam,True,True,1.0,4,Cc1ccc(Sc2ccccn2)c(Nc2ccnc3nc(C)ccc23)c1,Cc1ccc(Sc2ccccn2)c(Nc2ccnc3nc(C)ccc23)c1,Cc1ccc(Sc2ccccn2)c(N)c1.Cc1ccc2c(Cl)ccnc2n1
69,beam,True,True,1.0,5,CCNC1(C(N)=O)CCN(c2cncc(Cl)n2)CC1,CCNC1(C(N)=O)CCN(c2cncc(Cl)n2)CC1,Clc1cncc(Cl)n1.CCNC1(C(N)=O)CCNCC1.O=C([O-])[O-].[K+].[K+].CC#N
70,beam,True,True,1.0,3,CCC(=O)Nc1nc2c(Oc3cc(-c4ccc(C(F)(F)F)cc4)ncn3)cccc2s1,CCC(=O)Nc1nc2c(Oc3cc(-c4ccc(C(F)(F)F)cc4)ncn3)cccc2s1,Nc1nc2c(Oc3cc(-c4ccc(C(F)(F)F)cc4)ncn3)cccc2s1.CCC(=O)Cl.CCN(CC)P1(=NC(C)(C)C)N(C)CCCN1C.CCN(CC)P1(=NC(C)(C)C)N(C)CCCN1Cc1ccccc1.C=Cc1ccccc1.C=Cc1ccc(C=C)cc1.C1CCOC1
71,beam,True,True,1.0,3,CCn1nc(C)c2c1CCN(C(C(=O)NC)c1ccccc1)C2CCc1ccc(C(F)(F)F)cc1,CCn1nc(C)c2c1CCN(C(C(=O)NC)c1ccccc1)C2CCc1ccc(C(F)(F)F)cc1,CCn1nc(C)c2c1CCNC2CCc1ccc(C(F)(F)F)cc1.CCN(C(C)C)C(C)C.CNC(=O)C(OS(=O)(=O)c1ccc(C)cc1)c1ccccc1.CC(C)C(C)C(=O)C(C)C(C)C
72,beam,False,False,1.0,5,Oc1cccc(OCc2ccccc2)c1OCc1ccccc1,c1ccc(COc2cccc(OCc3ccccc3)c2OCc2ccccc2)cc1,BrCc1ccccc1.O=C([O-])[O-].[K+].[K+].Oc1cccc(O)c1O
73,beam,True,True,1.0,2,COc1ccccc1N1CCN(C(=O)N2CCC[C@H](NC(=O)C34CC5CC(C3)C(O)C(C5)C4)C2)CC1,COc1ccccc1N1CCN(C(=O)N2CCC[C@H](NC(=O)C34CC5CC(C3)C(O)C(C5)C4)C2)CC1,[I-].C[n+]1ccn(C(=O)N2CCC[C@H](NC(=O)C34CC5CC(C3)C(O)C(C5)C4)C2)c1.CC#N.COc1ccccc1N1CCNCC1.CCN(CC)CC
74,beam,True,True,1.0,4,CCOC(=O)C(C)(CCCc1ccccc1)C(=O)OCC,CCOC(=O)C(C)(CCCc1ccccc1)C(=O)OCC,CCOC(=O)C(C)C(=O)OCC.BrCCCc1ccccc1.[H-].[Na+]
75,beam,True,True,1.0,2,CCN1C(=O)C(Nc2ccc(N3CCOCC3)cc2)=C(c2ccccc2)S1(=O)=O,CCN1C(=O)C(Nc2ccc(N3CCOCC3)cc2)=C(c2ccccc2)S1(=O)=O,CCN1C(=O)C(Cl)=C(c2ccccc2)S1(=O)=O.Nc1ccc(N2CCOCC2)cc1.CN(C)C=O
76,beam,True,True,1.0,4,O=C(O)COCC(=O)NCCCCCCN1CCC(C(c2ccccc2)c2ccccc2)CC1,O=C(O)COCC(=O)NCCCCCCN1CCC(C(c2ccccc2)c2ccccc2)CC1,O=C([O-])COCC(=O)NCCCCCCN1CCC(C(c2ccccc2)c2ccccc2)CC1.[Na+].[OH-].[Na+].O=C([O-])COCC(=O)[O-].O=C1COCC(=O)O1.O.ClCCl
77,beam,True,True,1.0,3,Clc1cccc2c1CN(C1=NCCS1)C2,Clc1cccc2c1CN(C1=NCCS1)C2,Clc1cccc2c1CNC2.CSC1=NCCS1.O=S(=O)(O)c1ccc2ccccc2c1.ClCCl
78,beam,True,True,1.0,4,CS(=O)(=O)n1ccc2ccc(CC#N)cc21,CS(=O)(=O)n1ccc2ccc(CC#N)cc21,CS(=O)(=O)n1ccc2ccc(CBr)cc21.O.[C-]#N.[Na+].C1COCCO1.CCOC(C)=O
79,beam,False,False,1.0,4,CCN(CC(=O)O)CC(O)(CC)CC,CCN1CC(=O)OC(CC)(CC)C1,O=CC=O.CCNCC(O)(CC)CC.Cc1ccccc1
80,beam,False,True,1.0,5,CN(C)C=Nc1nc(Cl)c(N)c(Cl)n1,CN(C)C=Nc1c(Cl)nc(N)nc1Cl,CN(C)C=Nc1nc(Cl)c(N=CN(C)C)c(Cl)n1.Cl.CO.ClC(Cl)Cl.[OH-].[NH4+].CCO
81,beam,False,True,1.0,3,N#CC(C#N)C(=O)c1ccc(F)cc1,N#CC(C#N)=C(O)c1ccc(F)cc1,N#CCC#N.CCN(CC)CC.O=C(Cl)c1ccc(F)cc1.C1CCOC1.Cc1ccccc1
82,beam,True,True,1.0,3,CS(=O)(=O)c1ccc(-c2sc3cc(O)ccc3c2Oc2ccc(OCCN3CCCCC3)cc2)cc1,CS(=O)(=O)c1ccc(-c2sc3cc(O)ccc3c2Oc2ccc(OCCN3CCCCC3)cc2)cc1,O=C(O)C(F)(F)F.CS(=O)(=O)c1ccc(-c2sc3cc(OCc4ccccc4)ccc3c2Oc2ccc(OCCN3CCCCC3)cc2)cc1.O=C[O-].[NH4+].CO.CCOC(C)=O.[OH-].[Pd+2].[OH-]
83,beam,False,True,1.0,5,CC(=O)SC[C@H]1C[C@@H](O[Si](C)(C)C(C)(C)C)CN1C(=O)OCc1ccc([N+](=O)[O-])cc1,CC(=O)SC[C@@H]1C[C@@H](O[Si](C)(C)C(C)(C)C)CN1C(=O)OCc1ccc([N+](=O)[O-])cc1,CC(C)(C)[Si](C)(C)O[C@@H]1C[C@@H](COS(C)(=O)=O)N(C(=O)OCc2ccc([N+](=O)[O-])cc2)C1.CC([O-])=S.[K+].CN(C)C=O
84,beam,True,True,1.0,5,COc1cc(C(C)C(=O)NCc2cc(C(C)(C)C)nn2-c2cccc(Cl)c2)cnc1NS(C)(=O)=O,COc1cc(C(C)C(=O)NCc2cc(C(C)(C)C)nn2-c2cccc(Cl)c2)cnc1NS(C)(=O)=O,COc1cc(C(C)C(=O)O)cnc1NS(C)(=O)=O.CCN=C=NCCCN(C)C.On1nnc2ccccc21.CC(C)(C)c1cc(CN)n(-c2cccc(Cl)c2)n1.CN(C)C=O
85,beam,True,True,1.0,5,Clc1ccccc1Cn1nnnc1-c1cccnc1,Clc1ccccc1Cn1nnnc1-c1cccnc1,c1cncc(-c2nnn[nH]2)c1.Clc1ccccc1CBr.Br.BrCc1ccncc1.N
86,beam,True,True,1.0,4,CCN(C)c1cc(N[C@H]2CC[C@@H](NC(=O)c3ccc(F)c(Cl)c3)CC2)ncc1C,CCN(C)c1cc(N[C@H]2CC[C@@H](NC(=O)c3ccc(F)c(Cl)c3)CC2)ncc1C,CCN(C)c1cc(N[C@H]2CC[C@@H](N)CC2)ncc1C.O=C(O)c1ccc(F)c(Cl)c1.On1nnc2ccccc21.O.CCN=C=NCCCN(C)C.Cl.O=C([O-])O.[Na+].CN(C)C=O.CCN(CC)CC
87,beam,False,False,1.0,3,O=[N+]([O-])c1cc2ccc3nscc3c2cn1,c1cc2ccc3nnsc3c2cn1,Cl.[Cl-].c1cc2ccc3n[s+]sc3c2cn1.O=S(=O)(O)O.O=N[O-].[Na+].C.O
88,beam,True,True,1.0,5,COC(=O)c1ccc2c(c1)CC[C@H]2NS(=O)(=O)c1ccccc1Cl,COC(=O)c1ccc2c(c1)CC[C@H]2NS(=O)(=O)c1ccccc1Cl,Cl.COC(=O)c1ccc2c(c1)CC[C@H]2N.CCN(CC)CC.O=S(=O)(Cl)c1ccccc1Cl.ClCCl
89,beam,True,True,1.0,4,Fc1ccc(-c2ncccn2)cn1,Fc1ccc(-c2ncccn2)cn1,Fc1ccc(Br)cn1.CCC[CH2][Sn]([CH2]CCC)([CH2]CCC)[c]1ncccn1.[Cl-].[Li+].[Cu][I].c1ccc([P](c2ccccc2)(c2ccccc2)[Pd]([P](c2ccccc2)(c2ccccc2)c2ccccc2)([P](c2ccccc2)(c2ccccc2)c2ccccc2)[P](c2ccccc2)(c2ccccc2)c2ccccc2)cc1.CN(C)C=O
90,beam,False,False,1.0,4,COC(CN(Cc1ccc(F)c(Cl)c1)S(=O)(=O)c1ccc(C)cc1)OC,Fc1cc2ccncc2cc1Cl,[Al+3].[Cl-].[Cl-].[Cl-].COC(CN(Cc1ccc(F)c(Cl)c1)S(=O)(=O)c1ccc(C)cc1)OC.ClCCl
91,beam,False,False,1.0,4,C=CCSN1CC(CC)C1=O,C=CCSC1NC(=O)C1CC,[OH-].[Na+].C=CCS.CCC1CN(OC(C)=O)C1=O.O
92,beam,False,False,1.0,3,CCNC(=O)N1CC(NC(=O)Nc2ccc(Oc3ccnc4cc(-c5ccc(CNCCOC)cn5)sc34)c(F)c2)C1,CCNC(=O)N(CCOC)Cc1ccc(-c2cc3nccc(Oc4ccc(NC(=O)NC5CN(C(=O)NCC)C5)cc4F)c3s2)nc1,CCN=C=O.COCCNCc1ccc(-c2cc3nccc(Oc4ccc(NC(=O)NC5CNC5)cc4F)c3s2)nc1.CCN(CC)CC.C1CCOC1
93,beam,True,True,1.0,5,N#Cc1cc(C#N)cc(Oc2ccnc(Oc3cc(Cl)cc(Cl)c3)n2)c1,N#Cc1cc(C#N)cc(Oc2ccnc(Oc3cc(Cl)cc(Cl)c3)n2)c1,N#Cc1cc(C#N)cc(Oc2ccnc(Cl)n2)c1.Oc1cc(Cl)cc(Cl)c1.O=C([O-])[O-].[K+].[K+].CN(C)C=O
94,beam,True,True,1.0,4,COC(=O)c1ccc2nc(-c3ccccc3)c(-c3ccc(C#N)cc3)nc2c1,COC(=O)c1ccc2nc(-c3ccccc3)c(-c3ccc(C#N)cc3)nc2c1,COC(=O)c1ccc2nc(-c3ccccc3)c(Cl)nc2c1.N#Cc1ccc(B(O)O)cc1
95,beam,True,True,1.0,4,COc1ccccc1OCC1CCN(Cc2cccnc2OC)CC1,COc1ccccc1OCC1CCN(Cc2cccnc2OC)CC1,COc1ncccc1CCl.COc1ccccc1OCC1CCNCC1.O=C([O-])[O-].[K+].[K+].CC#N
96,beam,False,True,1.0,5,Cn1cncc1CN1CCN(c2c(Br)cnc(NCc3ccc(Cn4cccn4)cc3)c2[N+](=O)[O-])CC1,Cn1cncc1CN1CCN(c2c(Br)cnc3[nH]c(-c4ccc(Cn5cccn5)cc4)nc23)CC1,Cn1cncc1CN1CCN(c2c(Br)cnc(N)c2[N+](=O)[O-])CC1.CCO.O=Cc1ccc(Cn2cccn2)cc1.O=S([O-])S(=O)[O-].[Na+].[Na+].ClCCl.N.CN(C)C=O
97,beam,False,True,1.0,5,CCOC(=O)OC(=O)Cc1ccc(OCCNC(=O)OCc2ccccc2)cc1,CC(C)(C)OC(=O)Cc1ccc(OCCNC(=O)OCc2ccccc2)cc1,O=C(O)Cc1ccc(OCCNC(=O)OCc2ccccc2)cc1.CCOC(=O)Cl.CCN(CC)CC.CC(C)(C)O.ClC(Cl)Cl
98,beam,False,False,1.0,4,CCCO[C@H]1CC[C@H](N2CCC(n3c(=O)[nH]c4ccc(Br)cc43)CC2)CC1,C=Cc1ccc([N+](=O)[O-])c(NC2CCN([C@H]3CC[C@H](OCCC)CC3)CC2)c1,CCCO[C@H]1CC[C@H](N2CCC(Nc3cc(Br)ccc3[N+](=O)[O-])CC2)CC1.CCCC[C]([Sn])=C(CCCC)CCCC.c1ccc(P(c2ccccc2)c2ccccc2)cc1.Cc1ccccc1.[Pd]
99,beam,True,True,1.0,5,Clc1ccccc1Oc1nc(Nc2cc[nH]n2)cc2ccccc12,Clc1ccccc1Oc1nc(Nc2cc[nH]n2)cc2ccccc12,Clc1nc(Nc2cc[nH]n2)cc2ccccc12.Oc1ccccc1Cl
100,beam,False,False,1.0,5,CCCCCCCCCCCCCCCC(=O)OCC1COC(C)(C)O1,CCCCCCCCCCCCCCCC(=O)OCC(O)CO,CC1(C)OCC(CO)O1.CCCCCCCCCCCCCCCC(=O)O
101,beam,False,False,1.0,5,N#Cc1cccnc1Nc1ccccn1,Nc1ncccc1C(=O)c1ccccn1,N#Cc1cccnc1N.Brc1ccccn1.O=C=O.CC#N.[Li][CH2]CCC.C1CCOC1
102,beam,True,True,1.0,3,COc1cc2nccc(Oc3ccc(NC(=O)NC(C)c4ncc(C)s4)cc3F)c2cc1OC,COc1cc2nccc(Oc3ccc(NC(=O)NC(C)c4ncc(C)s4)cc3F)c2cc1OC,COc1cc2nccc(Oc3ccc(N)cc3F)c2cc1OC.CCN(CC)CC.O=C(OC(Cl)(Cl)Cl)OC(Cl)(Cl)Cl.Cc1cnc(C(C)N)s1.ClC(Cl)Cl
103,beam,False,False,1.0,5,CCCCCCCCCCCCC(=O)[O-],Cc1oc(-c2ccccc2)nc1CCC(=O)O,[OH-].[K+].CCCCCCCCCCCC#N.CCO.O
104,beam,True,True,1.0,5,CCCCCCCCCCC(N)C(=O)OC(C)C,CCCCCCCCCCC(N)C(=O)OC(C)C,O=S(Cl)Cl.CCCCCCCCCCC(N)C(=O)O.CC(C)O
105,beam,False,True,1.0,5,CC(=O)N(c1ccc(Cl)cc1)[C@@H]1C[C@@H](C)N(C(=O)c2ccc(OCc3cccc(C(=O)O)c3)cc2)c2ccccc21,CC(=O)N(c1ccc(Cl)cc1)[C@@H]1C[C@H](C)N(C(=O)c2ccc(OCc3cccc(C(=O)O)c3)cc2)c2ccccc21,COC(=O)c1cccc(COc2ccc(C(=O)N3c4ccccc4[C@H](N(C(C)=O)c4ccc(Cl)cc4)C[C@@H]3C)cc2)c1.[Li+].[OH-].CO.C1CCOC1
106,beam,False,True,1.0,4,Cc1cc(S(=O)(=O)c2cccc(F)c2)ccc1C1CCN(CC(=O)O)C1,Cc1cc(S(=O)(=O)c2cccc(F)c2)ccc1C1CCN(CCO)C1,[Li].COC(=O)CN1CCC(c2ccc(S(=O)(=O)c3cccc(F)c3)cc2C)C1.O.C1CCOC1
107,beam,True,True,1.0,3,COc1ccc2nc(-c3ccc(C)c(NC(=O)C(C)(C)C)c3)c(Cl)n2n1,COc1ccc2nc(-c3ccc(C)c(NC(=O)C(C)(C)C)c3)c(Cl)n2n1,COc1ccc2nc(-c3ccc(C)c(N)c3)c(Cl)n2n1.c1ccncc1.CC(C)(C)C(=O)Cl.CC#N
108,beam,True,True,1.0,4,Cc1cc(O)nc(SCc2c(Cl)ccnc2C(C)C)n1,Cc1cc(O)nc(SCc2c(Cl)ccnc2C(C)C)n1,Cc1cc(O)nc(S)n1.O=C([O-])[O-].[K+].[K+].CC(C)c1nccc(Cl)c1CBr.CN(C)C=O
109,beam,False,False,1.0,4,CN(C)C(=O)Cn1c(=O)n(C2CCN(C(=O)c3c[nH]c4cc(Cl)ccc34)CC2)c2ccccc21,CN(C)C(=O)Cn1cc(C(=O)N2CCC(n3c(=O)[nH]c4ccccc43)CC2)c2ccc(Cl)cc21,O=C(c1c[nH]c2cc(Cl)ccc12)N1CCC(n2c(=O)[nH]c3ccccc32)CC1.[H-].[Na+].CN(C)C(=O)CCl.CN(C)C=O
110,beam,True,True,1.0,5,CCn1cnc(CCl)c1,CCn1cnc(CCl)c1,CCn1cnc(CO)c1.O=S(Cl)Cl.C1CCOC1
111,beam,False,True,1.0,4,CC[C@@H]1C[C@H](N(Cc2cc(C(F)(F)F)cc(C(F)(F)F)c2)c2nnn(C)n2)c2nc(C(F)(F)F)ccc2N1,CC[C@@H]1C[C@H](N(Cc2cc(C(F)(F)F)cc(C(F)(F)F)c2)c2nnn(C)n2)c2nc(C(F)(F)F)ccc2N1C(=O)OCCO,CC[C@@H]1C[C@H](N(Cc2cc(C(F)(F)F)cc(C(F)(F)F)c2)c2nnn(C)n2)c2nc(C(F)(F)F)ccc2N1C(=O)OCCOCc1ccccc1.CO.[Pd]
112,beam,True,True,1.0,5,CC(C)(C)OC(=O)N[C@H](C(=O)N1CCC(Oc2ccc(F)cc2)CC1)C(C)(C)O,CC(C)(C)OC(=O)N[C@H](C(=O)N1CCC(Oc2ccc(F)cc2)CC1)C(C)(C)O,Cl.CCN=C=NCCCN(C)C.O.On1nnc2ccccc21.CN1CCOCC1.Cl.Fc1ccc(OC2CCNCC2)cc1.CC(C)(C)OC(=O)N[C@H](C(=O)O)C(C)(C)O.ClCCl
113,beam,False,False,1.0,4,ICc1cc(OCc2ccccc2)ccn1,NCc1cc(OCc2ccccc2)ccn1,C1N2CN3CN1CN(C2)C3.[I-].[Na+].ClCc1cc(OCc2ccccc2)ccn1.Cl.ClCCl.CO.CCOCC
114,beam,False,True,1.0,4,CC(CN1CCN(c2ccc(C(F)(F)F)cc2)CC1)C(=O)O,CC(CN1CCN(c2ccc(C(F)(F)F)cc2)CC1)C(=O)[O-],COC(=O)C(C)CN1CCN(c2ccc(C(F)(F)F)cc2)CC1.[OH-].[Li+].C1CCOC1.O.CC#N
115,beam,False,False,1.0,5,CCN(C(=O)COCC(=O)N(CC)c1cn(-c2cccnc2)nc1Cl)c1cn(-c2cccnc2)nc1Cl,CCN(C(=O)CC1CCN([Si](C)(C)C(C)(C)C)C1=O)c1cn(-c2cccnc2)nc1Cl,CCN(C(C)C)C(C)C.CC(C)(C)[Si](C)(C)N1CCCC1=O.CCN(C(=O)CCl)c1cn(-c2cccnc2)nc1Cl.C1CCOC1
116,beam,False,False,1.0,5,CC(C)OC(=O)Nc1cc(F)c(/C=C/COC(=O)C=[N+]=[N-])c(F)c1,CC(C)OC(=O)Nc1cc(F)c([C@@H]2[C@H]3COC(=O)[C@H]32)c(F)c1,CC(C)OC(=O)Nc1cc(F)c(/C=C/COC(=O)C=[N+]=[N-])c(F)c1.Cc1ccccc1.ClCCl.Cc1ccccc1.[Cu+2]
117,beam,True,True,1.0,5,CC(=O)Nc1ccc(-c2ccc(N3CCCN(C(C)C)CC3)nn2)cc1,CC(=O)Nc1ccc(-c2ccc(N3CCCN(C(C)C)CC3)nn2)cc1,CC(C)N1CCCN(c2ccc(Cl)nn2)CC1.CC(=O)Nc1ccc(B(O)O)cc1
118,beam,False,False,1.0,5,COC(=O)c1ccccc1-c1ccc(COc2cc(C)nc3ccccc23)cc1,CC1=Nc2ccccc2C(=O)C1,Cl.Cc1cc(OCc2ccc(-c3ccccc3C(=O)O)cc2)c2ccccc2n1.CS(C)=O.O=[N+]([O-])c1cccc(CO)c1.COC(=O)c1ccccc1-c1ccc(COc2cc(C)nc3ccccc23)cc1
119,beam,True,True,1.0,3,CNC(=O)C[C@@H]1CSC(c2cc3cc(Cl)cc(NC4CCCC4)c3[nH]2)=N1,CNC(=O)C[C@@H]1CSC(c2cc3cc(Cl)cc(NC4CCCC4)c3[nH]2)=N1,O=C(O)C[C@@H]1CSC(c2cc3cc(Cl)cc(NC4CCCC4)c3[nH]2)=N1.CN
120,beam,True,True,1.0,5,COC(=O)c1cc([N+](=O)[O-])cc2c(NCc3ccc(Cl)c(C(F)(F)F)c3)ncnc12,COC(=O)c1cc([N+](=O)[O-])cc2c(NCc3ccc(Cl)c(C(F)(F)F)c3)ncnc12,COC(=O)c1cc([N+](=O)[O-])cc2c(=O)[nH]cnc12.O=P(Cl)(Cl)Cl.CCN(C(C)C)C(C)C.NCc1ccc(Cl)c(C(F)(F)F)c1.ClCCCl
121,beam,False,False,1.0,3,Cc1cccc(C(=O)Nc2nc3ccccc3c(NCc3ccccc3)c2C#N)c1,Cc1cccc(C(=O)N(C(=O)c2cccc(C)c2)c2nc3ccccc3c(NCc3ccccc3)c2C#N)c1,N#Cc1c(N)nc2ccccc2c1NCc1ccccc1.Cc1cccc(C(=O)Cl)c1.c1ccncc1
122,beam,True,True,1.0,4,C#CCCCOc1c(C)cc(C#N)cc1C,C#CCCCOc1c(C)cc(C#N)cc1C,Cc1cc(C#N)cc(C)c1O.C#CCCCCl
123,beam,False,True,1.0,4,CC(=O)OC(COCCN1CCN(C)CC1)c1cccc(Cl)c1,CN1CCN(CCOCC(O)c2cccc(Cl)c2)CC1,CC(=O)OC(COCCOS(C)(=O)=O)c1cccc(Cl)c1.CN1CCNCC1.O=C([O-])[O-].[K+].[K+].C[O-].[Na+].CN(C)C=O.O.CCOC(C)=O.CO.CCOCC
124,beam,True,True,1.0,3,CN1CCC(CCOc2nc(C#N)nc(NCC3CCC4(CC3)CC4)c2C(=O)NCc2ccccc2)CC1,CN1CCC(CCOc2nc(C#N)nc(NCC3CCC4(CC3)CC4)c2C(=O)NCc2ccccc2)CC1,N#Cc1nc(NCC2CCC3(CC2)CC3)c(C(=O)NCc2ccccc2)c(OCCC2CCNCC2)n1.C=O.[BH3-]C#N.[Na+].C1CCOC1
125,beam,True,True,1.0,5,C[Si](C)(C)C#Cc1cc(Br)c(Cl)c(F)c1N,C[Si](C)(C)C#Cc1cc(Br)c(Cl)c(F)c1N,Nc1c(I)cc(Br)c(Cl)c1F.C#C[Si](C)(C)C.CCN(CC)CC.CC#N.[Cl][Pd]([Cl])([P](c1ccccc1)(c1ccccc1)c1ccccc1)[P](c1ccccc1)(c1ccccc1)c1ccccc1.[Cu][I]
126,beam,True,True,1.0,5,O=[N+]([O-])c1c(CO)cccc1CO,O=[N+]([O-])c1c(CO)cccc1CO,O=C(O)c1cccc(C(=O)O)c1[N+](=O)[O-].B.CO.C1CCOC1
127,beam,True,True,1.0,3,CC(C)C(NC(=O)c1ncc(-c2ccc(NC(=O)c3ccc(C(C)(C)C#N)cc3)cc2)s1)C(=O)O,CC(C)C(NC(=O)c1ncc(-c2ccc(NC(=O)c3ccc(C(C)(C)C#N)cc3)cc2)s1)C(=O)O,COC(=O)C(NC(=O)c1ncc(-c2ccc(NC(=O)c3ccc(C(C)(C)C#N)cc3)cc2)s1)C(C)C.C1CCOC1.CO.O.[OH-].[Li+]
128,beam,False,False,1.0,5,c1ccc(-c2ccccc2)cc1,O=C1COCc2cc(-c3ccccc3)ccc21,OB(O)Oc1ccccc1.O=C([O-])[O-].[Na+].[Na+].Cc1ccccc1.CCO.[Br-].CCCC[N+](CCCC)(CCCC)CCCC.c1ccc([P](c2ccccc2)(c2ccccc2)[Pd]([P](c2ccccc2)(c2ccccc2)c2ccccc2)([P](c2ccccc2)(c2ccccc2)c2ccccc2)[P](c2ccccc2)(c2ccccc2)c2ccccc2)cc1
129,beam,True,True,1.0,4,COc1ccccc1-n1nc(C(C)(C)C)cc1NC(=O)Cc1ccc(-n2cnc3cccnc32)cc1,COc1ccccc1-n1nc(C(C)(C)C)cc1NC(=O)Cc1ccc(-n2cnc3cccnc32)cc1,O=C(O)Cc1ccc(-n2cnc3cccnc32)cc1.COc1ccccc1-n1nc(C(C)(C)C)cc1N
130,beam,True,True,1.0,4,COCOc1c(C=O)c(OC)c(OC)c(OC)c1OC,COCOc1c(C=O)c(OC)c(OC)c(OC)c1OC,COCOc1cc(OC)c(OC)c(OC)c1OC.[Li][CH2]CCC.CN(C)C=O.O.CCOCC
131,beam,False,False,1.0,5,O=C(Nc1cccc(C(=O)NNC2CC2)n1)OCc1ccccc1,O=C(Nc1cccc(-c2nncn2C2CC2)n1)OCc1ccccc1,NNC(=O)c1cccc(NC(=O)OCc2ccccc2)n1.O=CNC1CC1.NC1CC1.O=C(O)C(F)(F)F.Cc1ccccc1
132,beam,False,False,1.0,5,CC1(C)OB(c2ccc(OC(F)F)c(Cl)c2)OC1(C)C,Oc1ccc(OC(F)F)c(Cl)c1,CC1(C)OB(c2ccc(OC(F)F)c(Cl)c2)OC1(C)C.O=S([O-])OO.[K+].CC(C)=O
133,beam,True,True,1.0,4,COCCOc1ccc(CCCO)c(OCc2ccc(C(F)(F)F)cc2)c1,COCCOc1ccc(CCCO)c(OCc2ccc(C(F)(F)F)cc2)c1,CCOC(=O)CCc1ccc(OCCOC)cc1OCc1ccc(C(F)(F)F)cc1.[H-].[Al+3].[Li+].[H-].[H-].[H-].O.O.O.O.O.O.O.O.O.O.O=S(=O)([O-])[O-].[Na+].[Na+].C1CCOC1
134,beam,True,True,1.0,4,CCC(=O)Nc1cc(-n2cccn2)nc(-c2ccc(Br)o2)n1,CCC(=O)Nc1cc(-n2cccn2)nc(-c2ccc(Br)o2)n1,Nc1cc(-n2cccn2)nc(-c2ccc(Br)o2)n1.CCC(=O)OC(=O)CC
135,beam,False,False,1.0,5,c1ccc2c(c1)COc1ccccc1N2[C@H]1CCN(CCc2ccc(N3CCCC3)cc2)C1,c1cc(CCN2CC[C@@H](N3c4ccccc4COc4ccccc43)C2)cc(N2CCCC2)c1,[H-].[Na+].c1ccc2c(c1)COc1ccccc1N2.CS(=O)(=O)O[C@H]1CCN(CCc2ccc(N3CCCC3)cc2)C1.[Cl-].[Na+].CCCCCC.CS(C)=O.CCOC(C)=O
136,beam,True,True,1.0,5,Cc1nccn1CCCC(=NOCCN)c1ccccc1,Cc1nccn1CCCC(=NOCCN)c1ccccc1,Cc1nccn1CCCC(=O)c1ccccc1.Cl.Cl.NCCON.c1ccncc1.CCO
137,beam,False,False,1.0,5,CCOC(=O)C(Cc1nc(-c2ccc(C)cc2)c(-c2ccc(C)cc2)n1C)c1cccc(C)c1,COC(=O)C(Cc1nc(-c2ccc(C)cc2)c(-c2ccc(C)cc2)n1C)c1cccc(C)c1,CCOC(=O)C(Cc1nc(-c2ccc(C)cc2)c(-c2ccc(C)cc2)[nH]1)c1cccc(C)c1.CI.O=C([O-])[O-].[K+].[K+].CN(C)C=O
138,beam,False,True,1.0,4,COC(CN(CC(=O)O)C(=O)O)OC,COC(CNCC(=O)O)OC,COC(CN(CC(=O)O)C(=O)OCc1ccccc1)OC.C1CCOC1.[Pd]
139,beam,False,True,1.0,4,N#CCn1oc(=O)nc1-c1cc(C(F)(F)F)ccn1,N#CCn1c(-c2cc(C(F)(F)F)ccn2)noc1=O,[H-].[Na+].O=c1nc(-c2cc(C(F)(F)F)ccn2)[nH]o1.N#CCBr.[Cl-].[NH4+].CN(C)C=O
140,beam,False,False,1.0,2,COc1ccc(C(=O)C2CCN([C@@H]3CCN(CC(=N)N)C3=O)CC2)cc1C,COc1ccc(C(=O)C2CCN([C@@H]3CCN(Cc4nc5ccccc(=O)c5[nH]4)C3=O)CC2)cc1C,COc1ccc(C(=O)C2CCN([C@@H]3CCN(CC(=N)N)C3=O)CC2)cc1C.O=C(O)C(F)(F)F.CC#N.O
141,beam,False,False,1.0,4,O=C1COC(c2ccc(O)cc2C(F)(F)F)CN1Cc1ccccc1,Oc1ccc(C2CN(Cc3ccccc3)CCO2)c(C(F)(F)F)c1,O=C1COC(c2ccc(O)cc2C(F)(F)F)CN1Cc1ccccc1.B.C1CCOC1.Cl.C1CCOC1
142,beam,False,False,1.0,5,COc1ccc2c(c1)CC[C@@H]1[C@@H]2CC[C@]2(C)[C@@H](OC)CC[C@@H]12,CO[C@H]1CC[C@H]2[C@@H]3CCc4cc(O)c(C=O)cc4[C@H]3CC[C@]12C,[Mg].CCBr.CO[C@H]1CC[C@H]2[C@@H]3CCc4cc(O)ccc4[C@H]3CC[C@]12C.CN(C)P(=O)(N(C)C)N(C)C.C=O.Cl.C1CCOC1.c1ccccc1
143,beam,True,True,1.0,5,O=C=NC(=O)c1c(F)cccc1F,O=C=NC(=O)c1c(F)cccc1F,NC(=O)c1c(F)cccc1F.O=C(Cl)C(=O)Cl.CC(Cl)Cl
144,beam,True,True,1.0,5,C[C@@H](n1ccn(-c2ccc(OCC(F)(F)C(F)F)cc2)c1=O)[C@](O)(COS(C)(=O)=O)c1ccccc1F,C[C@@H](n1ccn(-c2ccc(OCC(F)(F)C(F)F)cc2)c1=O)[C@](O)(COS(C)(=O)=O)c1ccccc1F,C[C@@H](n1ccn(-c2ccc(OCC(F)(F)C(F)F)cc2)c1=O)[C@](O)(CO)c1ccccc1F.CS(=O)(=O)Cl.CCN(CC)CC.CCOC(C)=O
145,beam,False,True,1.0,5,COc1ccc2c(c1/C=C\CCN1CCN(C(=O)OC(C)(C)C)CC1)O/C(=C/c1n[nH]c3ccccc13)C2=O,COc1ccc2c(c1/C=C\CCN1CCN(C(=O)OC(C)(C)C)CC1)O/C(=C\c1n[nH]c3ccccc13)C2=O,COc1ccc2c(c1/C=C\CCN1CCN(C(=O)OC(C)(C)C)CC1)OCC2=O.O=Cc1n[nH]c2ccccc12.CO.C1CCNCC1
146,beam,True,True,1.0,5,Nc1cn(-c2cccnc2)nc1Cl,Nc1cn(-c2cccnc2)nc1Cl,O=[N+]([O-])c1cn(-c2cccnc2)nc1Cl.[OH-].[K+].CC(=O)O.CCO.O.[Fe]
147,beam,False,False,1.0,5,Cc1ccc(C(=O)CC(O)(C(=O)O)C(=O)NN)cc1F,Cc1ccc(-c2cc(C(=O)O)c(=O)[nH]n2)cc1F,CCOC(=O)C(O)(CC(=O)c1ccc(C)c(F)c1)C(=O)OCC.O.NN.[OH-].[Na+].Cl
148,beam,False,True,1.0,5,Nc1c(Br)ccc(F)c1C(=O)O,Nc1ccc(Br)c(F)c1C(=O)O,Nc1cccc(F)c1C(=O)O.BrBr.CO
149,beam,True,True,1.0,5,O=S1(=O)CCN2C=CC=C(c3ccc(Oc4cccc(C(F)(F)F)c4)cc3)C2=N1,O=S1(=O)CCN2C=CC=C(c3ccc(Oc4cccc(C(F)(F)F)c4)cc3)C2=N1,[H-].[Na+].O=S(=O)(Cl)CCCl.Nc1ncccc1-c1ccc(Oc2cccc(C(F)(F)F)c2)cc1.C1CCOC1
150,beam,False,False,1.0,5,Cc1cc(C#N)ccc1O,COc1ccc(C(=N)O)cc1C,COc1ccc(C#N)cc1C.Cl.CO.CCOCC
151,beam,True,True,1.0,4,COc1ccc([N+](=O)[O-])c(N(C)C(=O)OC(C)(C)C)c1,COc1ccc([N+](=O)[O-])c(N(C)C(=O)OC(C)(C)C)c1,COc1ccc([N+](=O)[O-])c(NC(=O)OC(C)(C)C)c1.[H-].[Na+].CI.CN(C)C=O
152,beam,False,False,1.0,5,O=c1[nH]c(C2CC2)nc2c1N1CCN=C1c1ccccc1-2,c1ccc2c(c1)C1=NCCN1c1c(-c3nc(C4CC4)no3)ncn1-2,CCOC(=O)c1ncn2c1N1CCN=C1c1ccccc1-2.NC(=NO)C1CC1.[H-].[Na+].[OH-].[Na+].CN(C)C=O.O.CCO.ClCCl
153,beam,True,True,1.0,4,COCCNc1nc(C)nc(-c2cc(Cl)cnc2F)n1,COCCNc1nc(C)nc(-c2cc(Cl)cnc2F)n1,COCCNc1nc(C)nc(Cl)n1.OB(O)c1cc(Cl)cnc1F.CC(=O)[O-].[K+].C1COCCO1.[Cl][Pd][Cl]
154,beam,True,True,1.0,4,CC(C)(C)OC(=O)N(CCc1ccccn1)c1ccc(NC(=O)c2ccccc2-c2ccc(C(C)(C)O)cc2)cc1,CC(C)(C)OC(=O)N(CCc1ccccn1)c1ccc(NC(=O)c2ccccc2-c2ccc(C(C)(C)O)cc2)cc1,CC(=O)c1ccc(-c2ccccc2C(=O)Nc2ccc(N(CCc3ccccn3)C(=O)OC(C)(C)C)cc2)cc1.[CH3][Mg][Br].C1CCOC1.CCCCOCCCC
155,beam,True,True,1.0,5,c1ccc(C2SC3(CCNCC3)c3ccccc32)cc1,c1ccc(C2SC3(CCNCC3)c3ccccc32)cc1,O=C(Oc1ccccc1)N1CCC2(CC1)SC(c1ccccc1)c1ccccc12.[OH-].[K+].OCCO.O
156,beam,True,True,1.0,4,COc1cnccc1NS(=O)(=O)c1ccc(Cl)c(Cl)c1,COc1cnccc1NS(=O)(=O)c1ccc(Cl)c(Cl)c1,O=S(=O)(Cl)c1ccc(Cl)c(Cl)c1.COc1cnccc1N.O.ClCCl.[OH-].[Na+].CO
157,beam,True,True,1.0,5,COC(=O)[C@@H](N)[C@H](C)c1ccc(Cl)c(Cl)c1,COC(=O)[C@@H](N)[C@H](C)c1ccc(Cl)c(Cl)c1,COC(=O)[C@@H](N=[N+]=[N-])[C@H](C)c1ccc(Cl)c(Cl)c1.CCOC(C)=O.[Pd].CC(=O)[O-].CC(=O)[O-].[Pb+2]
158,beam,True,True,1.0,5,COc1cccc(OC)c1C1CCCC(=O)N1Cc1cc(-c2ccccn2)ccc1F,COc1cccc(OC)c1C1CCCC(=O)N1Cc1cc(-c2ccccn2)ccc1F,COC(=O)CCCC(N)c1c(OC)cccc1OC.O=Cc1cc(-c2ccccn2)ccc1F
159,beam,True,True,1.0,3,C[C@H](NC(=O)c1cnc(N)s1)C1CCCCC1,C[C@H](NC(=O)c1cnc(N)s1)C1CCCCC1,Cl.Nc1ncc(C(=O)O)s1.On1nnc2ccccc21.CCN=C=NCCCN(C)C.C[C@H](N)C1CCCCC1.O=C([O-])O.[Na+].CCN(CC)CC.CN(C)C=O
160,beam,True,True,1.0,3,O=C(O)CSc1nc(-c2ccc(Cl)cc2)no1,O=C(O)CSc1nc(-c2ccc(Cl)cc2)no1,Sc1nc(-c2ccc(Cl)cc2)no1.O=C(O)CCl.O=C([O-])[O-].[K+].[K+].O
161,beam,True,True,1.0,4,CC(C)CNc1cc(NC(=O)OC(C)(C)C)c(NC(=O)CC(=O)c2cccc(-n3ccnc3)c2)cc1Cl,CC(C)CNc1cc(NC(=O)OC(C)(C)C)c(NC(=O)CC(=O)c2cccc(-n3ccnc3)c2)cc1Cl,CC(C)CNc1cc(NC(=O)OC(C)(C)C)c(N)cc1Cl.CC(C)(C)OC(=O)CC(=O)c1cccc(-n2ccnc2)c1
162,beam,True,True,0.0,2,COC(=O)C1Cc2cc(Nc3ncc(F)c(Nc4cc5c(F)c(F)c4OCO5)n3)ccc2O1,COC(=O)C1Cc2cc(Nc3ncc(F)c(Nc4cc5c(F)c(F)c4OCO5)n3)ccc2O1,COC(=O)C1Cc2cc(N)ccc2O1.Fc1cnc(Cl)nc1Nc1cc2c(F)c(F)c1OCO2
163,beam,False,False,1.0,5,CCc1cc(-c2ccc(Cl)cc2)cc(CC)c1C1C(=O)[C@@]2(C)CC[C@H]1O2,CCc1cc(-c2ccc(Cl)cc2)cc(CC)c1C1C(=O)[C@@H]2CC[C@@](C)(O2)C1=O,C[C@]12CC[C@H](O1)C(=O)CC2=O.ClC(Cl)Cl.CC(=O)[O-].CC(=O)[O-].CC(=O)[O-].CCc1cc(-c2ccc(Cl)cc2)cc(CC)[c]1[Pb+3].Cl.Cc1ccccc1
164,beam,False,False,1.0,5,NS(=O)(=O)c1cc(C(=O)O)cc([N+](=O)[O-])c1Oc1ccccc1,Nc1cc(C(=O)O)cc(S(N)(=O)=O)c1Oc1cccc(C(F)(F)F)c1,NS(=O)(=O)c1cc(C(=O)O)cc([N+](=O)[O-])c1Oc1cccc(C(F)(F)F)c1.NS(=O)(=O)c1cc(C(=O)O)cc([N+](=O)[O-])c1Oc1ccccc1
165,beam,True,True,1.0,3,NS(=O)(=O)c1ccc(-c2cn(-c3nc(-c4ccc(F)cc4)cc(C(F)(F)F)n3)cn2)s1,NS(=O)(=O)c1ccc(-c2cn(-c3nc(-c4ccc(F)cc4)cc(C(F)(F)F)n3)cn2)s1,CC(C)(C)NS(=O)(=O)c1ccc(-c2cn(-c3nc(-c4ccc(F)cc4)cc(C(F)(F)F)n3)cn2)s1.O=C(O)C(F)(F)F.ClCCl
166,beam,True,True,1.0,4,CC(C)N1CCN(c2ccc([N+](=O)[O-])cc2C#N)CC1,CC(C)N1CCN(c2ccc([N+](=O)[O-])cc2C#N)CC1,N#Cc1cc([N+](=O)[O-])ccc1F.CC(C)N1CCNCC1.O=C([O-])[O-].[K+].[K+].CN(C)C=O
167,beam,False,False,0.0,2,CCOC(=O)c1cn(C)c2cnc3c(F)c(N4CCN(c5ccc(C)c(F)c5)CC4)c(F)cc3c2c1=O,CCOC(=O)c1cn(C)c2cnc3c(F)c(Cl)c(N4CCN(c5ccc(C)c(F)c5)CC4)cc3c2c1=O,CCOC(=O)c1cn(C)c2cnc3c(F)c(Cl)c(F)cc3c2c1=O.Cc1ccc(N2CCNCC2)cc1F.CS(C)=O
168,beam,True,True,1.0,3,Cc1ccc2cc(CN3C(=O)c4ccccc4C3=O)ccc2n1,Cc1ccc2cc(CN3C(=O)c4ccccc4C3=O)ccc2n1,Cc1ccc2cc(CBr)ccc2n1.O=C1NC(=O)c2ccccc21.[K].CN(C)C=O
169,beam,True,True,1.0,5,Cc1nnc2n1-c1sc(C#CCN3C(=O)c4ccccc4S3(=O)=O)cc1C(c1ccccc1Cl)=NC2,Cc1nnc2n1-c1sc(C#CCN3C(=O)c4ccccc4S3(=O)=O)cc1C(c1ccccc1Cl)=NC2,Cc1nnc2n1-c1sc(I)cc1C(c1ccccc1Cl)=NC2.C#CCN1C(=O)c2ccccc2S1(=O)=O
170,beam,True,True,1.0,5,C[Si](C)(C)CC[Si](C)(C)CCCOCC(O)CNCC1CCCO1,C[Si](C)(C)CC[Si](C)(C)CCCOCC(O)CNCC1CCCO1,NCC1CCCO1.C[Si](C)(C)CC[Si](C)(C)CCCOCC1CO1.CCO
171,beam,False,False,1.0,5,Cc1nc(C)c(C(=O)NC(C)(C(N)=O)C(C)C)cc1O,COC(=O)c1cc(OC(C)=O)c(C)nc1C(=O)NC(C)(C(N)=O)C(C)C,Cl.CC(=O)Oc1cc(C(=O)O)c(C(=O)NC(C)(C(N)=O)C(C)C)nc1C.CO
172,beam,False,False,1.0,5,CONC(=O)c1ccccc1F,CON(O)C(=O)c1ccccc1F,Cl.CON.O=C([O-])[O-].[K+].[K+].O=C(Cl)c1ccccc1F.O.ClCCl
173,beam,True,True,1.0,5,COc1ccc(CN2C(=O)c3ccccc3C2=O)cc1,COc1ccc(CN2C(=O)c3ccccc3C2=O)cc1,COc1ccc(CCl)cc1.[K].O=C1NC(=O)c2ccccc21.CN(C)C=O
174,beam,True,True,1.0,2,CC(C)(C)[Si](OCCO)(c1ccccc1)c1ccccc1,CC(C)(C)[Si](OCCO)(c1ccccc1)c1ccccc1,CC(C)(C)[Si](Cl)(c1ccccc1)c1ccccc1.OCCO.c1c[nH]cn1.C1CCOC1
175,beam,True,True,1.0,5,CCOC(=O)CCC(C)Oc1ccc(N(C)c2nc3cc(Cl)ccc3o2)cc1,CCOC(=O)CCC(C)Oc1ccc(N(C)c2nc3cc(Cl)ccc3o2)cc1,CN(c1ccc(O)cc1)c1nc2cc(Cl)ccc2o1.O=[N+]([O-])c1cc(C(F)(F)F)ccc1O.CCOC(=O)CCC(C)Br.O=C([O-])[O-].[K+].[K+].CC(=O)CC(C)C
176,beam,False,True,1.0,5,COC(=O)C(Cc1ccccc1)Nc1ccnc(Cl)n1,COC(=O)[C@H](Cc1ccccc1)Nc1ccnc(Cl)n1,Clc1ccnc(Cl)n1.Cl.COC(=O)C(N)Cc1ccccc1.CCN(C(C)C)C(C)C.CCO
177,beam,True,True,1.0,4,CC(=NO)c1ccc2c(c1)C13CC2c2ccccc2C1CN(CC1CCCC1)C3,CC(=NO)c1ccc2c(c1)C13CC2c2ccccc2C1CN(CC1CCCC1)C3,CC(=O)c1ccc2c(c1)C13CC2c2ccccc2C1CN(CC1CCCC1)C3.Cl.NO.[OH-].[Na+].ClCCl.CCO.O
178,beam,True,True,1.0,5,COC(=O)c1cccc(NC(=O)N(Cc2ccc(C(=O)Nc3nn[nH]n3)cc2)c2ccc(C(C)(C)C)cc2)c1,COC(=O)c1cccc(NC(=O)N(Cc2ccc(C(=O)Nc3nn[nH]n3)cc2)c2ccc(C(C)(C)C)cc2)c1,COC(=O)c1cccc(N=C=O)c1.CC(C)(C)c1ccc(NCc2ccc(C(=O)Nc3nn[nH]n3)cc2)cc1.CC(Cl)Cl
179,beam,False,True,0.0,3,C[C@H](Nc1cnn(C)c(=O)c1Cl)c1nc2ccc(F)cc2n1-c1ccccc1,C[C@H](Nc1c(Cl)cnn(C)c1=O)c1nc2ccc(F)cc2n1-c1ccccc1,Cl.Cl.C[C@H](N)c1nc2ccc(F)cc2n1-c1ccccc1.Cn1ncc(Cl)c(Cl)c1=O.CCN(C(C)C)C(C)C.CC(C)O.CCOC(C)=O
180,beam,True,True,1.0,5,CN(c1ccc([N+](=O)[O-])cc1)[C@H]1CCNC1,CN(c1ccc([N+](=O)[O-])cc1)[C@H]1CCNC1,CN(c1ccc([N+](=O)[O-])cc1)[C@H]1CCN(C(=O)OC(C)(C)C)C1.O=C(O)C(F)(F)F.ClCCl
181,beam,True,True,1.0,5,C[Si](C)(C)c1cc(C(=O)O)n(-c2cccc(CP(C)(C)=O)c2)n1,C[Si](C)(C)c1cc(C(=O)O)n(-c2cccc(CP(C)(C)=O)c2)n1,CCOC(=O)c1cc([Si](C)(C)C)nn1-c1cccc(CP(C)(C)=O)c1.[OH-].[Na+].CCO
182,beam,False,False,1.0,5,COC(=O)Cc1ccc2c(c1)Cc1cc(O)ccc1-2,Cc1c(CC(=O)O)ccc2c1Cc1cc(O)ccc1-2,O=C(O)Cc1ccc2c(c1)Cc1cc(O)ccc1-2.CO.C=[N+]=[N-].CCOCC.CC(=O)O
183,beam,True,True,1.0,4,CC(C)(C)c1nc(-c2cccc(NS(=O)(=O)c3cccs3)c2F)c(-c2ccnc(N)n2)s1,CC(C)(C)c1nc(-c2cccc(NS(=O)(=O)c3cccs3)c2F)c(-c2ccnc(N)n2)s1,CC(C)c1nc(-c2cccc(NS(=O)(=O)c3c(F)cccc3F)c2)c(-c2ccnc(Cl)n2)s1.CC(C)(C)c1nc(-c2cccc(N)c2F)c(-c2ccnc(N)n2)s1.O=S(=O)(Cl)c1cccs1
184,beam,True,True,1.0,5,CCCCCCCCOc1ccc(C=COC)cc1,CCCCCCCCOc1ccc(C=COC)cc1,[Cl-].COC[P+](c1ccccc1)(c1ccccc1)c1ccccc1.CC(C)(C)[O-].[K+].CCCCCCCCOc1ccc(C=O)cc1.CCOCC
185,beam,False,False,1.0,5,CCOC(=O)C[C@@H]1CCCN1c1ccc(OCc2cccc(C)c2)cc1,Cc1cccc(COc2ccc(N3CCC[C@H]3CC(=O)O)cc2)c1,CCOC(=O)C[C@@H]1CCCN1c1ccc(O)cc1.Cc1cccc(CBr)c1.O=C([O-])[O-].[K+].[K+].CN(C)C=O
186,beam,False,True,1.0,5,CC(C)(C)OC(=O)N1CCN(CCCN2CCC[C@@H]2COC(=O)C=Cc2ccc(Cl)c(Cl)c2)C(=O)C1,O=C(/C=C/c1ccc(Cl)c(Cl)c1)N1CCN(CCCN2CCC[C@@H]2CO)C(=O)C1,Cl.CC(C)(C)OC(=O)N1CCN(CCCN2CCC[C@@H]2CO)C(=O)C1.CN1CCOCC1.O=C(O)C=Cc1ccc(Cl)c(Cl)c1.F[P-](F)(F)(F)(F)F.CN(C)C(On1nnc2cccnc21)=[N+](C)C.C1COCCO1
187,beam,False,True,1.0,4,Cc1cn(CC(=O)N2CCN(C(c3ccccc3)(c3ccccc3)c3ccccc3)CC2)c(=O)[nH]c1=O,Cc1c[nH]c(=O)[nH]c1=O,c1ccc(C(c2ccccc2)(c2ccccc2)N2CCNCC2)cc1.Cc1cn(CC(=O)O)c(=O)[nH]c1=O
188,beam,False,True,1.0,4,Cc1nc(-c2cnc(Nc3ccc(Cl)cc3)c(Cl)c2)nc(C)c1C,Cc1nc(-c2cnc(Nc3ccc(Cl)cc3)c(Cl)c2)[nH]c1C,N=C(N)c1cnc(Nc2ccc(Cl)cc2)c(Cl)c1.CC(=O)C(C)Cl.[NH4+].[OH-]
189,beam,True,True,1.0,5,Cc1cccc(S(=O)(=O)c2cc(C)c3c(c2C(=O)OC(C)(C)C)c2c(n3C)CC3CCC2N3)c1,Cc1cccc(S(=O)(=O)c2cc(C)c3c(c2C(=O)OC(C)(C)C)c2c(n3C)CC3CCC2N3)c1,Cc1cccc(S(=O)[O-])c1.[Na+].Cc1cc(Br)c(C(=O)OC(C)(C)C)c2c3c(n(C)c12)CC1CCC3N1
190,beam,False,False,1.0,5,Cc1cccc(C)c1NC(=O)CN1CCN(CC(O)COC2Cc3ccccc3C2)CC1,CCCCc1ccc(COCC(O)CN2CCN(CC(=O)Nc3c(C)cccc3C)CC2)cc1,Cc1cccc(C)c1NC(=O)CN1CCN(CC(O)COC2Cc3ccccc3C2)CC1.CC(C)O
191,beam,True,True,1.0,4,OCCOCCN1CCN(C2=Nc3ccccc3Sc3ccccc32)CC1,OCCOCCN1CCN(C2=Nc3ccccc3Sc3ccccc32)CC1,CCCCO.Cl.c1ccc2c(c1)N=C(N1CCNCC1)c1ccccc1S2.O=C([O-])[O-].[Na+].[Na+].OCCOCCCl.CCCC[N+](CCCC)(CCCC)CCCC.[Br-].O
192,beam,True,True,1.0,4,CC(O)c1cc2cccc(F)c2nc1Cl,CC(O)c1cc2cccc(F)c2nc1Cl,Fc1cccc2ccc(Cl)nc12.CC(C)[N-]C(C)C.[Li+].CC=O.CCOC(C)=O.C1CCOC1
193,beam,False,False,1.0,4,CCOC(=O)Cn1c(=NC(=O)c2cccc(Cl)c2)sc2c(F)c(F)c(F)cc21,CCC(C(=O)O)n1c(=NC(=O)c2ccc(F)c(C(F)(F)F)c2)sc2c(F)c(F)c(F)cc21,Nc1nc2cc(F)c(F)c(F)c2s1.O=C(Cl)c1ccc(F)c(C(F)(F)F)c1.CCC(Br)C(=O)OC.COc1ccc2nc(N)sc2c1.O=C(Cl)c1cccc(Cl)c1.CCOC(=O)CBr
194,beam,False,False,1.0,5,CCOC(=O)N1CCC(Cc2ccc(F)cc2)CC1,Fc1ccc(CC2CCN(CCS)CC2)cc1,Fc1ccc(CC2CCNCC2)cc1.CCOC(=O)OCCS.Cc1ccccc1
195,beam,False,False,1.0,3,O=C(O)Cc1c(C(=O)c2cccc(Cl)c2)n(-c2cccc(F)c2)c2cc(Cl)ccc12,O=C(O)Cc1c(C(=O)c2cccc(F)c2)[nH]c2cc(Cl)ccc12,O=C(O)Cc1c(C(=O)c2cccc(Cl)c2)[nH]c2cc(Cl)ccc12.Fc1cccc(Br)c1
196,beam,False,True,1.0,5,O=C(O)c1nc2cc([N+](=O)[O-])ccc2n1Cc1ccccc1,O=c1[nH]c2cc([N+](=O)[O-])ccc2n(Cc2ccccc2)c1=O,Nc1cc([N+](=O)[O-])ccc1NCc1ccccc1.O.O.O=C(O)C(=O)O.Cl
197,beam,True,True,1.0,4,Cc1ccsc1-c1nnc(-c2nc(Br)cnc2NC(=O)OC(C)(C)C)o1,Cc1ccsc1-c1nnc(-c2nc(Br)cnc2NC(=O)OC(C)(C)C)o1,Cc1ccsc1-c1nnc(-c2nc(Br)cnc2N)o1.C1CCOC1.CC(C)(C)OC(=O)OC(=O)OC(C)(C)C.CN(C)c1ccncc1.ClCCl
198,beam,True,True,1.0,4,O=CCC(Cn1ccnc1)c1ccc(Cl)c(Cl)c1,O=CCC(Cn1ccnc1)c1ccc(Cl)c(Cl)c1,Clc1ccc(C(CC2OCCO2)Cn2ccnc2)cc1Cl.Cl
199,beam,True,True,1.0,5,CCOc1nc(N2CCNCC2)nc(N2CCS(=O)CC2)c1[N+](=O)[O-],CCOc1nc(N2CCNCC2)nc(N2CCS(=O)CC2)c1[N+](=O)[O-],C1CNCCN1.CCOc1nc(SC)nc(N2CCS(=O)CC2)c1[N+](=O)[O-].C1COCCO1
200,beam,False,False,1.0,5,O=C(I)c1ccc(Cl)cc1Cl,N#CC(=O)c1ccc(Cl)cc1Cl,[I-].[Na+].O=C(Cl)c1ccc(Cl)cc1Cl.CC#N
201,beam,False,False,1.0,5,Cc1ccc(C(=O)Nc2cnn(C)c2)cc1C1CC1NCC1CC1,Cc1ccc(C(=O)Nc2cnn(C)c2)cc1[C@@H]1C[C@H]1NCC1CC1,Cc1ccc(C(=O)Nc2cnn(C)c2)cc1C1CC1N(CC1CC1)C(=O)OC(C)(C)C.Cl.CO.CO
202,beam,False,False,1.0,4,[N-]=[N+]=N[C@@H]1CC[C@H](N(Cc2ccccc2)C(=O)OCc2ccccc2)C[C@H]1O,[N-]=[N+]=N[C@H]1CC[C@H](NC(=O)OCc2ccccc2)C[C@@H]1O,O=C(OCc1ccccc1)N(Cc1ccccc1)[C@H]1CC[C@H]2O[C@H]2C1.[O-][Cl+3]([O-])([O-])[O-].[Li+].[N-]=[N+]=[N-].[Na+].O=C([O-])O.[Na+].CO.CCOC(C)=O.O
203,beam,True,True,1.0,4,CS(=O)(=O)Nc1ccc(-c2cccc3nc(N)nn23)cc1,CS(=O)(=O)Nc1ccc(-c2cccc3nc(N)nn23)cc1,Nc1nc2cccc(Br)n2n1.CS(=O)(=O)Nc1ccc(B(O)O)cc1
204,beam,True,True,1.0,2,COc1cccc2c1cc(C)n2Cc1ccc(F)cc1,COc1cccc2c1cc(C)n2Cc1ccc(F)cc1,COc1cccc2[nH]c(C)cc12.[H-].[Na+].CCCCCC.Fc1ccc(CCl)cc1.CN(C)C=O.O
205,beam,True,True,1.0,3,O=C1C(=O)N(CCCN2CCN(C(c3ccccc3)c3ccccc3)CC2)c2ccccc21,O=C1C(=O)N(CCCN2CCN(C(c3ccccc3)c3ccccc3)CC2)c2ccccc21,O=C1Nc2ccccc2C1=O.[H-].[Na+].ClCCCN1CCN(C(c2ccccc2)c2ccccc2)CC1.O.CN(C)C=O
206,beam,False,False,1.0,5,COc1cc(C=O)ccc1OCc1ccccc1C,CCN1C(=N)/C(=C/c2ccc(OCc3ccccc3C)c(OC)c2)NC1=O,Cc1ccccc1CCl.COc1cc(C=O)ccc1O.O=C([O-])[O-].[K+].[K+].CCNC(=O)NCC#N.CC(C)(C)[O-].[K+].CN(C)C=O.CCO
207,beam,False,False,1.0,5,CC(C)(C)OC(=O)N(CC1CC1)[C@@H]1C[C@H]1c1ccc(NC(=O)c2ccccc2)cc1,CC(C)(C)OC(=O)N(CC1CC1)[C@@H]1C[C@H]1c1ccc(NC(=O)c2ccc(NC(=O)c3ccccc3)cc2)cc1,CC(C)(C)OC(=O)N(CC1CC1)[C@@H]1C[C@H]1c1ccc(N)cc1.O=C(O)c1ccc(NC(=O)c2ccccc2)cc1.On1nnc2ccccc21.Cl.CCN=C=NCCCN(C)C.Cl.CN(C)C=O
208,beam,False,False,1.0,5,CC(C)CCC[C@@H](C)[C@H]1CC[C@H]2[C@@H]3CC[C@H]4CCCC[C@]4(C)[C@H]3CC[C@]12C,CC(C)CCC[C@@H](C)[C@H]1CC[C@H]2[C@@H]3CC[C@H]4C[C@@H](O)CC[C@]4(C)[C@H]3CC[C@]12C,CC(C)CCC[C@@H](C)[C@H]1CC[C@H]2[C@@H]3CC[C@H]4CCCC[C@]4(C)[C@H]3CC[C@]12C.[OH-].[Na+].C1CCOC1.CO
209,beam,True,True,1.0,3,Cc1ccc2c(=O)n3c4ccccc4n(CC4OC4C)c3nc2c1,Cc1ccc2c(=O)n3c4ccccc4n(CC4OC4C)c3nc2c1,Cc1ccc2c(=O)n3c(nc2c1)[nH]c1ccccc13.CC1OC1CBr
210,beam,True,True,1.0,4,COC(=O)c1ccc2c(C)n[nH]c2c1,COC(=O)c1ccc2c(C)n[nH]c2c1,Cc1n[nH]c2cc(C(=O)O)ccc12.Cl.CO
211,beam,False,True,1.0,5,O=[N+]([O-])c1ccc(O)c(OC(F)(F)F)c1,Oc1ccc(F)cc1OC(F)(F)F,O=N[O-].[Na+].Nc1ccc(O)c(OC(F)(F)F)c1.F.c1ccncc1.O.O.O.[F-].CCCC[N+](CCCC)(CCCC)CCCC.CCOC(C)=O
212,beam,True,True,1.0,4,CCCCCC(Br)c1ccc(CC(C)C)cc1,CCCCCC(Br)c1ccc(CC(C)C)cc1,CCCCCC(O)c1ccc(CC(C)C)cc1.BrC(Br)(Br)Br.c1ccc(P(c2ccccc2)c2ccccc2)cc1.C1CCOC1
213,beam,True,True,1.0,4,COc1ccc(-c2nc(Cl)c3c(n2)CCC3)cc1,COc1ccc(-c2nc(Cl)c3c(n2)CCC3)cc1,O=c1nccc[nH]1.COc1ccc(-c2nc3c(c(=O)[nH]2)CCC3)cc1.O=P(Cl)(Cl)Cl
214,beam,True,True,1.0,4,CC(C)(C)OC(=O)N1CCC[C@H]1c1nc2cc(Br)ccc2[nH]1,CC(C)(C)OC(=O)N1CCC[C@H]1c1nc2cc(Br)ccc2[nH]1,CC(C)(C)OC(=O)N1CCC[C@H]1C(=O)Nc1ccc(Br)cc1N.CC(=O)[O-].[NH4+].CC(=O)O.CCOC(C)=O
215,beam,True,True,1.0,5,CN(C)Cc1cccc(OCCCNc2nc(N=Cc3ccccc3)nn2C)c1,CN(C)Cc1cccc(OCCCNc2nc(N=Cc3ccccc3)nn2C)c1,CN(C)Cc1cccc(OCCCNc2nc(N)nn2C)c1.O=Cc1ccccc1.c1ccccc1
216,beam,False,False,1.0,2,CCCCC(C(=O)OCC)N(C(=O)CC(=O)Nc1cccc2cccnc12)c1cccc2cccnc12,CCOC(=O)CCCCCC(C(=O)Nc1cccc2cccnc12)C(=O)Nc1cccc2cccnc12,O=C(CC(=O)Nc1cccc2cccnc12)Nc1cccc2cccnc12.[H-].[Na+].CCCCC(Br)C(=O)OCC.CN(C)C=O.C1CCOC1
217,beam,False,False,1.0,5,CC(C)Cc1nc2cc(O)c(Cl)cc2o1,CC(CC(C)C)=Nc1cc(O)c(Cl)cc1F,Nc1cc(O)c(Cl)cc1F.CC(=O)CC(C)C.O=S(=O)(O)O
218,beam,True,True,1.0,5,CC(=O)c1ccc(Br)cc1OS(C)(=O)=O,CC(=O)c1ccc(Br)cc1OS(C)(=O)=O,CS(=O)(=O)Cl.CC(=O)c1ccc(Br)cc1O.CCN(CC)CC.Cl.ClCCl
219,beam,True,True,1.0,5,CCS(=O)(=O)c1ccc(Sc2c(C)n(CC(=O)O)c3cccc(NC(C)=O)c23)cc1,CCS(=O)(=O)c1ccc(Sc2c(C)n(CC(=O)O)c3cccc(NC(C)=O)c23)cc1,CC(=O)Nc1cccc2c1c(Sc1cccc(Cl)c1)c(C)n2CC(=O)O.CCS(=O)(=O)c1ccc(S)cc1
220,beam,False,False,1.0,4,CN(c1cccc2cc(C(N)=S)[nH]c12)S(=O)(=O)c1cccs1,CN(c1cccc2cc(-c3ncc(C(=O)O)s3)[nH]c12)S(=O)(=O)c1cccs1,CN(c1cccc2cc(C(N)=S)[nH]c12)S(=O)(=O)c1cccs1.[K].[OH-].[Na+].Cl.C1CCOC1.CCOC(C)=O.CCO.CC(=O)N(C)C.CC(=O)O
221,beam,False,False,1.0,4,Cc1ccn(Cc2ccccc2)c1N,CNC1CN(Cc2ccccc2)CCC1C,[BH4-].[Na+].[Br-].CNc1c[n+](Cc2ccccc2)ccc1C.Cl.CCO.O
222,beam,False,False,1.0,5,COc1ccc2c(c1)CC[C@@H]1[C@@H]2CC[C@@]2(C)CCC[C@@H]12,COc1ccc2c(c1)CC[C@@H]1[C@@H]2CC[C@@]2(C)C[C@H](O)C[C@@H]12,COc1ccc2c(c1)CC[C@@H]1[C@@H]2CC[C@@]2(C)C=CC[C@@H]12.B1C2CCCC1CCC2.[OH-].[Na+].OO.C1CCOC1.O
223,beam,True,True,1.0,4,CCc1cccc(NC(N)=S)c1,CCc1cccc(NC(N)=S)c1,CCc1cccc(N=C=S)c1.N.CO
224,beam,False,False,1.0,5,CCOC(=O)c1ccc2cc(C(=O)OCC)n(C[C@H](C)S(=O)(=O)O)c2c1,CCOC(=O)c1ccc2cc(C(=O)OCC)n([C@H](C)CNC(=O)OC(C)(C)C)c2c1,[H-].[Na+].CCOC(=O)c1ccc2cc(C(=O)OCC)[nH]c2c1.C[C@H]1CN(C(=O)OC(C)(C)C)S(=O)(=O)O1.CN(C)C=O
225,beam,False,True,1.0,5,COC(=O)c1cccc(NS(=O)(=O)C(F)(F)F)c1,COC(=O)c1cccc(N(S(=O)(=O)C(F)(F)F)S(=O)(=O)C(F)(F)F)c1,O=S(=O)(OS(=O)(=O)C(F)(F)F)C(F)(F)F.COC(=O)c1cccc(N)c1.CCN(C(C)C)C(C)C.ClCCl
226,beam,True,True,1.0,4,O=C(c1cc(I)c(O)c(I)c1)N1CCOc2ccccc21,O=C(c1cc(I)c(O)c(I)c1)N1CCOc2ccccc21,c1ccc2c(c1)NCCO2.O=C(Cl)c1cc(I)c(O)c(I)c1.CCOC(C)=O
227,beam,True,True,1.0,5,CCOc1cc(-c2ccccc2)cc(C=O)c1O,CCOc1cc(-c2ccccc2)cc(C=O)c1O,CCOc1cc(Br)cc(C=O)c1O.OB(O)c1ccccc1
228,beam,False,False,1.0,5,COc1ccc(C(=O)Nc2cc3c(cc2N)N(CCCN2CCOCC2)C(=O)C3(C)C)cc1,COc1ccc(-c2nc3cc4c(cc3[nH]2)C(C)(C)C(=O)N4CCCN2CCOCC2)cc1,COc1ccc(C(=O)Nc2cc3c(cc2[N+](=O)[O-])N(CCCN2CCOCC2)C(=O)C3(C)C)cc1.[Ni]
229,beam,True,True,1.0,4,O=C(CN1CCNCC1)NC1C2CC3CC(C2)CC1C3,O=C(CN1CCNCC1)NC1C2CC3CC(C2)CC1C3,CC(C)(C)OC(=O)N1CCN(CC(=O)NC2C3CC4CC(C3)CC2C4)CC1.O=C(O)C(F)(F)F.ClCCl
230,beam,False,False,1.0,5,OC[C@H](Cc1ccccc1)Nc1ncnc2c1cnn2-c1ccccc1,OCCCc1ccccc1,Clc1ncnc2c1cnn2-c1ccccc1.CCN(CC)CC.N[C@@H](CO)Cc1ccccc1.CCO
231,beam,True,True,1.0,4,COC(=O)c1cc(Cl)cc(CO)c1,COC(=O)c1cc(Cl)cc(CO)c1,COC(=O)c1cc(Cl)cc(C(=O)OC)c1.[BH4-].[Na+].CO.ClCCl
232,beam,True,True,1.0,5,CC(C)(C)Oc1ccc2cc(Br)ccc2c1,CC(C)(C)Oc1ccc2cc(Br)ccc2c1,Oc1ccc2cc(Br)ccc2c1.C=C(C)C.ClCCl.O=S(=O)(O)C(F)(F)F
233,beam,False,False,1.0,5,COC(=O)CNC(=O)[C@H](Cc1ccccc1)NC(=O)OCc1ccccc1,O=C1CNC(=O)[C@H](Cc2ccccc2)N1,O=C(N[C@@H](Cc1ccccc1)C(=O)O)OCc1ccccc1.COC(=O)CN.CO.[Pd]
234,beam,False,False,1.0,4,CC(C)(C)[Si](C)(C)OCc1cncc(Br)c1,COC(=O)c1cncc(Br)c1,OCc1cncc(Br)c1.c1c[nH]cn1.CC(C)(C)[Si](C)(C)Cl.CN(C)C=O
235,beam,True,True,1.0,4,CC(C)(C)OC(=O)NCC(=O)NCC(F)(F)F,CC(C)(C)OC(=O)NCC(=O)NCC(F)(F)F,CCN(C(C)C)C(C)C.CC(C)(C)OC(=O)NCC(=O)O.c1ccc2c(c1)nnn2O[P+](N1CCCC1)(N1CCCC1)N1CCCC1.F[P-](F)(F)(F)(F)F.NCC(F)(F)F.ClCCl
236,beam,False,False,1.0,4,COC(CNC(=O)Nc1cccc(Br)c1)OC,O=c1[nH]ccn1-c1cccc(Br)c1,O=C=Nc1cccc(Br)c1.COC(CN)OC.ClCCl
237,beam,False,True,1.0,5,CNC1=NC(=O)[C@H]([C@H](C)c2c[nH]c3ccccc23)O1,C[C@H](c1c[nH]c2ccccc12)[C@@H]1OC(N(C)C(=O)C(F)(F)F)=NC1=O,CNC1=NC(=O)[C@H]([C@H](C)c2c[nH]c3ccccc23)O1.C1CCOC1.CCN(CC)CC.O=C(OC(=O)C(F)(F)F)C(F)(F)F.CCOC(C)=O
238,beam,False,True,1.0,5,CN(C)c1nc2nc(N3CCN(Cc4ccccc4)CC3)nc(N(C)C)c2nc1Cl,CN(C)c1nc2nc(N3CCNCC3)nc(N(C)C)c2nc1OCc1ccccc1,CN(C)c1nc2nc(N3CCNCC3)nc(N(C)C)c2nc1Cl.OCc1ccccc1
239,beam,False,False,1.0,5,CC(=CC(=O)OCC1COC(C)(C)O1)CCCC(C)CCCC(C)CCCC(C)C,CC(=CC(=O)OCC(O)CO)CCCC(C)CCCC(C)CCCC(C)C,CC(=CC(=O)O)CCCC(C)CCCC(C)CCCC(C)C.CS(=O)(=O)Cl.CC1(C)OCC(CO)O1.Cl.CN(C)c1ccncc1.ClCCl.CC#N.CCOC(C)=O.CCN(CC)CC
240,beam,True,True,1.0,5,CC1(C)CCN(C2CC2)c2ccc(C#Cc3ccc(C(=O)O)cc3)cc21,CC1(C)CCN(C2CC2)c2ccc(C#Cc3ccc(C(=O)O)cc3)cc21,CCOC(=O)c1ccc(C#Cc2ccc3c(c2)C(C)(C)CCN3C2CC2)cc1.[OH-].[Na+].CCO
241,beam,True,True,1.0,3,Nc1cccc2c1NC(=O)CC2,Nc1cccc2c1NC(=O)CC2,CC(=O)Nc1cccc2c1NC(=O)CC2.[OH-].[Na+].Cl
242,beam,True,True,1.0,5,COCCOc1ccc(F)c(F)c1,COCCOc1ccc(F)c(F)c1,Oc1ccc(F)c(F)c1.[H-].[Na+].COCCBr.O.CN(C)C=O
243,beam,True,True,1.0,4,CC(C)S(=O)(=O)Oc1ccc(CCOc2ccc(C=C3SC(=O)NC3=O)cc2)cc1,CC(C)S(=O)(=O)Oc1ccc(CCOc2ccc(C=C3SC(=O)NC3=O)cc2)cc1,CC(C)S(=O)(=O)Oc1ccc(CCOc2ccc(C=O)cc2)cc1.O=C1CSC(=O)N1.Cc1ccccc1.O.C1CCNCC1.CC(=O)O.CC(C)=O
244,beam,False,True,1.0,4,Nc1nnc(Cl)cc1C1=CCCCC1=O,Nc1nnc(Cl)cc1C1=CCCCC12OCCO2,CC1(C)OB(C2=CCCCC23OCCO3)OC1(C)C.Nc1nnc(Cl)cc1Br.O=C([O-])[O-].[Cs+].[Cs+].C1COCCO1.c1ccc([P](c2ccccc2)(c2ccccc2)[Pd]([P](c2ccccc2)(c2ccccc2)c2ccccc2)([P](c2ccccc2)(c2ccccc2)c2ccccc2)[P](c2ccccc2)(c2ccccc2)c2ccccc2)cc1.O
245,beam,True,True,1.0,3,CC(C)(C)[Si](C)(C)OCCOc1ccc(N)cc1OC(F)F,CC(C)(C)[Si](C)(C)OCCOc1ccc(N)cc1OC(F)F,CC(C)(C)[Si](C)(C)OCCOc1ccc([N+](=O)[O-])cc1OC(F)F.O=C[O-].[NH4+].CCO.[Pd]
246,beam,False,True,1.0,5,O=[N+]([O-])c1cnc(Br)cc1NCc1cccc(Cl)c1Cl,O=[N+]([O-])c1cnc(Br)cc1NCc1ccccc1OC(F)(F)F,NCc1ccccc1OC(F)(F)F.O=[N+]([O-])c1cnc(Br)cc1NCc1cccc(Cl)c1Cl
247,beam,False,False,1.0,5,N#Cc1ccc2c(c1)Sc1ccc(COCc3ccc4c(c3)Sc3cc(C#N)ccc3CC4)cc1CC2,N#Cc1ccc2c(c1)Sc1c(CBr)cccc1CC2,N#Cc1ccc2c(c1)Sc1ccc(CBr)cc1CC2.N#Cc1ccc2c(c1)Sc1c(CO)cccc1CC2
248,beam,False,False,1.0,5,O=C(O)CC(O)(CC(=O)O)C(=O)O,OC(c1ccccc1)C(O)c1nnn(-c2cccc(Cl)c2)n1,Clc1cccc(-n2nnc(C=Cc3ccccc3)n2)c1.O=C(O)CC(O)(CC(=O)O)C(=O)O.CC(C)(C)O.C[N+]1([O-])CCOCC1.O
249,beam,False,False,1.0,5,C=CC[C@@H]1C(O)CCN(c2ccc(C(C)C)cc2)[C@H]1c1ccc(C(F)(F)F)cc1,C=CC[C@@H]1C(=O)CCN(c2ccc(C(C)C)cc2)[C@H]1c1ccc(C(F)(F)F)cc1,CCC(C)[BH-](C(C)CC)C(C)CC.[Li+].C=CC[C@@H]1C(=O)C=CN(c2ccc(C(C)C)cc2)[C@H]1c1ccc(C(F)(F)F)cc1.C1CCOC1
250,beam,True,True,1.0,5,COc1cc(I)ccc1C(=O)N1Cc2cccn2Cc2ccccc21,COc1cc(I)ccc1C(=O)N1Cc2cccn2Cc2ccccc21,COc1cc(I)ccc1C(=O)O.c1ccc2c(c1)Cn1cccc1CN2.CCN(C(C)C)C(C)C.O=S(Cl)Cl.ClCCl
251,beam,False,True,1.0,5,O=CC=Cc1ccccn1,O=C/C=C/c1ccccn1,O=Cc1ccccn1.O=CC=P(c1ccccc1)(c1ccccc1)c1ccccc1.Cc1ccccc1
252,beam,False,False,1.0,5,CC(C)C(O)c1cn(C(c2ccccc2)(c2ccccc2)c2ccccc2)cn1,CC(C)C(O)(c1ccc2cc(C3=NC(C)(C)CO3)ccc2c1)c1c[nH]cn1,CC1(C)COC(c2ccc3cc(Br)ccc3c2)=N1.CC(C)C(O)c1cn(C(c2ccccc2)(c2ccccc2)c2ccccc2)cn1
253,beam,True,True,1.0,4,N[C@@H]1CCN(Cc2ccccc2)C[C@H]1O,N[C@@H]1CCN(Cc2ccccc2)C[C@H]1O,O=C(N[C@@H]1CCN(Cc2ccccc2)C[C@H]1O)c1ccccc1.Cl
254,beam,False,False,1.0,5,COc1ccc(F)c(C(O)c2cc(Cl)ccc2NC(=O)CC(S)C(=O)O)c1OC,COc1ccc(F)c([C@H]2S[C@H](CC(=O)O)C(=O)Nc3ccc(Cl)cc32)c1OC,COc1ccc(F)c(C(O)c2cc(Cl)ccc2N)c1OC.O=C(O)CC(S)C(=O)O.Cl.C1COCCO1.C1COCCO1
255,beam,False,True,1.0,4,COc1nc(Cl)c(Cl)cc1NS(=O)(=O)Cc1cc(Cl)cc(Cl)c1,O=S(=O)(Cc1cc(Cl)cc(Cl)c1)Nc1cc(Cl)c(Cl)nc1O,O=S(=O)(Cl)Cc1cc(Cl)cc(Cl)c1.COc1nc(Cl)c(Cl)cc1N
256,beam,False,False,1.0,5,CCOC(=O)C(CC(C)=O)C(C)=O,Cc1occc1C(=O)O,COC(CCl)OC.O.Cl.CCOC(=O)CC(C)=O.c1ccncc1
257,beam,False,True,1.0,5,CO[C@H]1CC[C@H](n2c(=O)cc(Br)c3c(C)nc(N)nc32)CC1,CO[C@H]1CC[C@H](n2c(=O)c(Br)cc3c(C)nc(N)nc32)CC1,CO[C@H]1CC[C@H](n2c(=O)ccc3c(C)nc(N)nc32)CC1.O=C1CCC(=O)N1Br.CN(C)C=O.COC(C)(C)C
258,beam,True,True,1.0,2,CC1C[C@@]2(O)[C@H]3Cc4ccc(O)c5c4[C@@]2(CCN3CC2CC2)[C@@H](O5)C1=O,CC1C[C@@]2(O)[C@H]3Cc4ccc(O)c5c4[C@@]2(CCN3CC2CC2)[C@@H](O5)C1=O,CC1C[C@@]2(O)[C@H]3Cc4ccc(OCc5ccccc5)c5c4[C@@]2(CCN3CC2CC2)[C@@H](O5)C1=O.CO.[Pd]
259,beam,True,True,1.0,5,O=C(O)c1ccc(OCc2ccccc2)cc1OCc1ccccc1,O=C(O)c1ccc(OCc2ccccc2)cc1OCc1ccccc1,O=C(O)c1ccc(O)cc1O.O=C([O-])[O-].[K+].[K+].ClCc1ccccc1.Cl.O=S1(=O)CCCC1.O
260,beam,True,True,1.0,5,O=C(O)c1ccc(S(=O)(=O)Cl)cc1,O=C(O)c1ccc(S(=O)(=O)Cl)cc1,O=C(O)c1ccc(S(=O)(=O)O)cc1.[K].O=S(=O)(O)Cl
261,beam,False,False,1.0,5,COc1cn(-c2cccnc2)nc(C(=O)/C=C/N(C)C)c1=O,COc1cn(-c2cccnc2)nc(-c2ccnn2C)c1=O,COc1cn(-c2cccnc2)nc(C(C)=O)c1=O.COC(OC)N(C)C.CC#N
262,beam,False,False,1.0,5,Cc1ccc2c(c1)C[C@@H](N1CCN(CCN3CCOC3=O)CC1)c1cc(F)ccc1S2,Cc1ccc2c(c1)CC(O)c1cc(F)ccc1S2,Cc1ccc2c(c1)C[C@@H](N1CCN(CCN3CCOC3=O)CC1)c1cc(F)ccc1S2.ClC(Cl)Cl.CS(=O)(=O)O.c1ccccc1
263,beam,False,True,1.0,5,FC(F)(F)C(Br)=Cc1cc(Cl)cc(Cl)c1,FC(F)(F)C1(c2cc(Cl)cc(Cl)c2)CC(Br)=NO1,ON=C(Br)Br.C=C(c1cc(Cl)cc(Cl)c1)C(F)(F)F.O=C([O-])O.[Na+].O.CCOC(C)=O
264,beam,False,False,1.0,5,Cc1cccc(C(=O)N2CCCC2)c1-c1ccc2[nH]c(CN3C[C@@H]4C[C@H]3CO4)nc2c1,Cc1cccc(C(=O)N2CCCC2)c1-c1ccc2nc(N)c(N3C[C@@H]4C[C@H]3CO4)cc2c1,Cc1cccc(C(=O)N2CCCC2)c1-c1ccc(N)c(C=O)c1.N#CCN1C[C@@H]2C[C@H]1CO2.[OH-].[K+].CS(C)=O
265,beam,False,True,1.0,2,Cc1ccc(C(=O)Nc2nc3c(C(=O)O)cn(C(C)(C)C)c3s2)cc1,Cc1ccc(C(=O)Nc2nc3c(s2)c(C(=O)O)cn3C(C)(C)C)cc1,CCOC(=O)c1cn(C(C)(C)C)c2nc(NC(=O)c3ccc(C)cc3)sc12.[OH-].[Li+].C1CCOC1.O
266,beam,False,False,1.0,4,COc1ccc2c(c1)NCC(=O)N2,COc1ccc(C(=O)CCl)c(NC(C)=O)c1,COc1ccc(C(=O)CCl)c(N)c1.CC(=O)O
267,beam,True,True,1.0,2,CNC(=O)c1cn(C(C)c2ccc(C#N)cc2)c(C)c(Br)c1=O,CNC(=O)c1cn(C(C)c2ccc(C#N)cc2)c(C)c(Br)c1=O,Cc1c(Br)c(=O)c(C(=O)O)cn1C(C)c1ccc(C#N)cc1.CN(C)C(On1nnc2ccccc21)=[N+](C)C.F[P-](F)(F)(F)(F)F.CCN(C(C)C)C(C)C.CN.CN(C)C=O.CO
268,beam,False,True,1.0,5,CN(C)C(=O)n1cc(C(=O)C=C(OC(=O)c2ccccc2)C(=O)OC(c2ccccc2)c2ccccc2)c2cc(Cl)ccc21,CN(C)C(=O)n1cc(C(=O)C=C(O)C(=O)OC(c2ccccc2)c2ccccc2)c2cc(Cl)ccc21,O=C(OC(c1ccccc1)c1ccccc1)C(O)=CC(=O)c1c[nH]c2ccc(Cl)cc12.[H-].[Na+].CN(C)C(=O)Cl.[Cl-].[NH4+].C1CCOC1
269,beam,True,True,1.0,3,CS(=O)(=O)N1CCC(Oc2ccc(Cl)cn2)CC1,CS(=O)(=O)N1CCC(Oc2ccc(Cl)cn2)CC1,Clc1ccc(OC2CCNCC2)nc1.CCN(CC)CC.CS(=O)(=O)Cl.ClCCl
270,beam,True,True,1.0,5,Cc1cc(C(=O)N2CCCC(c3ccc(Cl)cc3C(F)(F)F)C2)ccn1,Cc1cc(C(=O)N2CCCC(c3ccc(Cl)cc3C(F)(F)F)C2)ccn1,CN(C)c1cc(C(=O)N2CCCC(c3ccccc3F)C2)ccn1.Cl.FC(F)(F)c1cc(Cl)ccc1C1CCCNC1.Cc1cc(C(=O)O)ccn1
271,beam,True,True,1.0,5,Cc1csc(NC(=O)c2nc(Oc3ccccc3)ccc2Cl)n1,Cc1csc(NC(=O)c2nc(Oc3ccccc3)ccc2Cl)n1,Oc1ccccc1.O=C([O-])[O-].[Cs+].[Cs+].Cc1csc(NC(=O)c2nc(Cl)ccc2Cl)n1.[OH-].[Na+].CN(C)C=O
272,beam,False,False,1.0,5,CCCCCN1C(=O)C(CO)(c2cc3c(cc2O)OCO3)c2c(Cl)ccc(Cl)c21,CCOC(=O)CN1C(=O)C2(COc3cc4c(cc32)CCO4)c2c(Cl)cccc21,CCOC(=O)CN1C(=O)C(CO)(c2cc3c(cc2O)OCC3)c2c(Cl)cccc21.CCCCCN1C(=O)C(CO)(c2cc3c(cc2O)OCO3)c2c(Cl)ccc(Cl)c21
273,beam,True,True,1.0,3,CN1CCN(c2cc(-c3ccc4c(c3)CN(C(=O)Nc3nccs3)CC4)nc(N)n2)CC1,CN1CCN(c2cc(-c3ccc4c(c3)CN(C(=O)Nc3nccs3)CC4)nc(N)n2)CC1,Nc1nccs1.O=C(Cl)Cl.Cl.CN1CCN(c2cc(-c3ccc4c(c3)CNCC4)nc(N)n2)CC1
274,beam,True,True,1.0,4,C=CCOc1cc(-c2nc(CNC(=O)c3ccccc3OC(F)F)co2)ccc1OC,C=CCOc1cc(-c2nc(CNC(=O)c3ccccc3OC(F)F)co2)ccc1OC,COc1ccc(-c2nc(CNC(=O)c3ccccc3OC(F)F)co2)cc1O.C=CCBr
275,beam,True,True,1.0,4,O=C(Nc1ccccc1)c1ccc(C(=O)Nc2ccccc2)cc1,O=C(Nc1ccccc1)c1ccc(C(=O)Nc2ccccc2)cc1,Nc1ccccc1.O=C(Cl)c1ccc(C(=O)Cl)cc1.Cl.[OH-].[Na+].CC(C)=O
276,beam,False,True,1.0,4,CN(CC(=O)O)CC(=O)O,CN(CC(=O)O)C(=N)N,CNCC(=O)O.N#CN
277,beam,True,True,1.0,3,Nc1ccc(Oc2ccnc(NCc3ccccn3)c2)c2ccccc12,Nc1ccc(Oc2ccnc(NCc3ccccn3)c2)c2ccccc12,CC(C)(C)OC(=O)Nc1ccc(Oc2ccnc(NCc3ccccn3)c2)c2ccccc12.O=C(O)C(F)(F)F.ClCCl.Cc1ccccc1
278,beam,True,True,1.0,2,COC(=O)c1ccc(S(=O)(=O)N(Cc2ccc(C)cc2)c2ncc(C(F)(F)F)cc2Cl)cc1,COC(=O)c1ccc(S(=O)(=O)N(Cc2ccc(C)cc2)c2ncc(C(F)(F)F)cc2Cl)cc1,COC(=O)c1ccc(S(=O)(=O)Nc2ncc(C(F)(F)F)cc2Cl)cc1.Cc1ccc(CBr)cc1
279,beam,False,False,1.0,5,O=Cc1cc(Cl)ccc1OCS(=O)(=O)N1CCN(C=O)CC1,O=CN1CCN(S(=O)(=O)c2cc3cc(Cl)ccc3o2)CC1,O=CN1CCN(S(=O)(=O)CCl)CC1.O=Cc1cc(Cl)ccc1O.O=C([O-])[O-].[K+].[K+].CN(C)C=O
280,beam,False,False,1.0,5,COc1ccccc1-n1nc(C(C)C)nc1C1CCN(CCCC2OCCO2)CC1,COc1cccc2c(CCN3CCC(c4cccc(NC(=O)C(C)C)c4)CC3)c[nH]c12,CC(C)C(=O)Nc1cccc(C2CCN(CCCC3OCCO3)CC2)c1.Cl.COc1ccccc1NN
281,beam,True,True,1.0,4,CC(CN)(NC(CO)c1ccccc1)C(F)(F)F,CC(CN)(NC(CO)c1ccccc1)C(F)(F)F,CC(C#N)(NC(CO)c1ccccc1)C(F)(F)F.[H-].[Al+3].[Li+].[H-].[H-].[H-].COC(C)(C)C
282,beam,True,True,1.0,5,COc1cccc2c1-c1nc(N)nc(-c3ccc(F)cc3)c1C2,COc1cccc2c1-c1nc(N)nc(-c3ccc(F)cc3)c1C2,[OH-].[Na+].Cl.N=C(N)N.COc1cccc2c1C(=O)C(=Cc1ccc(F)cc1)C2.CCO
283,beam,True,True,1.0,2,CC(C)(C)NNc1nc(Cl)ncc1F,CC(C)(C)NNc1nc(Cl)ncc1F,Fc1cnc(Cl)nc1Cl.Cl.CC(C)(C)NN.CCN(CC)CC.C1CCOC1.CCO
284,beam,True,True,1.0,4,O=C1C(=Cn2ccnc2)C(c2ccccc2)c2ccccc21,O=C1C(=Cn2ccnc2)C(c2ccccc2)c2ccccc21,O=C1C(=CO)C(c2ccccc2)c2ccccc21.O=C(c1ncc[nH]1)c1ncc[nH]1
285,beam,False,False,1.0,5,C=CCOC(=O)c1ccccc1C(=O)OCC=C,C=CC(=O)OCCO,C=CCOC(=O)c1ccccc1C(=O)OCC=C.CC(C)(c1ccc(O)cc1)c1ccc(O)cc1
286,beam,True,True,1.0,5,NC(=O)OCC1c2c(O)cc(C=NO)cc2N2CC3NC3C1(O)O2,NC(=O)OCC1c2c(O)cc(C=NO)cc2N2CC3NC3C1(O)O2,NC(=O)OCC1c2c(O)cc(C=O)cc2N2CC3NC3C1(O)O2.Cl.NO.O=C([O-])O.[Na+].CO
287,beam,True,True,1.0,4,Cc1noc(C)c1-c1ccc(Br)cc1,Cc1noc(C)c1-c1ccc(Br)cc1,OB(O)c1ccc(Br)cc1.Cc1noc(C)c1I.O=C([O-])O.[Na+].COCCOC.O.[Cl][Pd]([Cl])([P](c1ccccc1)(c1ccccc1)c1ccccc1)[P](c1ccccc1)(c1ccccc1)c1ccccc1
288,beam,True,True,1.0,5,COc1cc(COc2cc(NC(=O)c3ccc(N4CC5CCCNC5C4)cc3)[nH]n2)cc(OC)c1,COc1cc(COc2cc(NC(=O)c3ccc(N4CC5CCCNC5C4)cc3)[nH]n2)cc(OC)c1,COC(=O)c1ccc(N2CC3CCCNC3C2)cc1.Cl.COc1cc(COc2cc(N)[nH]n2)cc(OC)c1.[CH3][Al]([CH3])[CH3].Cc1ccccc1
289,beam,True,True,1.0,5,Cc1ncsc1CCCCCCC(O)C(=O)NCc1nnc(-c2ccc(OCc3cccc(F)c3)cc2)s1,Cc1ncsc1CCCCCCC(O)C(=O)NCc1nnc(-c2ccc(OCc3cccc(F)c3)cc2)s1,Cc1ncsc1CCCCCCC(O)C(=O)O.O.On1nnc2ccccc21.Cl.CCN=C=NCCCN(C)C.CCN(CC)CC.NCc1nnc(-c2ccc(OCc3cccc(F)c3)cc2)s1.CN(C)C=O
290,beam,False,False,1.0,5,COCCNC(=O)c1c(O)c2ncc(Cc3ccc(F)cc3)cc2n(CC(=O)N(C)C)c1=O,COCCNC(=O)c1c([O-])c2ncc(Cc3ccc(F)cc3)cc2n(CC(=O)N(C)C)c1=O,COCCNC(=O)c1c(O)c2ncc(Cc3ccc(F)cc3)cc2n(CC(=O)N(C)C)c1=O.[OH-].[Na+].CCO
291,beam,True,True,1.0,3,O=C(Nc1ccc(Cl)c(-c2ccccn2)c1)c1ccc(CS(=O)(=O)c2ccccn2)cc1,O=C(Nc1ccc(Cl)c(-c2ccccn2)c1)c1ccc(CS(=O)(=O)c2ccccn2)cc1,Nc1ccc(Cl)c(-c2ccccn2)c1.O=C(O)c1ccc(CS(=O)(=O)c2ccccn2)cc1
292,beam,False,False,1.0,5,CN(CC(F)(F)F)c1c(-c2c(F)cc(F)cc2F)c(Cl)nc2ncnn12,Cn1cnn2c(=NCC(F)(F)F)c(-c3c(F)cc(F)cc3F)c(Cl)nc12,Fc1cc(F)c(-c2c(Cl)nc3ncnn3c2NCC(F)(F)F)c(F)c1.CI.[H-].[Na+].CS(C)=O.CCOC(C)=O
293,beam,True,True,1.0,5,CCOC(=O)C(c1ccccc1)n1cc(C=O)cn1,CCOC(=O)C(c1ccccc1)n1cc(C=O)cn1,O=P(Cl)(Cl)Cl.CCOC(=O)C(c1ccccc1)n1cccn1.CN(C)C=O
294,beam,True,True,1.0,5,C[C@H](NC(=O)OC(C)(C)C)C(=O)N[C@@H](C)C(=O)N[C@@H](C)C(=O)NCCCO,C[C@H](NC(=O)OC(C)(C)C)C(=O)N[C@@H](C)C(=O)N[C@@H](C)C(=O)NCCCO,C[C@H](NC(=O)[C@H](C)NC(=O)[C@H](C)NC(=O)OC(C)(C)C)C(=O)O.NCCCO.C1CCOC1.CN(C)C=O
295,beam,False,False,1.0,5,COC(=O)[C@H](CCOC(=O)N1CCN(c2cccc(C(F)(F)F)c2)CCC1=O)N1CCN(c2cccc(C(F)(F)F)c2)CCC1=O,COC(=O)[C@H](CC=O)N1CCN(c2cccc(C(F)(F)F)c2)CCC1=O,COC(=O)[C@H](CCO)N1CCN(c2cccc(C(F)(F)F)c2)CCC1=O.O=C1OCC[C@@H]1N1CCN(c2cccc(C(F)(F)F)c2)CCC1=O
296,beam,True,True,1.0,5,COc1ccc(F)cc1-c1ccnc2[nH]c(C3=CCC(N4CCN(C(=O)OC(C)(C)C)CC4)CC3)cc12,COc1ccc(F)cc1-c1ccnc2[nH]c(C3=CCC(N4CCN(C(=O)OC(C)(C)C)CC4)CC3)cc12,COc1ccc(F)cc1-c1ccnc2[nH]c(C3=CCC(=O)CC3)cc12.CCN(CC)CC.CC(=O)O.CC(C)(C)OC(=O)N1CCNCC1.[BH3-]C#N.[Na+].[BH3-]C#N.ClCCl
297,beam,False,False,1.0,4,CC(C)Cn1c(=O)n(C)c(=O)c2c(Nc3ccccc3)nn(Cc3ccc(B4OC(C)(C)C(C)(C)O4)cc3)c21,CC(C)Cn1c(=O)n(C)c(=O)c2c(Nc3ccccc3)n(Cc3ccc(B4OC(C)(C)C(C)(C)O4)cc3)nc21,CC(C)Cn1c(=O)n(C)c(=O)c2c(Nc3ccccc3)n[nH]c21.CC1(C)OB(c2ccc(CBr)cc2)OC1(C)C.O=C([O-])[O-].[K+].[K+].CC(C)=O
298,beam,False,False,1.0,2,COc1cc(CCN(C)CCCC#N)cc(OC)c1,COc1cc(CCN(C)CCCCN)cc(OC)c1,CNCCc1cc(OC)cc(OC)c1.O=C([O-])[O-].[K+].[K+].N#CCCCBr.O.CN(C)C=O
299,beam,False,True,1.0,5,CCOC(O)C(O)c1ccc(OCc2ccccc2)c2c1OCC(=O)N2,CC1(C)OC(=O)N(CCC2(NCC(O)c3ccc(OCc4ccccc4)c4c3OCC(=O)N4)CC2)c2ccccc21,CCOC(O)C(=O)c1ccc(OCc2ccccc2)c2c1OCC(=O)N2.CC1(C)OC(=O)N(CCC2(N)CC2)c2ccccc21.[BH4-].[Na+].CC(=O)O.CCO
300,beam,True,True,1.0,5,N[C@@H]1C[C@H]1c1ccc(-c2cccc(C(F)(F)F)c2)nc1-c1ccc(Cl)cc1,N[C@@H]1C[C@H]1c1ccc(-c2cccc(C(F)(F)F)c2)nc1-c1ccc(Cl)cc1,Cl.CC(C)(C)OC(=O)N[C@@H]1C[C@H]1c1ccc(-c2cccc(C(F)(F)F)c2)nc1-c1ccc(Cl)cc1.C1COCCO1
301,beam,True,True,1.0,5,O=C(c1ccc(F)cc1)C1CCN(CC(O)CCN2C(=O)C3CCCCC3C2=O)CC1,O=C(c1ccc(F)cc1)C1CCN(CC(O)CCN2C(=O)C3CCCCC3C2=O)CC1,O=C1C2CCCCC2C(=O)N1CCC1CO1.O=C(c1ccc(F)cc1)C1CCNCC1.CCCCO
302,beam,True,True,1.0,4,CCOC(=O)Cc1ccc(OC(C)C)c(-c2ccc(F)c3c2CNCC3)c1,CCOC(=O)Cc1ccc(OC(C)C)c(-c2ccc(F)c3c2CNCC3)c1,CCOC(=O)Cc1ccc(OC(C)C)c(-c2ccc(F)c3c2CN(C(=O)OCc2ccccc2)CC3)c1.CCO.[Pd]
303,beam,False,False,1.0,5,O=Cc1cnccc1-c1ccccc1,N#Cc1cccc(-c2ccncc2C=O)c1,O=Cc1cnccc1Br.O=P([O-])([O-])[O-].[K+].[K+].[K+].C1COCCO1.CCOC(C)=O.c1ccc([P](c2ccccc2)(c2ccccc2)[Pd]([P](c2ccccc2)(c2ccccc2)c2ccccc2)([P](c2ccccc2)(c2ccccc2)c2ccccc2)[P](c2ccccc2)(c2ccccc2)c2ccccc2)cc1
304,beam,False,True,1.0,4,CCN(CC)C1CCN(C(=O)CCc2nccn2CC(=O)O)CC1,CCN(C)C1CCN(C(=O)CCc2nccn2CC(=O)O)CC1,[OH-].[Na+].CCOC(=O)Cn1ccnc1CCC(=O)N1CCC(N(C)CC)CC1.Cl.CCO
305,beam,True,True,1.0,3,Cc1ccnc(NC2CNC2)c1,Cc1ccnc(NC2CNC2)c1,Cc1ccnc(NC2CN(C(=O)OC(C)(C)C)C2)c1.O=C(O)C(F)(F)F.ClCCl
306,beam,True,True,1.0,5,COc1ccc(Cn2ccc(NC(=O)c3ccccc3F)n2)c(C(F)(F)F)c1,COc1ccc(Cn2ccc(NC(=O)c3ccccc3F)n2)c(C(F)(F)F)c1,C[Si](C)(C)[N-][Si](C)(C)C.[Li+].O=C(Nc1cc[nH]n1)c1ccccc1F.COc1ccc(CBr)c(C(F)(F)F)c1.C1CCOC1.CS(C)=O
307,beam,False,False,1.0,5,CC(=O)OCCc1ccc(C(O)(c2ccccc2)C(F)F)cc1,CC(=O)OCCc1ccc(C(F)(F)C(=O)c2ccccc2)cc1,O=C(c1ccccc1)C(F)F.CC(=O)OCCc1ccc(Br)cc1
308,beam,True,True,1.0,1,O=C(Oc1nsc2ncccc12)N1CCC(C(F)(F)F)CC1,O=C(Oc1nsc2ncccc12)N1CCC(C(F)(F)F)CC1,Oc1nsc2ncccc12.O=C(Cl)N1CCC(C(F)(F)F)CC1
309,beam,True,True,1.0,4,CCCCN1N=C(C)S/C1=C\C(=O)c1cc(Cl)ccc1Cl,CCCCN1N=C(C)S/C1=C\C(=O)c1cc(Cl)ccc1Cl,O=C(O)c1cc(Cl)ccc1Cl.CN(C)C(On1nnc2cccnc21)=[N+](C)C.F[P-](F)(F)(F)(F)F.CCN(C(C)C)C(C)C.[I-].CCCC[n+]1nc(C)sc1C
310,beam,False,False,1.0,5,Nc1nc(N)c2ncn([C@@H]3O[C@H](CO)[C@@H](O)[C@H]3F)c2n1,Nc1nc2c(ncn2[C@@H]2O[C@H](CO)[C@@H](O)[C@H]2F)c(=O)[nH]1,Nc1nc(N)c2ncn([C@@H]3O[C@H](CO)[C@@H](O)[C@H]3F)c2n1.Nc1ncnc2c1ncn2[C@@H]1O[C@H](CO)[C@@H](O)[C@H]1O.O
311,beam,True,True,1.0,3,O=Cc1cc(O)cc(Br)c1,O=Cc1cc(O)cc(Br)c1,[Li][CH2]CCC.CCC[CH2][Mg][Cl].Oc1cc(Br)cc(Br)c1.CN(C)C=O.Cc1ccccc1
312,beam,True,True,1.0,4,CC(C)CCNC(=O)c1cccc(Br)c1,CC(C)CCNC(=O)c1cccc(Br)c1,CC(C)CCN.[OH-].[Na+].O=C(Cl)c1cccc(Br)c1.ClCCl
313,beam,False,False,1.0,5,CC(=O)Nc1ccc(-c2cnc(NCc3ccncc3)nc2NC2CCN(Cc3ccccc3)CC2)cc1,CC(=O)Nc1ccc(-c2cnc(NCc3ccccn3)nc2NC2CCN(Cc3ccccc3)CC2)cc1,Brc1cnc(NCc2ccncc2)nc1NC1CCN(Cc2ccccc2)CC1.CC(=O)Nc1ccc(B(O)O)cc1.c1ccc(CN2CCC(Nc3nc(NCc4ccccn4)ncc3-c3ccsc3)CC2)cc1
314,beam,False,True,1.0,5,COc1ccc(CN(CC(=O)OCc2ccccc2)C(=O)CC(=O)O)cc1,COc1ccc(CN(CC(=O)OCc2ccccc2)C(=O)CC(C)=O)cc1,COc1ccc(CNCC(=O)OCc2ccccc2)cc1.Oc1ccccn1.C=C1CC(=O)O1.C1CCOC1
315,beam,False,True,1.0,5,Cc1cc(OCC2CCN(C(=N)S(=O)(=O)O)CC2)cc(OS(=O)(=O)c2ccccc2Cl)c1,Cc1cc(OCC2CCN(C=NN)CC2)cc(OS(=O)(=O)c2ccccc2Cl)c1,Cc1cc(OCC2CCNCC2)cc(OS(=O)(=O)c2ccccc2Cl)c1.CCN(C(C)C)C(C)C.NN=CS(=O)(=O)O.CN(C)C=O
316,beam,True,True,1.0,5,COCOc1ccc(N2CCN(c3ccc(N)cc3)CC2)cc1,COCOc1ccc(N2CCN(c3ccc(N)cc3)CC2)cc1,COCOc1ccc(N2CCN(c3ccc([N+](=O)[O-])cc3)CC2)cc1.O.NN.CCO.[Pd]
317,beam,True,True,1.0,4,CCC[C@H]1CC[C@H](c2ccc3cc(OS(=O)(=O)C(F)(F)F)ccc3c2)CC1,CCC[C@H]1CC[C@H](c2ccc3cc(OS(=O)(=O)C(F)(F)F)ccc3c2)CC1,CCC[C@H]1CC[C@H](c2ccc3cc(O)ccc3c2)CC1.O=S(=O)(OS(=O)(=O)C(F)(F)F)C(F)(F)F.c1ccncc1.O.ClCCl
318,beam,True,True,1.0,4,CC(C)(C)OC(=O)N1CCN(c2cc3nc(S)[nH]c3cc2F)CC1,CC(C)(C)OC(=O)N1CCN(c2cc3nc(S)[nH]c3cc2F)CC1,Fc1cc2[nH]c(S)nc2cc1N1CCNCC1.CC(C)(C)OC(=O)OC(=O)OC(C)(C)C.[OH-].[Na+].[K+].[Br-].ClC(Cl)Cl.C1COCCO1
319,beam,True,True,1.0,3,COc1cc(OS(C)(=O)=O)ccc1-c1nc2ccc(C(F)(F)F)cc2[nH]1,COc1cc(OS(C)(=O)=O)ccc1-c1nc2ccc(C(F)(F)F)cc2[nH]1,COc1cc(O)ccc1-c1nc2ccc(C(F)(F)F)cc2[nH]1.CS(=O)(=O)Cl
320,beam,True,True,1.0,4,COc1cc(C(=O)O)ccc1Nc1ncc2c(n1)N(C1CCCC1)CC(C)(C)C(=O)N2C,COc1cc(C(=O)O)ccc1Nc1ncc2c(n1)N(C1CCCC1)CC(C)(C)C(=O)N2C,CN1C(=O)C(C)(C)CN(C2CCCC2)c2nc(Cl)ncc21.COc1cc(C(=O)O)ccc1N.O=C(O)C(F)(F)F
321,beam,False,False,1.0,5,CCOC=C(C(C)=O)C(C)=Nc1cc(Cl)c(Cl)c(C(=O)O)c1Cl,CC(=O)C(=CNc1cc(Cl)c(Cl)c(C(=O)O)c1Cl)C(C)=O,CCOC=C(C(C)=O)C(C)=O.Nc1cc(Cl)c(Cl)c(C(=O)O)c1Cl.Cc1ccccc1
322,beam,True,True,1.0,5,CC(C)(C)OC(=O)N1CCC(Nc2nccc(C(F)(F)F)n2)CC1,CC(C)(C)OC(=O)N1CCC(Nc2nccc(C(F)(F)F)n2)CC1,FC(F)(F)c1ccnc(Cl)n1.CC(C)(C)OC(=O)N1CCC(N)CC1.CCN(CC)CC.CN(C)C=O
323,beam,False,False,1.0,3,CC1=NN(c2ccc(NC(=O)C(F)(F)F)cc2)C(=O)C1,CC(=O)Nc1ccc(N2N=C(C)CC2=O)cc1,CC1=NN(c2ccc(N)cc2)C(=O)C1.O=C(OC(=O)C(F)(F)F)C(F)(F)F
324,beam,True,True,1.0,4,C[C@@H](c1ccc(-c2ccc(C3(C#N)CC3)nn2)cc1)N1CC[C@](CC(C)(C)O)(c2ccccc2)OC1=O,C[C@@H](c1ccc(-c2ccc(C3(C#N)CC3)nn2)cc1)N1CC[C@](CC(C)(C)O)(c2ccccc2)OC1=O,C[C@@H](c1ccc(B2OC(C)(C)C(C)(C)O2)cc1)N1CC[C@](CC(C)(C)O)(c2ccccc2)OC1=O.N#CC1(c2ccc(Cl)nn2)CC1
325,beam,True,True,1.0,4,Nc1cc(F)c(N2CC3OC3C2)c(F)c1,Nc1cc(F)c(N2CC3OC3C2)c(F)c1,O=[N+]([O-])c1cc(F)c(N2CC3OC3C2)c(F)c1.[H][H].[Pd].CCOC(C)=O
326,beam,False,True,1.0,5,Cn1cc(-c2ccc3c(c2CO)CCN3)cn1,Cn1cc(-c2ccc3c(c2CO)CCN3C(=O)OC(C)(C)C)cn1,Cn1cc(-c2ccc3c(c2CO[Si](C)(C)C(C)(C)C)CCN3C(=O)OC(C)(C)C)cn1.Cl.O.O=C([O-])O.[Na+].ClCCl.CCOC(C)=O
327,beam,False,False,1.0,5,COC(=O)CCc1ccc(C(=O)C2C(=O)N(C(C)=O)c3cc(Cl)ccc32)cc1,COC(=O)CCc1ccc(C(O)=C2C(=O)N(C(C)=O)c3cc(Cl)ccc32)cc1,CC(=O)N1C(=O)Cc2ccc(Cl)cc21.COC(=O)CCc1ccc(C(=O)O)cc1
328,beam,True,True,1.0,5,CCCCCCCCCCCCCCCCOc1ccc(OCC(=O)NCCc2ccccn2)cc1,CCCCCCCCCCCCCCCCOc1ccc(OCC(=O)NCCc2ccccn2)cc1,CCCCCCCCCCCCCCCCOc1ccc(OCC(=O)Cl)cc1.NCCc1ccccn1.c1ccncc1.O=C([O-])O.[Na+].ClCCl.ClC(Cl)Cl
329,beam,False,False,1.0,4,Cc1[nH]c(C(=O)O)c(C)c1C1CCN(C)CC1,Cc1[nH]c(C=O)c(C)c1C1CCN(C)CC1,Cc1[nH]c(C(=O)O)c(C)c1C1CCN(C)CC1.CCOC(OCC)OCC.O=C(O)C(F)(F)F
330,beam,False,True,1.0,4,COc1ccc(C(C#N)=Cc2ccc([N+](=O)[O-])s2)cc1OC,COc1ccc(/C(C#N)=C/c2ccc([N+](=O)[O-])s2)cc1OC,O=Cc1ccc([N+](=O)[O-])s1.COc1ccc(CC#N)cc1OC
331,beam,True,True,1.0,4,COc1ccc(N2CCOCC2)cc1NC(=O)c1nc2ccccc2[nH]1,COc1ccc(N2CCOCC2)cc1NC(=O)c1nc2ccccc2[nH]1,O=C(O)c1nc2ccccc2[nH]1.O=C(n1ccnc1)n1ccnc1.COc1ccc(N2CCOCC2)cc1N
332,beam,False,False,1.0,4,COC(=O)Cn1cc(-c2ccc(Cl)cc2Cl)nc1/C=C/c1ccc(-c2ccc(OC)cc2)cc1,COc1ccc(-c2ccc(/C=C/c3nc(-c4ccc(Cl)cc4Cl)cn3CC(=O)O)cc2)cc1,COc1ccc(-c2ccc(/C=C/c3nc(-c4ccc(Cl)cc4Cl)c[nH]3)cc2)cc1.COC(=O)CBr
333,beam,False,False,1.0,5,COc1cccc(-c2c(-c3ccncc3)nn3c(-c4ccncc4)ccnc23)c1,COc1cccc(-c2c(-c3ccncc3)nn3c(-c4ccnc(Cl)c4)ccnc23)c1,COc1cccc(-c2c(-c3ccncc3)nn3c(-c4cc[n+]([O-])cc4)ccnc23)c1.O=P(Cl)(Cl)Cl
334,beam,False,False,1.0,5,[N-]=[N+]=Nc1ccc(Cl)c(S(N)(=O)=O)c1O,NS(=O)(=O)c1c(Cl)ccc(NC(=O)Nc2cnnn2-c2ccccc2)c1O,Nc1ccc(Cl)c(S(N)(=O)=O)c1O.[N-]=[N+]=NC(=O)c1cnnn1-c1ccccc1.CN(C)C=O
335,beam,False,False,1.0,4,CC(=O)N1CCc2ccc(NS(=O)(=O)c3ccc(F)cc3)cc21,Fc1cccc(C=Cc2c[nH]c3ccccc23)c1,O=S(=O)(Cl)c1ccc(F)cc1.CC(=O)N1CCc2ccc(N)cc21.c1ccncc1
336,beam,True,True,1.0,4,Cc1cc(-c2cnn3c(C(F)F)cc(-c4ccc(C(F)(F)F)cc4)nc23)ccn1,Cc1cc(-c2cnn3c(C(F)F)cc(-c4ccc(C(F)(F)F)cc4)nc23)ccn1,O=C(CC(=O)C(F)F)c1ccc(C(F)(F)F)cc1.Cc1cc(-c2c[nH]nc2N)ccn1
337,beam,False,False,1.0,5,Cc1ccccc1C[C@H](NC(=O)[C@H](N)CCC(=O)O)C(C)(C)C,N[C@@H](CC1CCCC1)C(=O)OCc1ccccc1,Cc1ccccc1C[C@H](NC(=O)[C@H](CCC(=O)OC(C)(C)C)NC(=O)OCC1c2ccccc2-c2ccccc21)C(=O)N[C@H](C(=O)N[C@@H](CC1CCCC1)C(=O)OCc1ccccc1)C(C)(C)C.On1nnc2ccccc21.Cl.CCN=C=NCCCN(C)C.C1CCNCC1.ClCCl
338,beam,True,True,1.0,4,COc1cc(OCC2CO2)cc(-c2nc(N3CCOCC3)c3cnn(C(C)C)c3n2)c1,COc1cc(OCC2CO2)cc(-c2nc(N3CCOCC3)c3cnn(C(C)C)c3n2)c1,COc1cc(O)cc(-c2nc(N3CCOCC3)c3cnn(C(C)C)c3n2)c1.O=C([O-])[O-].[K+].[K+].ClCC1CO1.CC#N
339,beam,True,True,1.0,4,COc1cc2c(cc(C=O)n2C)c(OC)c1OC,COc1cc2c(cc(C=O)n2C)c(OC)c1OC,COc1cc2c(cc(CO)n2C)c(OC)c1OC.c1ccccc1.[O-2].[O-2].[Mn+4]
340,beam,True,True,1.0,5,COC(=O)c1ccc(CN2CC3CN(C(=O)OC(C)(C)C)CC3C2)c(Cl)c1,COC(=O)c1ccc(CN2CC3CN(C(=O)OC(C)(C)C)CC3C2)c(Cl)c1,COC(=O)c1ccc(C=O)c(Cl)c1.CC(C)(C)OC(=O)N1CC2CNCC2C1
341,beam,True,True,1.0,4,Cc1cc(C)c(CNC(=O)c2ccc(Oc3cccc(Br)c3C#N)c(Cl)c2)c(O)n1,Cc1cc(C)c(CNC(=O)c2ccc(Oc3cccc(Br)c3C#N)c(Cl)c2)c(O)n1,N#Cc1c(Br)cccc1Oc1ccc(C(=O)O)cc1Cl.Cl.CCN=C=NCCCN(C)C.On1nnc2ccccc21.Cc1cc(C)c(CN)c(O)n1.O.ClCCl.CCN(CC)CC
342,beam,False,True,1.0,5,COc1ccc(C2=NN(Cc3ccccc3)C(=O)[C@H]3CCCC[C@@H]23)cc1OC,COc1ccccc1CN1N=C(c2ccc(OC)c(OC)c2)[C@@H]2CCCC[C@@H]2C1=O,COc1ccc(C2=NNC(=O)[C@H]3CCCC[C@@H]23)cc1OC.COc1ccccc1CCl.COc1ccc(C2=NN(Cc3ccccc3)C(=O)[C@H]3CCCC[C@@H]23)cc1OC
343,beam,False,False,1.0,4,CCCC(=O)c1cccc(OC)c1OC,CCCc1c(OC)cccc1C(=O)OC(C)(C)C,COc1cccc(C(=O)OC(C)(C)C)c1OC.CC[CH2][Mg][Cl].CCOCC.CC(=O)O.C1CCOC1.O
344,beam,False,True,1.0,5,CCC(C)CCCCCOc1ccc(OCCCCCC(C)CC)cc1,CCC(C)CCCCCOc1ccc(O)cc1,Oc1ccc(O)cc1.CCC(C)CCCCCBr.O=C([O-])[O-].[K+].[K+].CN(C)C=O
345,beam,False,False,1.0,5,Nc1cc(N)c(O)c(Cl)c1O,Nc1cc(N)c(O)cc1O,O=[N+]([O-])c1cc([N+](=O)[O-])c(O)c(Cl)c1O.CC(=O)[O-].[Na+].[H][H].Cl.[Cl][Sn][Cl].O.[Pd].CC(=O)O
346,beam,True,True,1.0,5,Cc1ccc(C(=O)C#CCN(Cc2ccc(SC(C)(C)C(=O)OC(C)(C)C)cc2)Cc2ccco2)cc1,Cc1ccc(C(=O)C#CCN(Cc2ccc(SC(C)(C)C(=O)OC(C)(C)C)cc2)Cc2ccco2)cc1,[Cl-].Cc1ccc(C(=O)Cl)cc1.C#CCN(Cc1ccc(SC(C)(C)C(=O)OC(C)(C)C)cc1)Cc1ccco1.O.CCN(CC)CC.[Cu][I]
347,beam,True,True,1.0,3,CCOC(CSc1cccc(OC)c1)OCC,CCOC(CSc1cccc(OC)c1)OCC,CCOC(CBr)OCC.COc1cccc(S)c1.O=C([O-])[O-].[K+].[K+].CC(C)=O
348,beam,False,False,1.0,4,CC(C)(C)Oc1nc(NCc2ccccn2)c2c(-c3ccccc3)cccc2c1-c1cncc(C(N)=O)c1,O=C(O)c1cncc(-c2c(Cl)nc(NCc3ccccn3)c3c(-c4ccccc4)cccc23)c1,NC(=O)c1cncc(-c2c(Cl)nc(NCc3ccccn3)c3c(-c4ccccc4)cccc23)c1.CC(C)(C)[O-].[K+].CC(C)(C)O.O
349,beam,True,True,1.0,5,CC(C)c1nn(-c2ccc(C(N)=O)cc2CN(C)C)c2nccc(I)c12,CC(C)c1nn(-c2ccc(C(N)=O)cc2CN(C)C)c2nccc(I)c12,CC(C)c1nn(-c2ccc(C#N)cc2CN(C)C)c2nccc(I)c12.OO.[OH-].[Na+].O.CS(C)=O
350,beam,True,True,1.0,4,O=C(NCc1ccc(Cl)cc1)c1ccc2c(=O)n(Cc3nccs3)c(=S)[nH]c2c1,O=C(NCc1ccc(Cl)cc1)c1ccc2c(=O)n(Cc3nccs3)c(=S)[nH]c2c1,O=C(O)c1ccc2c(=O)n(Cc3nccs3)c(=S)[nH]c2c1.NCc1ccc(Cl)cc1.CCN(C(C)C)C(C)C.CN(C)C(On1nnc2cccnc21)=[N+](C)C.F[P-](F)(F)(F)(F)F.Cl.C1COCCO1.CN(C)C=O
351,beam,False,False,1.0,3,O=C(Cc1nccn1Cc1ccccc1)Nc1ccc(Cl)cc1C(=O)c1ccccc1,O=c1[nH]c2ccc(Cl)cc2c(-c2ccccc2)c1-c1nccn1Cc1ccccc1,O=C(O)Cc1nccn1Cc1ccccc1.Nc1ccc(Cl)cc1C(=O)c1ccccc1
352,beam,True,True,1.0,4,OC1CCc2c(Nc3cc(-c4ccc(C(F)(F)F)cc4NCC4CCCC4)ncn3)cccc21,OC1CCc2c(Nc3cc(-c4ccc(C(F)(F)F)cc4NCC4CCCC4)ncn3)cccc21,Nc1cccc2c1CCC2O.FC(F)(F)c1ccc(-c2cc(Cl)ncn2)c(NCC2CCCC2)c1
353,beam,True,True,1.0,4,Nc1nccc(Oc2ccc(N)c3cccnc23)c1[N+](=O)[O-],Nc1nccc(Oc2ccc(N)c3cccnc23)c1[N+](=O)[O-],Cl.Cl.Nc1ccc(O)c2ncccc12.O=C([O-])[O-].[K+].[K+].Nc1nccc(Cl)c1[N+](=O)[O-].CS(C)=O.O
354,beam,False,False,1.0,3,CCn1c(-c2nc(-c3cccc(N)c3)cnc2N)nc2cnccc21,CCn1c(-c2nc(-c3cccc(NC(=O)CN)c3)cnc2N)nc2cnccc21,CCn1c(-c2nc(Br)cnc2N)nc2cnccc21.CC1(C)OB(c2cccc(N)c2)OC1(C)C.O=C([O-])[O-].[Na+].[Na+].O.NN.CCO.CO.CN(C)C=O
355,beam,True,True,1.0,5,CN(C)CC(=O)Nc1ccc(S(=O)(=O)Nc2nc3ccccc3nc2Cl)cc1,CN(C)CC(=O)Nc1ccc(S(=O)(=O)Nc2nc3ccccc3nc2Cl)cc1,Nc1ccc(S(=O)(=O)Nc2nc3ccccc3nc2Cl)cc1.Cl.CN(C)CC(=O)Cl.CCN(C(C)C)C(C)C.ClCCl
356,beam,True,True,1.0,4,CCOC(=O)c1cc2cc(Br)ccc2n1Cc1ccc(OC)cc1,CCOC(=O)c1cc2cc(Br)ccc2n1Cc1ccc(OC)cc1,CCOC(=O)c1cc2cc(Br)ccc2[nH]1.O=C([O-])[O-].[K+].[K+].COc1ccc(CBr)cc1.CN(C)C=O.CCOC(C)=O
357,beam,True,True,1.0,5,Cc1c(C(=O)N2CCCc3ccc(O)cc3C2)[nH]c(C(N)=O)c1S(=O)(=O)c1cc(Cl)cc(Cl)c1,Cc1c(C(=O)N2CCCc3ccc(O)cc3C2)[nH]c(C(N)=O)c1S(=O)(=O)c1cc(Cl)cc(Cl)c1,COc1ccc2c(c1)CN(C(=O)c1[nH]c(C(N)=O)c(S(=O)(=O)c3cc(Cl)cc(Cl)c3)c1C)CCC2.BrB(Br)Br.ClCCl
358,beam,False,False,1.0,4,C=C(C)OC(=O)C(C(=O)O[Si](C)(C)C)C(=O)c1cccc(OC(F)(F)F)c1,CC1(C)OC(=O)C=C(c2cccc(OC(F)(F)F)c2)O1,O=C(Cl)c1cccc(OC(F)(F)F)c1.C[Si](C)(C)OC(=O)CC(=O)O[Si](C)(C)C.[Li+].[Br-].O=S(=O)(O)O.C=C(C)OC(C)=O.CC#N.CCN(CC)CC
359,beam,False,False,1.0,4,COc1ccc(C(=O)N2CC2C#N)cc1,O=C(NC1CCCCC1)NC1CCCCC1,COc1ccc(C(=O)O)cc1.N#CC1CN1.C(=NC1CCCCC1)=NC1CCCCC1.C1COCCO1
360,beam,True,True,1.0,4,CCCCC(CC)C(=O)[O-],CCCCC(CC)C(=O)[O-],CCC[CH2][Sn]([Cl])([Cl])[Cl].[OH-].[Na+].CCCCC(CC)C(=O)O.O
361,beam,True,True,1.0,2,COc1cn(-c2cccc3cccnc23)nc(C(=O)O)c1=O,COc1cn(-c2cccc3cccnc23)nc(C(=O)O)c1=O,COC(=O)c1nn(-c2cccc3cccnc23)cc(OC)c1=O.[OH-].[Na+].C1CCOC1.Cl.CO
362,beam,False,False,1.0,4,c1ccc(C2CCc3ccccc3O2)cc1,O[C@H]1Cc2ccccc2O[C@@H]1c1ccccc1,C1=CC(c2ccccc2)Oc2ccccc21.B.C1CCOC1.[OH-].[Na+].OO.CCOCC.O
363,beam,True,True,1.0,3,CSc1ncc(C#N)c(N(C)C(C)=O)n1,CSc1ncc(C#N)c(N(C)C(C)=O)n1,CSc1ncc(C#N)c(NC(C)=O)n1.CI.[H-].[Na+].CS(C)=O
364,beam,True,True,1.0,4,NCc1ccc(-c2nc3ccncc3[nH]2)cc1,NCc1ccc(-c2nc3ccncc3[nH]2)cc1,N#Cc1ccc(-c2nc3ccncc3[nH]2)cc1.[BH4-].[Na+].CO.O.O.O.O.O.O.[Cl][Co][Cl]
365,beam,True,True,1.0,4,Nc1scc2c1C(=O)N(C1CCC(=O)NC1=O)C2=O,Nc1scc2c1C(=O)N(C1CCC(=O)NC1=O)C2=O,O=C1CCC(N2C(=O)c3csc([N+](=O)[O-])c3C2=O)C(=O)N1.C1CCOC1.[Pd]
366,beam,True,True,1.0,5,CC(C)(C)OC(=O)N1CCC(CCOc2ccc(C=NO)cc2)CC1,CC(C)(C)OC(=O)N1CCC(CCOc2ccc(C=NO)cc2)CC1,CC(C)(C)OC(=O)N1CCC(CCOc2ccc(C=O)cc2)CC1.Cl.NO.[OH-].[Na+].Cl.CO
367,beam,True,True,1.0,4,Cc1ccc(CC#N)cc1O,Cc1ccc(CC#N)cc1O,COc1cc(CC#N)ccc1C.BrB(Br)Br.ClCCl
368,beam,True,True,1.0,3,C[C@@H](Oc1cc(-n2cnc3cc(-c4ccnc(NCCCN5CCN(C)CC5)c4)ccc32)sc1C(N)=O)c1ccccc1Cl,C[C@@H](Oc1cc(-n2cnc3cc(-c4ccnc(NCCCN5CCN(C)CC5)c4)ccc32)sc1C(N)=O)c1ccccc1Cl,C[C@@H](Oc1cc(-n2cnc3cc(-c4ccnc(F)c4)ccc32)sc1C(N)=O)c1ccccc1Cl.CN1CCN(CCCN)CC1
369,beam,True,True,1.0,5,CC(C)(O)CCCCCc1ccc(CCc2ccc(O)c(CO)c2)cc1,CC(C)(O)CCCCCc1ccc(CCc2ccc(O)c(CO)c2)cc1,CC(C)(O)CCCCCc1ccc(C=Cc2ccc(O)c(CO)c2)cc1.[Pd]
370,beam,False,False,1.0,5,COCCCOc1cc(C[C@@H](C/C=C/C[C@H](C(=O)N(C)C)C(C)C)C(C)C)c(Br)cc1OC,COCCCOc1cc(C[C@@H](CC(Br)C2C[C@@H](C(C)C)C(=O)O2)C(C)C)ccc1OC,CC(=O)O.COCCCOc1cc(C[C@@H](C/C=C/C[C@H](C(=O)N(C)C)C(C)C)C(C)C)ccc1OC.O=C1CCC(=O)N1Br.O=C([O-])O.[Na+].C1CCOC1.O.CCOC(C)=O
371,beam,True,True,1.0,4,COc1cc(C)cc2c1Oc1ccc(C(O)CC(C)C)c(O)c1C(=O)OC2,COc1cc(C)cc2c1Oc1ccc(C(O)CC(C)C)c(O)c1C(=O)OC2,COc1cc(C)cc2c1Oc1ccc(C(=O)CC(C)C)c(O)c1C(=O)OC2.CC(=O)O.[BH3-]C#N.[Na+].C1CCOC1
372,beam,False,False,1.0,5,CNC(=S)Nc1ccc(OCC(=O)c2ccc(Cl)c(S(=O)(=O)N(C)C)c2)cc1,CN1C(=Nc2ccc(O)cc2)SCC1(O)c1ccc(Cl)c(S(=O)(=O)N(C)C)c1,CN(C)S(=O)(=O)c1cc(C(=O)CBr)ccc1Cl.CNC(=S)Nc1ccc(O)cc1.CC(C)=O.CCO.CCOC(C)=O
373,beam,True,True,1.0,5,O=[N+]([O-])c1ccc(Oc2ccccc2)nc1,O=[N+]([O-])c1ccc(Oc2ccccc2)nc1,O=[N+]([O-])c1ccc(Cl)nc1.O.O.O.[O-]c1ccccc1.[Na+].CN(C)C=O
374,beam,False,True,1.0,4,COC(=O)c1ccc(-c2nc3ccc(OC)cc3cc2Br)cc1,COC(=O)c1ccc(-c2ccc3c(Br)c(OC)ccc3n2)cc1,COC(=O)c1ccc(-c2ccc3cc(OC)ccc3n2)cc1.BrBr.ClCCl
375,beam,False,True,1.0,4,Fc1ccc(Oc2ccc(F)c(C(F)(F)F)c2)cc1,Fc1ccc(-c2ccnc(Oc3ccc(F)c(C(F)(F)F)c3)n2)cc1,Fc1ccc(-c2ccnc(Cl)n2)cc1.O=C([O-])[O-].[K+].[K+].Oc1ccc(F)c(C(F)(F)F)c1.CCOC(C)=O.CN(C)C=O
376,beam,False,False,1.0,5,CC1(C)Oc2cc(O)cc(O)c2C1=O,CC1(C)OC(=O)c2c(O)cc(O)cc2O1,O=C(O)c1c(O)cc(O)cc1O.CC(C)=O.O=C(O)C(F)(F)F
377,beam,True,True,1.0,3,CCN1C(=O)COc2cc([N+](=O)[O-])ccc21,CCN1C(=O)COc2cc([N+](=O)[O-])ccc21,O=C1COc2cc([N+](=O)[O-])ccc2N1.O=C([O-])[O-].[K+].[K+].CCI.O.CN(C)C=O
378,beam,False,True,1.0,5,CCOc1cc2c(cc1OCC)C(=C(C#N)SCC(CN1CCOCC1)OC(=O)c1ccccc1)N(C(=O)c1ccccc1)CC2,CCOc1cc2c(cc1OCC)C(=C(C#N)SCC(CN1CCOCC1)OC(=O)c1ccccc1)NCC2,c1ccccc1.O=C(Cl)c1ccccc1.CCOc1cc2c(cc1OCC)C(=C(C#N)SCC(O)CN1CCOCC1)NCC2.CCN(CC)CC
379,beam,True,True,1.0,4,COc1ccc(Cl)c(C(C)C(=O)c2ccc3c(c2)N(C)C(=O)CO3)c1,COc1ccc(Cl)c(C(C)C(=O)c2ccc3c(c2)N(C)C(=O)CO3)c1,COc1ccc(Cl)c(CC(=O)c2ccc3c(c2)N(C)C(=O)CO3)c1.[H-].[Na+].CI.C1CCOC1
380,beam,True,True,1.0,5,C=CCOC(=O)OCCCCCCS,C=CCOC(=O)OCCCCCCS,S.[Na].C1CCOC1.C=CCOC(=O)OCCCCCCBr.CCOCC
381,beam,True,True,1.0,5,COC(=O)c1cc(F)c(C)c(B2OC(C)(C)C(C)(C)O2)c1,COC(=O)c1cc(F)c(C)c(B2OC(C)(C)C(C)(C)O2)c1,COC(=O)c1cc(F)c(C)c(I)c1.CC(=O)[O-].[K+].CC1(C)OB(B2OC(C)(C)C(C)(C)O2)OC1(C)C.CN(C)C=O.[Cl][Pd][Cl].c1ccc(P(c2ccccc2)[c-]2cccc2)cc1.c1ccc(P(c2ccccc2)[c-]2cccc2)cc1.[Fe+2]
382,beam,False,False,1.0,5,CCC(=O)c1ccc(Br)nc1,NC1(c2ccc(Br)nc2)CC1,N#Cc1ccc(Br)nc1.C[CH2][Mg][Br].C1CCOC1.Cl
383,beam,False,True,1.0,5,COC[C@@H](CCOCc1ccccc1)NCC(OC)OC,COC[C@H](CCOCc1ccccc1)NCC(OC)OC,COC[C@@H](N)CCOCc1ccccc1.COC(C=O)OC.O=S(=O)([O-])[O-].[Mg+2].CC(=O)O.[BH3-]C#N.[Na+].CO
384,beam,False,False,1.0,5,COc1ccc(C(=O)n2c(=O)c(F)cn([C@@H]3C[C@H](OCc4cccs4)[C@H](COC(C)=O)O3)c2=O)cc1,COc1ccc(C(=O)n2c(=O)c(F)cn([C@H]3C[C@H](OCc4cccs4)[C@@H](COC(C)=O)O3)c2=O)cc1,CC(=O)OC[C@H]1O[C@@H](n2cc(F)c(=O)[nH]c2=O)C[C@@H]1OCc1cccs1.CCN(CC)CC.COc1ccc(C(=O)Cl)cc1.C1COCCO1
385,beam,True,True,1.0,4,O=C(O)CN1CCN(C(c2ccc(Cl)cc2)c2ccc(Cl)cc2)CC1=O,O=C(O)CN1CCN(C(c2ccc(Cl)cc2)c2ccc(Cl)cc2)CC1=O,COC(=O)CN1CCN(C(c2ccc(Cl)cc2)c2ccc(Cl)cc2)CC1=O.O.[OH-].[Li+].C1CCOC1.CO.O
386,beam,False,False,1.0,5,Cc1c(F)ccc(-n2nccn2)c1C(=O)N1CCC[C@@H](C)[C@H]1CN1C(=O)c2ccccc2C1=O,Cc1c(F)ccc(-n2nccn2)c1C(=O)N1CCC[C@@H](C)[C@H]1CNc1ccc(C(F)(F)F)cn1,Cc1c(F)ccc(-n2nccn2)c1C(=O)O.C[C@@H]1CCCN[C@@H]1CN1C(=O)c2ccccc2C1=O.FC(F)(F)c1ccc(Cl)nc1
387,beam,True,True,1.0,4,Cc1cc(Br)ccc1NC(=O)C1CC1,Cc1cc(Br)ccc1NC(=O)C1CC1,Cc1cc(Br)ccc1N.CCN(C(C)C)C(C)C.CN(C)C=O.O=C(Cl)C1CC1.CCOC(C)=O.O
388,beam,True,True,1.0,5,CCOc1cc(C#N)c([N+](=O)[O-])cc1C(F)(F)F,CCOc1cc(C#N)c([N+](=O)[O-])cc1C(F)(F)F,CCOc1cc(Br)c([N+](=O)[O-])cc1C(F)(F)F.N#[C][Cu].Cl.CN1CCCC1=O
389,beam,False,False,1.0,5,Cc1ccc(C2=CCC(C)(C)c3cc(C(=O)C=Cc4ccc(C(=O)O)cc4)ccc32)cc1,Cc1ccc(C2=CC(C)(C)c3cc(C(=O)C=Cc4ccc(C(=O)OCC[Si](C)(C)C)cc4)ccc32)cc1,Cc1ccc(C2=CCC(C)(C)c3cc(C(=O)C=Cc4ccc(C(=O)OCC[Si](C)(C)C)cc4)ccc32)cc1.CC(=O)c1ccc2c(c1)C(C)(C)C=C2c1ccc(C)cc1
390,beam,True,True,1.0,5,C#CC(=O)c1ccc(C)c(-n2c(C)nc(OCc3csc(C)n3)c(Cl)c2=O)c1,C#CC(=O)c1ccc(C)c(-n2c(C)nc(OCc3csc(C)n3)c(Cl)c2=O)c1,CON(C)C(=O)c1ccc(C)c(-n2c(C)nc(OCc3csc(C)n3)c(Cl)c2=O)c1.C#[C][Mg][Br].C1CCOC1
391,beam,True,True,1.0,5,CC(C)N1CC(CCN2CCC(O)(c3ccccc3)CC2)C(c2ccccc2)(c2ccccc2)C1=O,CC(C)N1CC(CCN2CCC(O)(c3ccccc3)CC2)C(c2ccccc2)(c2ccccc2)C1=O,CC(C)N1CC(CCCl)C(c2ccccc2)(c2ccccc2)C1=O.OC1(c2ccccc2)CCNCC1.O=C([O-])[O-].[K+].[K+]
392,beam,False,True,1.0,3,Cc1ccc2c3c(ccc2n1)OC[C@H](CN1CC(Cc2c[nH]c4ccc(F)cc24)C1)O3,Cc1ccc2c3c(ccc2n1)OCC(CN1CC(Cc2c[nH]c4ccc(F)cc24)C1)O3,Cc1ccc2c3c(ccc2n1)OC[C@H](COS(=O)(=O)c1ccc(Br)cc1)O3.Fc1ccc2[nH]cc(CC3CNC3)c2c1.CCN(CC)CC.CS(C)=O
393,beam,False,False,1.0,5,C=C[C@@H](CC)[C@H](C(=O)O)c1ccc(Cl)cc1,CCC=CCOC(=O)Cc1ccc(OC)cc1,C=C[C@@H](CC)[C@H](C(=O)O)c1ccc(Cl)cc1.CC/C=C/CO.COc1ccc(CC(=O)O)cc1
394,beam,False,True,1.0,3,CC(C)Oc1c(C(=O)NCc2ccc(Cl)cc2)cnc2sc(I)cc12,CC(C)n1cc(C(=O)NCc2ccc(Cl)cc2)c(=O)c2cc(I)sc21,O=C(NCc1ccc(Cl)cc1)c1cnc2sc(I)cc2c1O.O=C([O-])[O-].[K+].[K+].CC(C)Br.CN(C)C=O
395,beam,True,True,1.0,4,CCCC(C(=O)OC)c1cn(C)c2ccccc12,CCCC(C(=O)OC)c1cn(C)c2ccccc12,CCCC(C(=O)O)c1cn(C)c2ccccc12.O=S(=O)(O)O.CO
396,beam,True,True,1.0,5,COc1ccccc1-c1ncnc(Nc2ccc3c(c2)N(S(N)(=O)=O)CC3)n1,COc1ccccc1-c1ncnc(Nc2ccc3c(c2)N(S(N)(=O)=O)CC3)n1,COc1ccccc1-c1ncnc(Nc2cccc(CS(N)(=O)=O)c2)n1.NS(=O)(=O)N1CCc2ccc(Nc3ncnc(Cl)n3)cc21.COc1ccccc1B(O)O
397,beam,True,True,1.0,5,Cc1nc(NC(=O)c2ccccc2)sc1C(=O)NCc1ccccc1C(F)(F)F,Cc1nc(NC(=O)c2ccccc2)sc1C(=O)NCc1ccccc1C(F)(F)F,NCc1ccccc1C(F)(F)F.Cc1nc(NC(=O)c2ccccc2)sc1C(=O)Cl
398,beam,False,False,1.0,4,O=C(Nc1nc(-c2ccc(F)cc2)cs1)C(Cc1c[nH]cn1)NC(=O)[C@@H]1O[C@H]1C(=O)O,O=C(Nc1nc(-c2ccc(F)cc2)cs1)[C@H](Cc1c[nH]cn1)NC(=O)[C@@H]1O[C@H]1C(=O)O,CCOC(=O)[C@@H]1O[C@H]1C(=O)NC(Cc1c[nH]cn1)C(=O)Nc1nc(-c2ccc(F)cc2)cs1.[Li+].[OH-].C1CCOC1.CO.O
399,beam,True,True,1.0,3,NC(=O)c1cc(OCCN(Cc2ccccc2)CC(O)COc2ccccc2-c2cc3ccccc3[nH]2)ccc1O,NC(=O)c1cc(OCCN(Cc2ccccc2)CC(O)COc2ccccc2-c2cc3ccccc3[nH]2)ccc1O,c1ccc(-c2cc3ccccc3[nH]2)c(OCC2CO2)c1.NC(=O)c1cc(OCCNCc2ccccc2)ccc1O.CC(C)O
400,beam,False,False,1.0,5,CSC(=S)N1Cc2c(n(Cc3ccccc3)c3ccccc23)C[C@H]1C(=O)O,CSC(=S)N1Cc2c(c3ccccc3n2Cc2ccccc2)C[C@@H]1C(=O)O,O=C(O)[C@H]1Cc2c(n(Cc3ccccc3)c3ccccc23)CN1.[OH-].[Na+].CI.Cl.S=C=S.CS(C)=O.O
401,beam,True,True,1.0,3,O=C(Cl)c1cc2cc(F)ccc2[nH]1,O=C(Cl)c1cc2cc(F)ccc2[nH]1,O=C(O)c1cc2cc(F)ccc2[nH]1.O=C(Cl)C(=O)Cl
402,beam,False,True,1.0,4,CCOC(=O)C1(CCOC)CCN(S(=O)(=O)CC(C)C)CC1,CC(C)CS(=O)(=O)N1CCC2(CCN(c3ccc(CC(F)(F)F)cc3)C2=O)CC1,CCOC(=O)C1(CCOC)CCNCC1.CC(C)CS(=O)(=O)Cl.Nc1ccc(CC(F)(F)F)cc1
403,beam,True,True,1.0,5,CCOC(=O)CCCOc1cccc(CCCCCCOc2cc(I)cc(S(C)(=O)=O)c2)c1CCC(=O)OCC,CCOC(=O)CCCOc1cccc(CCCCCCOc2cc(I)cc(S(C)(=O)=O)c2)c1CCC(=O)OCC,CCOC(=O)CCCOc1cccc(CCCCCCBr)c1CCC(=O)OCC.CS(=O)(=O)c1cc(O)cc(I)c1.O=C([O-])[O-].[K+].[K+].CN(C)C=O.O.CC(C)=O
404,beam,True,True,1.0,4,CC(C)NC(=O)OC1SCN(c2ccccc2)C1=O,CC(C)NC(=O)OC1SCN(c2ccccc2)C1=O,O=C1C(O)SCN1c1ccccc1.CCN(CC)CC.CC(C)N=C=O.ClC(Cl)Cl
405,beam,False,False,1.0,4,CC1CN(C(=O)c2ccc3c(c2)-c2sc(C(=O)N(C)c4ccc(Cl)cc4Cl)cc2CCO3)CC(C)N1,C[C@@H]1CN(C(=O)c2ccc3c(c2)-c2sc(C(=O)N(C)c4ccc(Cl)cc4Cl)cc2CCO3)C[C@H](C)N1,CN(C(=O)c1cc2c(s1)-c1cc(C(=O)O)ccc1OCC2)c1ccc(Cl)cc1Cl.CC1CNCC(C)N1
406,beam,True,True,1.0,2,Cn1cc(-c2nc3c(Cl)ccnc3[nH]2)cn1,Cn1cc(-c2nc3c(Cl)ccnc3[nH]2)cn1,Clc1ccnc2[nH]c(Br)nc12.Cn1cc(B2OC(C)(C)C(C)(C)O2)cn1.ClCCl.O=C([O-])[O-].[K+].[K+].C1COCCO1.O.c1ccc(P(c2ccccc2)[c-]2cccc2)cc1.c1ccc(P(c2ccccc2)[c-]2cccc2)cc1.[Cl][Pd][Cl].[Fe+2]
407,beam,False,True,1.0,5,C=C1CC(C(=O)OCc2ccccc2)N(C(=O)OC(C)(C)C)C1,C=C1CC(C(=O)OC)N(C(=O)OCc2ccccc2)C1,C=C1CC(C(=O)O)N(C(=O)OC(C)(C)C)C1.Cl.C1COCCO1.CCN(C(C)C)C(C)C.O=C(Cl)OCc1ccccc1.CO.O
408,beam,False,False,1.0,5,O=C(Oc1ccc(C2C(c3ccc(OCCCl)cc3)Oc3cc(O)ccc3C2(O)C(F)(F)F)cc1)C(F)(F)F,Oc1ccc(C2=C(C(F)(F)F)c3ccc(O)cc3OC2c2ccc(OCCCl)cc2)cc1,O=C(OC(=O)C(F)(F)F)C(F)(F)F.c1ccncc1.Oc1ccc(C2C(c3ccc(OCCCl)cc3)Oc3cc(O)ccc3C2(O)C(F)(F)F)cc1.[Cl-].[Na+].C1CCOC1.CCOC(C)=O
409,beam,True,True,1.0,5,CCC(CC)(c1ccc(CCC(O)C(C)(C)C)c(C)c1)c1ccc(NC(=O)CCCC(=O)O)c(C)c1,CCC(CC)(c1ccc(CCC(O)C(C)(C)C)c(C)c1)c1ccc(NC(=O)CCCC(=O)O)c(C)c1,CCC(CC)(c1ccc(CCC(O)C(C)(C)C)c(C)c1)c1ccc(NC(=O)CCCC(=O)OC)c(C)c1.[OH-].[Na+].Cl.ClCCl.CO
410,beam,True,True,1.0,5,CCCc1ccc(S(=O)(=O)c2ccccc2)cc1S(=O)(=O)NC1CCOCC1,CCCc1ccc(S(=O)(=O)c2ccccc2)cc1S(=O)(=O)NC1CCOCC1,CCCc1ccc(S(=O)(=O)c2ccccc2)cc1S(=O)(=O)Cl.NC1CCOCC1
411,beam,False,False,1.0,5,NNC(=S)NNC(=O)Cc1ccc2ncccc2c1,Nn1c(S)nnc1Cc1ccc2ncccc2c1,[K+].O=C(Cc1ccc2ncccc2c1)NNC(=S)[S-].O.NN.S.O
412,beam,True,True,1.0,5,O=C(NCc1cccc(Cl)c1)c1ccc2c(c1)N=C(N1CCCCC1)c1cc(F)ccc1S2,O=C(NCc1cccc(Cl)c1)c1ccc2c(c1)N=C(N1CCCCC1)c1cc(F)ccc1S2,O=C(NCc1cccc(Cl)c1)c1ccc2c(c1)N=C(Cl)c1cc(F)ccc1S2.C1CCNCC1
413,beam,True,True,1.0,4,CCCOc1ccc(F)c2c(=O)c(-c3ccoc3)c[nH]c12,CCCOc1ccc(F)c2c(=O)c(-c3ccoc3)c[nH]c12,CCCOc1ccc(F)c2c(=O)c(I)c[nH]c12.Cc1ccccc1.OB(O)c1ccoc1.O=C([O-])[O-].[Na+].[Na+].O.CO
414,beam,True,True,1.0,3,CCOP(=O)(COC(=O)c1ccccc1OC)OCC,CCOP(=O)(COC(=O)c1ccccc1OC)OCC,CCOP(=O)(CO)OCC.COc1ccccc1C(=O)Cl.c1ccncc1.ClCCl
415,beam,True,True,1.0,4,Cc1c(-c2ccccc2)c(F)c2oc(-c3cnccn3)nc2c1C#N,Cc1c(-c2ccccc2)c(F)c2oc(-c3cnccn3)nc2c1C#N,CCC[CH2][Sn]([CH2]CCC)([CH2]CCC)[c]1cnccn1.CC(C)(C)C1=C(O)C(C)(C(C)(C)C)CC=C1.Cc1c(-c2ccccc2)c(F)c2oc(Cl)nc2c1C#N.[Cl][Pd]([Cl])([P](c1ccccc1)(c1ccccc1)c1ccccc1)[P](c1ccccc1)(c1ccccc1)c1ccccc1.Cc1ccccc1
416,beam,True,True,1.0,3,CO[C@H]1CC[C@H](N2C(=O)c3ccccc3C2=O)CC1,CO[C@H]1CC[C@H](N2C(=O)c3ccccc3C2=O)CC1,[H-].[Na+].O=C1c2ccccc2C(=O)N1[C@H]1CC[C@H](O)CC1.CI.CN(C)C=O.O
417,beam,True,True,1.0,1,COc1cc2c(C)c(C(=O)O)[nH]c2cc1C(F)(F)F,COc1cc2c(C)c(C(=O)O)[nH]c2cc1C(F)(F)F,CCOC(=O)c1[nH]c2cc(C(F)(F)F)c(OC)cc2c1C.[OH-].[K+].Cl.CCO.O
418,beam,False,True,1.0,4,NS(=O)(=O)c1cccc(-c2nc(-c3cnc4c(C(F)(F)F)cc(-c5ccc(C(F)(F)F)cc5)cn34)no2)c1,NS(=O)(=O)c1cccc(-c2noc(-c3cnc4c(C(F)(F)F)cc(-c5ccc(C(F)(F)F)cc5)cn34)n2)c1,O=C(O)c1cnc2c(C(F)(F)F)cc(-c3ccc(C(F)(F)F)cc3)cn12.N=C(NO)c1cccc(S(N)(=O)=O)c1
419,beam,True,True,1.0,5,CCOC(=O)/C=C/c1cc2ccccc2n1CC(=O)OC(C)(C)C,CCOC(=O)/C=C/c1cc2ccccc2n1CC(=O)OC(C)(C)C,CCOC(=O)/C=C/c1cc2ccccc2[nH]1.CC(C)(C)OC(=O)CBr.O=C([O-])[O-].[Cs+].[Cs+].CN(C)C=O.CC(C)=O
420,beam,False,False,1.0,5,CCCSC1=NC(=O)CS1,CCCSc1nc(OS(C)(=O)=O)cs1,CCCSC1=NC(=O)CS1.O=C([O-])[O-].[Na+].[Na+].CS(=O)(=O)Cl.O.CC#N
421,beam,True,True,1.0,5,N#Cc1cc(-c2ncc(Br)s2)ccc1F,N#Cc1cc(-c2ncc(Br)s2)ccc1F,N#Cc1cc(-c2nccs2)ccc1F.O=C1CCC(=O)N1Br.[OH-].[Na+].CN(C)C=O
422,beam,False,True,1.0,4,COC(=O)C(OC(C)(C)C)c1c(C)ccc(CC2CO2)c1-c1ccc2c(c1)CCCO2,COC(=O)C(OC(C)(C)C)c1c(C)ccc(CC2CC2)c1-c1ccc2c(c1)CCCO2,C=CCc1ccc(C)c(C(OC(C)(C)C)C(=O)OC)c1-c1ccc2c(c1)CCCO2.ICI.C[CH2][Zn][CH2]C.CCCCCCC.C[N+]1([O-])CCOCC1.O.ClCCCl.[O]=[Os](=[O])(=[O])=[O]
423,beam,True,True,1.0,3,Nc1cc(CCN2C(=O)c3ccccc3C2=O)cc(C(F)(F)F)c1,Nc1cc(CCN2C(=O)c3ccccc3C2=O)cc(C(F)(F)F)c1,Nc1cc(/C=C/N2C(=O)c3ccccc3C2=O)cc(C(F)(F)F)c1.CCO.C1CCOC1.[Pd]
424,beam,True,True,1.0,4,CC(C)(C)OC(=O)N1CCN(c2nnc(C#N)s2)CC1,CC(C)(C)OC(=O)N1CCN(c2nnc(C#N)s2)CC1,N#Cc1nnc(Br)s1.CC(C)(C)OC(=O)N1CCNCC1.CCN(C(C)C)C(C)C.[NH4+].[Cl-].C1COCCO1
425,beam,False,False,1.0,5,CC(C)c1cccc(C(C)C)c1N1C=CN(c2c(C(C)C)cccc2C(C)C)C1C#Cc1ccc(C(F)(F)F)cc1,C=C(B1OC(C)(C)C(C)(C)O1)c1ccc(C(F)(F)F)cc1,CC(C)c1cccc(C(C)C)c1N1C=CN(c2c(C(C)C)cccc2C(C)C)[CH]1[Cu][Cl].CC(C)(C)[O-].[Na+].CC1(C)OB(B2OC(C)(C)C(C)(C)O2)OC1(C)C.C#Cc1ccc(C(F)(F)F)cc1.CO.C1CCOC1
426,beam,False,False,1.0,4,CS(=O)(=O)OCCc1ccc2cc[nH]c2c1,CS(=O)(=O)CCc1ccc2cc[nH]c2c1,OCCc1ccc2cc[nH]c2c1.CCN(CC)CC.CS(=O)(=O)Cl.ClCCl
427,beam,True,True,1.0,4,Cc1sc2nc(-n3ccnc3)nc(NCCc3ccc4c(c3)OCO4)c2c1C,Cc1sc2nc(-n3ccnc3)nc(NCCc3ccc4c(c3)OCO4)c2c1C,c1c[nH]cn1.Cc1sc2nc(Cl)nc(NCCc3ccc4c(c3)OCO4)c2c1C
428,beam,False,False,1.0,5,CC(C)[C@H](Nc1c(C(N)=O)oc2ccccc12)C(=O)N=[N+]=[N-],CC(C)[C@@H](N=[N+]=[N-])c1nc2c(oc3ccccc32)c(=O)[nH]1,NC(=O)c1oc2ccccc2c1N.CC(C)[C@H](Br)C(=O)Cl.O.[N-]=[N+]=[N-].[Na+].CN(C)C=O
429,beam,True,True,1.0,5,CC(C)(C)c1ccc(CN(CC(O)c2ccc(F)cc2)C(=O)c2cc(Cl)cc3cc[nH]c23)cc1,CC(C)(C)c1ccc(CN(CC(O)c2ccc(F)cc2)C(=O)c2cc(Cl)cc3cc[nH]c23)cc1,O=C(O)c1cc(Cl)cc2cc[nH]c12.CN(C)C(On1nnc2ccccc21)=[N+](C)C.F[B-](F)(F)F.CCN(C(C)C)C(C)C.CC(C)(C)c1ccc(CNCC(O)c2ccc(F)cc2)cc1.CN(C)C=O.O
430,beam,False,True,1.0,4,O=C1CCN(c2ccc(CC3SC(=O)NC3=O)cc2F)CC1,O=C1NC(=O)C(Cc2ccc(N3CCC(NC[C@H](O)COc4cccc5[nH]c(=O)[nH]c45)CC3)c(F)c2)S1,NC[C@H](O)COc1cccc2[nH]c(=O)[nH]c12.O=C1CCN(c2ccc(CC3SC(=O)NC3=O)cc2F)CC1
431,beam,True,True,1.0,4,C#Cc1ccc([N+](=O)[O-])c(NC2CCC2)n1,C#Cc1ccc([N+](=O)[O-])c(NC2CCC2)n1,C[Si](C)(C)C#Cc1ccc([N+](=O)[O-])c(NC2CCC2)n1.O=C([O-])[O-].[K+].[K+].ClCCl.CO
432,beam,False,True,1.0,4,CCOC(=O)c1c(Cl)nc(-c2ccccc2)c2c1C(=O)OCC2,CCOC(=O)c1c(Cl)nc(-c2ccccc2)c([N+](=O)[O-])c1C(=O)OCC,CCOC(=O)c1c([N+](=O)[O-])c(-c2ccccc2)[nH]c(=O)c1C(=O)OCC.O=P(Cl)(Cl)c1ccccc1.O
433,beam,True,True,1.0,4,CC(C)(C)OC(=O)N1CC2OC2C1,CC(C)(C)OC(=O)N1CC2OC2C1,CC(C)(C)OC(=O)N1CC=CC1.O=C(OO)c1cccc(Cl)c1.ClCCl.ClCCCl
434,beam,True,True,1.0,2,OCc1cc(O)ccc1Br,OCc1cc(O)ccc1Br,O=Cc1cc(O)ccc1Br.[BH4-].[Na+].CO
435,beam,False,True,1.0,4,O=C(O)[C@@H]1CCCN1c1cncc(Br)c1,CC(C)Nc1cncc(Br)c1,Brc1cncc(Br)c1.O=C(O)[C@@H]1CCCN1.CC(C)N.CC(=O)[O][K].CN(C)C=O.[Cu][I]
436,beam,True,True,1.0,3,O=C1Cc2cnc(C3CC3)nc2-c2cc(F)ccc2N1,O=C1Cc2cnc(C3CC3)nc2-c2cc(F)ccc2N1,CN(C)C=C1CC(=O)Nc2ccc(F)cc2C1=O.Cl.N=C(N)C1CC1
437,beam,True,True,1.0,4,OCc1cc(CO)cc(CO)c1,OCc1cc(CO)cc(CO)c1,COC(=O)c1cc(C(=O)OC)cc(C(=O)OC)c1.[H-].[Al+3].[Li+].[H-].[H-].[H-].C1CCOC1
438,beam,True,True,1.0,4,CC(C)(C)OC(=O)Nc1ccccc1F,CC(C)(C)OC(=O)Nc1ccccc1F,CC(C)(C)OC(=O)OC(=O)OC(C)(C)C.Nc1ccccc1F.C1CCOC1
439,beam,True,True,1.0,4,COc1cc2ncnc(Nc3ccc(Cl)c(Cl)c3F)c2cc1NC(=O)/C=C/CN1C[C@@H]2OCCO[C@@H]2C1,COc1cc2ncnc(Nc3ccc(Cl)c(Cl)c3F)c2cc1NC(=O)/C=C/CN1C[C@@H]2OCCO[C@@H]2C1,COc1cc2ncnc(Nc3ccc(Cl)c(Cl)c3F)c2cc1NC(=O)/C=C/CBr.Cl.C1CO[C@@H]2CNC[C@@H]2O1.CCN(C(C)C)C(C)C.CC(=O)N(C)C
440,beam,True,True,1.0,4,COc1nc(NC(=O)NS(=O)(=O)c2csc3ccccc23)nc(OC)n1,COc1nc(NC(=O)NS(=O)(=O)c2csc3ccccc23)nc(OC)n1,COc1nc(N)nc(OC)n1.O=C=NS(=O)(=O)c1csc2ccccc12
441,beam,True,True,1.0,2,Cc1cccc(Nc2nc(-c3ccnc(C)c3)cs2)c1,Cc1cccc(Nc2nc(-c3ccnc(C)c3)cs2)c1,Cc1cc(C(=O)CBr)ccn1.Cc1cccc(NC(N)=S)c1.N.CCO.O
442,beam,False,False,1.0,4,COCc1cccc(-c2ocnc2C(=O)OC)c1,COCc1cccc(C(=O)C(N)C(=O)OC)c1,COCc1cccc(-c2ocnc2C(=O)OC)c1.CC(=O)Cl.CO
443,beam,False,False,1.0,5,Cc1ccc(F)cc1Br,CC1(C)OB(c2cc(F)ccc2CBr)OC1(C)C,Cc1ccc(F)cc1B1OC(C)(C)C(C)(C)O1.O=C1CCC(=O)N1Br.CC(C)(C#N)N=NC(C)(C)C#N.O=C1CCC(=O)N1.ClC(Cl)(Cl)Cl
444,beam,False,False,1.0,5,CCn1ccc2ccc(NC(=O)c3ccc(N4CCN(c5ccc(C(=O)O)cc5F)CC4)cc3)cc21,CCn1ccc2ccc(NC(=O)c3ccc(N4CCN(c5ccc(C(=O)O)cc5F)CC4)nc3)cc21,CCn1ccc2ccc(NC(=O)c3ccc(N4CCNCC4)nc3)cc21.O=C(O)c1ccc(Br)c(F)c1.CC(C)(C)c1cccc(NC(=O)c2ccc(N3CCN(c4ccc(C(=O)O)cc4)CC3)c(F)c2)c1
445,beam,True,True,1.0,5,CC(C)(C)OC(=O)NC1CCN(CCCN2c3ccccc3N(c3ccccc3F)S2(=O)=O)CC1,CC(C)(C)OC(=O)NC1CCN(CCCN2c3ccccc3N(c3ccccc3F)S2(=O)=O)CC1,O=S1(=O)N(CCCBr)c2ccccc2N1c1ccccc1F.O=C([O-])[O-].[K+].[K+].CC(C)(C)OC(=O)NC1CCNCC1.CN(C)C=O.O
446,beam,False,False,1.0,5,COC(=O)c1ccccc1O,COC(=O)c1ccccc1OCc1ccc(C=C2C(=O)C3(C)CCC2C3(C)C)cc1,COC(=O)c1ccccc1O.Oc1cccc2ccccc12.O=C(c1ccccc1)c1ccc(O)cc1.CCCCCCCCCCCCCC(=O)O.CCCCCCCCCCCCCCCC(=O)O.O=C(O)c1ccccc1
447,beam,False,False,1.0,5,CC(C)NC(=O)c1cn(-c2cccc(C#CC(C)(O)c3ccccc3)c2)c2ncccc2c1=O,CC(C)(O)c1ccc(C#Cc2cccc(-n3cc(C(=O)NC4CC4)c(=O)c4cccnc43)c2)c[n+]1[O-],C#CC(C)(O)c1ccccc1.CC(C)(O)c1ccc(Br)c[n+]1[O-].CC(C)NC(=O)c1cn(-c2cccc(Br)c2)c2ncccc2c1=O
448,beam,True,True,1.0,4,COc1nc(-c2ccccc2C(F)(F)F)cc(NC(=O)c2cc(C(C)(C)C)no2)c1[N+](=O)[O-],COc1nc(-c2ccccc2C(F)(F)F)cc(NC(=O)c2cc(C(C)(C)C)no2)c1[N+](=O)[O-],COc1nc(-c2ccccc2C(F)(F)F)cc(N)c1[N+](=O)[O-].[H-].[Na+].CC(C)(C)c1cc(C(=O)O)on1.O=C(Cl)C(=O)Cl.C1CCOC1.ClCCl.CN(C)C=O
449,beam,True,True,1.0,5,COC(=O)C(F)(CO)C(=O)OC,COC(=O)C(F)(CO)C(=O)OC,COC(=O)C(F)C(=O)OC.C=O.O=C([O-])O.[K+].[Cl-].[NH4+]
450,beam,True,True,1.0,4,O=C(OCN1C(=O)CCc2ccc(OCCCCN3CCN(c4cccc5sccc45)CC3)cc21)c1ccccc1,O=C(OCN1C(=O)CCc2ccc(OCCCCN3CCN(c4cccc5sccc45)CC3)cc21)c1ccccc1,[H-].[Na+].O=C1CCc2ccc(OCCCCN3CCN(c4cccc5sccc45)CC3)cc2N1.O=C(OCCl)c1ccccc1.[Cl-].[NH4+].C1CCOC1
451,beam,True,True,1.0,5,CCCCCCCCCCCCOC(=O)C(N)C(C)C,CCCCCCCCCCCCOC(=O)C(N)C(C)C,CC(C)C(N)C(=O)O.CCCCCCCCCCCCO.Cc1ccc(S(=O)(=O)O)cc1.Cc1ccccc1
452,beam,False,True,1.0,4,NC(=O)c1cc(Nc2cccc(Oc3ccnc(C(N)=O)c3)c2)ccn1,N#Cc1cc(Oc2ccc(N)cc2)ccn1,NC(=O)c1cc(Oc2cccc(N)c2)ccn1.Nc1ccc(O)cc1.N#Cc1cc(Cl)ccn1
453,beam,True,True,1.0,4,CCOC(=O)C1(CCOc2ccccc2)CCN(C(=O)OC(C)(C)C)CC1,CCOC(=O)C1(CCOc2ccccc2)CCN(C(=O)OC(C)(C)C)CC1,CCOC(=O)C1CCN(C(=O)OC(C)(C)C)CC1.C[Si](C)(C)[N-][Si](C)(C)C.[Na+].BrCCOc1ccccc1.C1CCOC1
454,beam,False,True,1.0,4,Fc1ccc(NCCN2CCOCC2)cn1,Brc1ccc(NCCN2CCOCC2)nc1,NCCN1CCOCC1.Fc1ccc(Br)cn1.CCN(C(C)C)C(C)C.CS(C)=O
455,beam,True,True,1.0,5,CCN1CCN(CC)c2cc(Nc3ncc(Cl)c(Nc4ccccc4-c4nccn4C)n3)ccc2C1,CCN1CCN(CC)c2cc(Nc3ncc(Cl)c(Nc4ccccc4-c4nccn4C)n3)ccc2C1,CCN1CCN(CC)c2cc(N)ccc2C1.Cn1ccnc1-c1ccccc1Nc1nc(Cl)ncc1Cl
456,beam,False,False,1.0,4,CCNCC(=O)c1ccc(O)cc1,CCn1cc(-c2ccc(O)cc2)nc1S,Cl.CCNCC(=O)c1ccc(O)cc1.CCO.N#C[S-].[K+].O
457,beam,False,False,1.0,4,CCOc1cc(OCCCCc2cn(Cc3ccccc3)nc2OCC)ccc1CCC(=O)OC,CCOc1cc(OCCCCc2c[nH]nc2OCC)ccc1CCC(=O)OC,CCOc1nn(Cc2ccccc2)cc1CCCCO.CCOc1cc(O)ccc1CCC(=O)OC.CCCCP(CCCC)CCCC.O=C(N=NC(=O)N1CCCCC1)N1CCCCC1.C1CCOC1
458,beam,False,True,1.0,5,OC1(c2nccs2)CCC2(CC1)OCCO2,OC1(c2cncs2)CCC2(CC1)OCCO2,C[Si](C)(C)c1nccs1.[Li][CH2]CCC.O=C1CCC2(CC1)OCCO2.CCCC[N+](CCCC)(CCCC)CCCC.[F-].C1CCOC1
459,beam,True,True,1.0,5,CCOC(=O)C=Cc1c(O)ccc2cc(C#N)ccc12,CCOC(=O)C=Cc1c(O)ccc2cc(C#N)ccc12,N#Cc1ccc2c(C=O)c(O)ccc2c1.[Br-].CCOC(=O)C[P+](c1ccccc1)(c1ccccc1)c1ccccc1.O=C([O-])[O-].[K+].[K+].CO.CN(C)C=O
460,beam,True,True,1.0,3,CC(C)n1ncnc1-c1cc2n(n1)-c1cc(C3CN(Cc4ccncc4)C3)ccc1OCC2,CC(C)n1ncnc1-c1cc2n(n1)-c1cc(C3CN(Cc4ccncc4)C3)ccc1OCC2,CC(C)n1ncnc1-c1cc2n(n1)-c1cc(C3CNC3)ccc1OCC2.O=Cc1ccncc1.CO.CCOC(C)=O.C1CCCCC1
461,beam,True,True,1.0,5,COc1ccc(NC(=O)c2ccc(N)c(I)c2)cc1OC,COc1ccc(NC(=O)c2ccc(N)c(I)c2)cc1OC,COC(=O)c1ccc(N)c(I)c1.[OH-].[Li+].O=C1OCCN1P(=O)(Cl)N1CCOC1=O.CCN(CC)CC.COc1ccc(N)cc1OC.CCOC(C)=O.ClCCl.O.CO
462,beam,False,False,1.0,5,[N-]=[N+]=N[C@@H]1[C@H](OCc2ccccc2)[C@@H](O)[C@H](O)O[C@@H]1COCc1ccccc1,[N-]=[N+]=N[C@@H]1[C@H](OCc2ccccc2)[C@@H](O)C(O)O[C@@H]1COCc1ccccc1,O=C([O-])[O-].[K+].[K+].CC(=O)O[C@@H]1O[C@H](COCc2ccccc2)[C@H](N=[N+]=[N-])[C@H](OCc2ccccc2)[C@H]1OC(C)=O.CO.O
463,beam,True,True,1.0,3,COc1ccc2cc(C(OC)(OC)C(C)N)ccc2c1,COc1ccc2cc(C(OC)(OC)C(C)N)ccc2c1,CCOC(=O)NC(C)C(OC)(OC)c1ccc2cc(OC)ccc2c1.[OH-].[K+].O.CO
464,beam,True,True,1.0,4,C[C@H]1CC(=O)c2cc(S(N)(=O)=O)sc2S1,C[C@H]1CC(=O)c2cc(S(N)(=O)=O)sc2S1,[OH-].[NH4+].C[C@H]1CC(=O)c2cc(S(=O)(=O)Cl)sc2S1.ClCCl
465,beam,True,True,1.0,4,Cc1cc(Oc2ccccc2)cc2c1C(CC(=O)O)OB2O,Cc1cc(Oc2ccccc2)cc2c1C(CC(=O)O)OB2O,CCOC(=O)CC1OB(O)c2cc(Oc3ccccc3)cc(C)c21.[OH-].[Li+].Cl.CO
466,beam,True,True,1.0,4,CC1CN(C)c2c3c(nc4cccc(c24)O1)CCCC3,CC1CN(C)c2c3c(nc4cccc(c24)O1)CCCC3,[H-].[Al+3].[Li+].[H-].[H-].[H-].[Cl-].[Al+3].[Cl-].[Cl-].CC1Oc2cccc3nc4c(c(c23)N(C)C1=O)CCCC4.[OH-].[Na+].C1CCOC1.CCOC(C)=O
467,beam,False,False,1.0,4,CN(C(=O)CN(c1ccccc1)c1ccccc1)[C@@H]1CCN(C(=O)c2ccccc2)C1,CN(C(=O)CN(c1ccccc1)c1ccccc1)[C@@H]1CCN(Cc2ccccc2)C1,CN[C@@H]1CCN(C(=O)c2ccccc2)C1.O=C(O)CN(c1ccccc1)c1ccccc1.ClCCCl.ClCCl.CN(C)c1ccncc1
468,beam,True,True,1.0,3,CS(=O)(=O)c1ccccc1OCC(=O)NCC(O)CN1Cc2ccccc2C1,CS(=O)(=O)c1ccccc1OCC(=O)NCC(O)CN1Cc2ccccc2C1,CCOC(=O)COc1ccccc1S(C)(=O)=O.NCC(O)CN1Cc2ccccc2C1.CCO
469,beam,True,True,1.0,5,Fc1cnccc1CCN1CCNCC1,Fc1cnccc1CCN1CCNCC1,CC(C)(C)OC(=O)N1CCN(CCc2ccncc2F)CC1.Cl.CO.COc1ccccc1.CCOCC
470,beam,True,True,1.0,4,Cc1c(C(=O)Nc2cnc(N3CCC(=O)CC3)c(Cl)c2)cnn1-c1ccc(Cl)cc1,Cc1c(C(=O)Nc2cnc(N3CCC(=O)CC3)c(Cl)c2)cnn1-c1ccc(Cl)cc1,Cc1c(C(=O)Nc2cnc(N3CCC4(CC3)OCCO4)c(Cl)c2)cnn1-c1ccc(Cl)cc1.Cl.O.[OH-].[Na+].CC(=O)O
471,beam,False,False,1.0,5,O=C1C=CC(=O)c2ccccc21,CC(=O)OC1C=CCC2C(=O)c3ccccc3C(=O)C12,O=C1C=CC(=O)c2ccccc21.C=CC=COC(C)=O.CC(=O)O
472,beam,True,True,1.0,5,CCOC(=O)C(=O)c1ccc(O[C@H]2CCN(C(=O)OC(C)(C)C)C2)cc1,CCOC(=O)C(=O)c1ccc(O[C@H]2CCN(C(=O)OC(C)(C)C)C2)cc1,CCOC(=O)C(=O)c1ccc(O)cc1.CC(C)(C)OC(=O)N1CC[C@@H](O)C1.c1ccc(P(c2ccccc2)c2ccccc2)cc1.CCOC(=O)N=NC(=O)OCC.CCOC(C)=O.C1CCOC1
473,beam,False,False,1.0,2,ICCOCc1nc2c(N(Cc3ccccc3)Cc3ccccc3)nc3ccccc3c2[nH]1,c1ccc(CN(Cc2ccccc2)c2nc3ccccc3c3c2nc2n3CCOC2)cc1,O=C([O-])[O-].[K+].[K+].[I-].[Na+].CS(=O)(=O)OCCOCc1nc2c(N(Cc3ccccc3)Cc3ccccc3)nc3ccccc3c2[nH]1.CC(C)=O
474,beam,True,True,1.0,4,CC(C)c1cc(Br)cc(C(C)C)c1N,CC(C)c1cc(Br)cc(C(C)C)c1N,CC(C)c1cccc(C(C)C)c1N.O=C1CCC(=O)N1Br.O.CN(C)C=O
475,beam,True,True,1.0,3,O=C(Cc1ccc(Cl)cc1)Nn1nc(CNC(=O)OC2CCCC2)c2ccccc2c1=O,O=C(Cc1ccc(Cl)cc1)Nn1nc(CNC(=O)OC2CCCC2)c2ccccc2c1=O,NCc1nn(NC(=O)Cc2ccc(Cl)cc2)c(=O)c2ccccc12.O=C(Cl)OC1CCCC1
476,beam,False,False,1.0,5,COc1ccc(NS(=O)(=O)NC(=O)O)cc1,COc1ccc2c(c1)S(=O)(=O)NC(=O)N2,COc1ccc(N)cc1.O=C=NS(=O)(=O)Cl.[Cl-].[Al+3].[Cl-].[Cl-].CC[N+](=O)[O-]
477,beam,False,False,1.0,5,CCOC(=O)CC(=O)CC(=O)O[C@@H]1C[C@H](C)CC[C@H]1C(C)C,CC(C)[C@@H]1CC[C@@H](C)C[C@H]1OC(=O)[C@@H]1C(=O)CC(=O)C[C@H]1C,CC(C)(C)[O-].[K+].CC(=O)CC(=O)O[C@@H]1C[C@H](C)CC[C@H]1C(C)C.C/C=C/C(=O)OCC.CC(C)(C)O
478,beam,False,False,1.0,4,CCSC(SC)=C1C(=O)OC(C)(C)OC1=O,CCSC(SCC)=C1C(=O)OC(C)(C)OC1=O,CSC(SC)=C1C(=O)OC(C)(C)OC1=O.CCS.C[O-].[Na+].CO
479,beam,True,True,1.0,4,CCOC(=O)c1[nH]cc(CCc2ccc(Cl)cc2)c1C,CCOC(=O)c1[nH]cc(CCc2ccc(Cl)cc2)c1C,CC[SiH](CC)CC.CCOC(=O)c1[nH]cc(C(=O)Cc2ccc(Cl)cc2)c1C.O=C(O)C(F)(F)F
480,beam,False,False,1.0,3,Cn1c(=O)c2c(cc(N3CCC[C@@H](N)C3)n2Cc2ccccc2Cl)n(C)c1=O,Cn1c(=O)c2c(c(C=O)c(N3CCC[C@@H](NC(=O)OC(C)(C)C)C3)n2Cc2ccccc2Cl)n(C)c1=O,O=P(Cl)(Cl)Cl.Cn1c(=O)c2c(cc(N3CCC[C@@H](NC(=O)OC(C)(C)C)C3)n2Cc2ccccc2Cl)n(C)c1=O.O.CN(C)C=O
481,beam,False,False,1.0,5,COc1cc([C@@H]2CCN(C(=O)OC(C)(C)C)C[C@H]2C(=O)O)ccn1,CCOC(=O)[C@@H]1CN(C(=O)OC(C)(C)C)CC[C@H]1c1ccnc(OC)c1,CCOC(=O)[C@@H]1CN(C(=O)OC(C)(C)C)CC[C@@H]1c1ccnc(OC)c1.CC[O-].[Na+].CCO
482,beam,True,True,1.0,5,O=C(CN1CCN(CC(=O)N2CCC3(CC2)Cn2cc([N+](=O)[O-])nc2O3)CC1)Nc1ccc(C(F)(F)F)cc1,O=C(CN1CCN(CC(=O)N2CCC3(CC2)Cn2cc([N+](=O)[O-])nc2O3)CC1)Nc1ccc(C(F)(F)F)cc1,CC(C)(C)OC(=O)N1CCN(CC(=O)N2CCC3(CC2)Cn2cc([N+](=O)[O-])nc2O3)CC1.O=C(O)C(F)(F)F.O=C(CBr)Nc1ccc(C(F)(F)F)cc1.CCN(CC)CC.ClCCl.O
483,beam,True,True,1.0,4,CC(C)(C)OC(=O)N1CCCN(c2ccc(C=O)c(O)n2)CC1,CC(C)(C)OC(=O)N1CCCN(c2ccc(C=O)c(O)n2)CC1,O=Cc1ccc(Cl)nc1O.CC(C)(C)OC(=O)N1CCCNCC1.O=C([O-])O.[Na+].CS(C)=O
484,beam,False,False,1.0,4,Cn1cc(C(=O)N2CCC2)cn1,Cn1ncc(C(=O)N2CCC2)c1C(=O)O,CN(C)C(=O)c1cnn(C)c1C(=O)O.Cn1cc(C(=O)N2CCC2)cn1
485,beam,True,True,1.0,5,COc1cc(N2CCN(C(C)=O)CC2)ccc1Nc1ncc(Cl)c(-c2cnc3cc(N4CCCC4)ccn23)n1,COc1cc(N2CCN(C(C)=O)CC2)ccc1Nc1ncc(Cl)c(-c2cnc3cc(N4CCCC4)ccn23)n1,COc1cc(N2CCN(C(C)=O)CC2)ccc1Nc1ncc(Cl)c(-c2cnc3cc(Cl)ccn23)n1.C1CCNC1.ClCCl.CCO
486,beam,True,True,1.0,4,CC(C)(Br)C(=O)NCCOCc1ccccc1,CC(C)(Br)C(=O)NCCOCc1ccccc1,CC(C)(Br)C(=O)Br.O=C([O-])[O-].[K+].[K+].NCCOCc1ccccc1.ClCCl
487,beam,True,True,1.0,5,COC(=O)c1cccc2cc(Oc3ccc(OC)nc3)ccc12,COC(=O)c1cccc2cc(Oc3ccc(OC)nc3)ccc12,COC(=O)c1cccc2cc(O)ccc12.COc1ccc(B(O)O)cn1.CCN(CC)CC.CC#N.CC(=O)[O-].[Cu+2].CC(=O)[O-]
488,beam,False,False,1.0,4,N#CNc1ccc(-n2cccn2)c(CN)c1,CCOC(=N)Nc1ccc(-n2cccn2)c(CN)c1,CC(C)(C)OC(=O)NCc1cc(NC#N)ccc1-n1cccn1.Cl.CCO
489,beam,True,True,1.0,4,CC(=O)Nc1nc(CN(C)C)cs1,CC(=O)Nc1nc(CN(C)C)cs1,CC(=O)Nc1nc(CCl)cs1.CNC.C1CCOC1
490,beam,True,True,1.0,2,O=C1CCCN1c1ccc(OS(=O)(=O)C(F)(F)F)c(Cc2ccccc2)c1,O=C1CCCN1c1ccc(OS(=O)(=O)C(F)(F)F)c(Cc2ccccc2)c1,O=C1CCCN1c1ccc(O)c(Cc2ccccc2)c1.O=S(=O)(N(c1ccccc1)S(=O)(=O)C(F)(F)F)C(F)(F)F.CCN(CC)CC.CN(C)c1ccncc1.ClCCl
491,beam,False,True,1.0,4,CC(C)(C)c1ccc(C(=O)NCCc2cccc(C(F)(F)F)c2)c(Cl)c1,CC(C)(C)c1ccc(CNCCc2cccc(C(F)(F)F)c2)c(Cl)c1,CC(C)(C)c1ccc(C(=O)NCCc2cccc(C(F)(F)F)c2)c(Cl)c1.Cl.[OH-].[Na+].C1CCOC1
492,beam,True,True,1.0,5,COC(=O)c1cc(O)c2cc(C#CCNC(=O)OC(C)(C)C)cc(OCc3ccccc3)c2n1,COC(=O)c1cc(O)c2cc(C#CCNC(=O)OC(C)(C)C)cc(OCc3ccccc3)c2n1,COC(=O)c1cc(O)c2cc(Br)cc(OCc3ccccc3)c2n1.C#Cc1ccccc1.C#CCNC(=O)OC(C)(C)C
493,beam,False,False,1.0,5,COC(=O)C=CCc1ccccc1[N+](=O)[O-],COC(=O)C/C=C/c1ccccc1[N+](=O)[O-],O=CCc1ccccc1[N+](=O)[O-].COC(=O)C=P(c1ccccc1)(c1ccccc1)c1ccccc1.Cc1ccccc1
494,beam,True,True,1.0,5,CC(=O)Nc1ccc(C(=O)N(CCN2CCC(C(=O)c3ccc(F)cc3)CC2)c2cccc(C(F)(F)F)c2)cc1,CC(=O)Nc1ccc(C(=O)N(CCN2CCC(C(=O)c3ccc(F)cc3)CC2)c2cccc(C(F)(F)F)c2)cc1,Nc1ccc(C(=O)N(CCN2CCC(C(=O)c3ccc(F)cc3)CC2)c2cccc(C(F)(F)F)c2)cc1.CC(=O)OC(C)=O
495,beam,True,True,1.0,3,CC1=C(C(=O)Nc2cc(C(=O)OC(C)C)c(C)cc2F)SCCO1,CC1=C(C(=O)Nc2cc(C(=O)OC(C)C)c(C)cc2F)SCCO1,O=S(Cl)Cl.CC1=C(C(=O)O)SCCO1.Cc1cc(F)c(N)cc1C(=O)OC(C)C.CCN(CC)CC.ClCCl
496,beam,False,False,1.0,4,COc1cc(C(F)(F)F)nn1C,COc1c(CO)c(C(F)(F)F)nn1C,Cn1nc(C(F)(F)F)cc1O.O=C([O-])[O-].[K+].[K+].C=O.COS(=O)(=O)OC.CN(C)C=O.O.CCOC(C)=O
497,beam,True,True,1.0,5,CC(=O)OCC(=O)Nc1cnc(Br)cc1NC(C)(C)COC(C)=O,CC(=O)OCC(=O)Nc1cnc(Br)cc1NC(C)(C)COC(C)=O,CC(=O)OCC(C)(C)Nc1cc(Br)ncc1N.CCN(CC)CC.CC(=O)OCC(=O)Cl.C1CCOC1.O
498,beam,False,True,1.0,4,COC(=O)c1ccc(CC(NC(=O)OCc2ccccc2)C(=O)OC)nc1,COC(=O)CN(Cc1ccc(C(=O)OC)cn1)C(=O)OCc1ccccc1,COC(=O)c1ccc(CBr)nc1.COC(=O)CNC(=O)OCc1ccccc1.O=C([O-])[O-].[K+].[K+].O.CN(C)C=O
499,beam,True,True,1.0,5,Cc1[nH]c2ccc(OCc3ccccc3)cc2c1-c1cccc(Cl)c1,Cc1[nH]c2ccc(OCc3ccccc3)cc2c1-c1cccc(Cl)c1,Cl.NNc1ccc(OCc2ccccc2)cc1.CC(=O)Cc1cccc(Cl)c1.O=S(=O)(O)O.CCO
0,mc_greedy,False,False,0.8,8,CC1(C)OB(c2cc(S(=O)(=O)N3CCCCc4ccccc43)c(O)cc2Cl)OC1(C)C,CC1(C)OC(c2cc(S(=O)(=O)N3CCCCc4ccccc43)c(O)cc2Cl)OC1(C)C,O=S(=O)(c1cc(Br)c(Cl)cc1O)N1CCCCc2ccccc21.CC1(C)OB(B2OC(C)(C)C(C)(C)O2)OC1(C)C.CC(=O)[O-].[K+].C1COCCO1
1,mc_greedy,False,False,0.7,9,CC(C)(C)[Si](C)(C)n1ccnc1,C#C[C@@H](O[Si](C)(C)C(C)(C)C)C1CCCCC1,c1c[nH]cn1.CC(C)(C)[Si](C)(C)Cl.O.CCCCCC.CN(C)C=O
2,mc_greedy,True,True,0.6,15,CCCC(=O)NS(=O)(=O)c1ccc(C(=O)/C=C/c2cc(N3CCCC3)c(OC)cc2OC)cc1,CCCC(=O)NS(=O)(=O)c1ccc(C(=O)/C=C/c2cc(N3CCCC3)c(OC)cc2OC)cc1,COc1cc(OC)c(N2CCCC2)cc1/C=C/C(=O)c1ccc(S(N)(=O)=O)cc1.CCCC(=O)OC(=O)CCC.CCN(CC)CC.CN(C)c1ccncc1.C1CCOC1.CN(C)C=O
3,mc_greedy,False,True,0.1,24,C=C(C)C(=O)OCCCCC(F)(F)S(=O)(=O)[O-],C=C(C)C(=O)OCCCCC(F)(F)C(F)(F)S(=O)(=O)[O-],O=S(=O)([O-])C(F)(F)C(F)(F)CCCCO.[Na+].CC#N.C=C(C)C(=O)OC(=O)C(=C)C.CCN(CC)CC.O
4,mc_greedy,True,True,0.9,8,CCOC(=O)Cc1ccc(-c2ccc(-c3onc(C)c3[C@H](O)CSCc3ccccc3)cc2)cc1,CCOC(=O)Cc1ccc(-c2ccc(-c3onc(C)c3[C@H](O)CSCc3ccccc3)cc2)cc1,Cc1noc(-c2ccc(Br)cc2)c1[C@H](O)CSCc1ccccc1.CCOC(=O)Cc1ccc(B2OC(C)(C)C(C)(C)O2)cc1
5,mc_greedy,True,True,0.8,2,CC(C)c1noc(N2CCC([C@H]3C[C@H]3CCOc3ccc(-n4cnnn4)cc3)CC2)n1,CC(C)c1noc(N2CCC([C@H]3C[C@H]3CCOc3ccc(-n4cnnn4)cc3)CC2)n1,N#CN1CCC([C@H]2C[C@H]2CCOc2ccc(-n3cnnn3)cc2)CC1.CC(C)C(=N)NO.C1CCOC1.[Cl-].[Zn+2].[Cl-]
6,mc_greedy,False,True,0.8,4,O=C1CNc2ncccc2CN1,O=C1CNc2ncc(Br)cc2CN1,O=C1CNc2ncccc2CN1.CC(=O)O.BrBr.CCCCCC
7,mc_greedy,False,False,0.3,14,Cc1nc(C)c(C(O)C(=O)OC(C)C)c(N2CCC(C)CC2)c1-c1ccccc1O,Cc1nc(C)c([C@H](O)C(=O)OC(C)C)c(N2CCC(C)CC2)c1Br,B1Oc2ccccc2O1.Cc1nc(C)c(C(=O)C(=O)OC(C)C)c(N2CCC(C)CC2)c1Br.CB1OC(c2ccccc2)(c2ccccc2)[C@H]2CCCN12.Cc1ccccc1
8,mc_greedy,False,False,1.0,7,CCCCCCCCC(=O)Nc1ccc(O)cc1O,O=C(Nc1ccccc1)c1ccc(O)cc1O,Nc1ccc(O)cc1O.CCN(CC)CC.O.CCCCCCCCC(=O)Cl.C1CCOC1
9,mc_greedy,False,False,0.4,11,O=C(Nc1ccc2cc(CN3C(=O)c4ccccc4C3=O)cnc2c1F)c1ccc(OCC2CC2)cc1,NCc1cnc2c(F)c(NC(=O)c3ccc(OCC4CC4)cc3)ccc2c1,O.NN.O=C(Nc1ccc2cc(CN3C(=O)c4ccccc4C3=O)cnc2c1F)c1ccc(OCC2CC2)cc1.CCOC(C)=O.CN1CCCC1=O
10,mc_greedy,False,False,0.5,6,CCOC(=O)c1nn(-c2ccccc2)c2c1CCCO2,CCOC(=O)C(=NNc1ccccc1)C1=C(C(=O)Nc2ccccc2)OCC1,O=C(Nc1ccccc1)C1=CCCO1.CCOC(=O)C(Cl)=NNc1ccccc1.CCN(CC)CC.CCOC(C)=O
11,mc_greedy,False,False,0.4,8,COc1ccc2nc(-c3cccnc3)nc(N3C(=O)C4(OCCO4)c4cc(F)ccc43)c2c1,COc1ccc2nc(-c3cccnc3)nc(Nc3ccc(F)cc3C3(C(=O)O)OCCO3)c2c1,COc1ccc2nc(-c3cccnc3)nc(Cl)c2c1.O=C1Nc2ccc(F)cc2C12OCCO2.[OH-].[K+].O.CS(C)=O
12,mc_greedy,True,True,1.0,2,CC(=O)C(C)(C)COS(=O)(=O)c1ccc(C)cc1,CC(=O)C(C)(C)COS(=O)(=O)c1ccc(C)cc1,Cc1ccc(S(=O)(=O)Cl)cc1.CC(=O)C(C)(C)CO.c1ccncc1.Cl.ClC(Cl)Cl
13,mc_greedy,True,True,0.9,7,NCc1ccc(Cl)c([N+](=O)[O-])c1,NCc1ccc(Cl)c([N+](=O)[O-])c1,B.C1CCOC1.N#Cc1ccc(Cl)c([N+](=O)[O-])c1.CO.Cl.C1CCOC1
14,mc_greedy,False,True,0.6,14,CCCCc1nc2c(N)nc3ccccc3c2n1CCCC(=O)c1ccccc1,CCCCc1nc2c(N)nc3ccccc3c2n1CCCC(=NOC)c1ccccc1,CCCCc1nc2c(N)nc3ccccc3c2n1CCCC(=O)c1ccccc1.Cl.CON
15,mc_greedy,False,True,0.8,5,O=[N+]([O-])c1cccc2nc(NC3COc4ccccc43)ccc12,O=S(=O)(Nc1cccc2nc(NC3COc4ccccc43)ccc12)c1ccc(F)cc1,O=[N+]([O-])c1cccc2nc(Cl)ccc12.O=S(=O)(Cl)c1ccc(F)cc1.NC1COc2ccccc21
16,mc_greedy,False,False,0.3,14,Cc1cnc(N2CCN(C(=O)c3ccc(N4C(=O)NC(C(C)C)C4=O)nc3)CC2)c(C)c1,Cc1cnc(N2CCN(C(=O)c3ccc(N4C(=O)N(C)C(=O)C4C(C)C)nc3)CC2)c(C)c1,Cc1cnc(N2CCN(C(=O)c3ccc(Br)nc3)CC2)c(C)c1.CC(C)C1NC(=O)N(C)C1=O
17,mc_greedy,False,False,0.8,4,COc1ccc(C(c2ccc(F)cc2)C(c2ccccc2)C(F)(F)F)cc1,COc1ccc(C(=C(c2ccccc2)C(F)(F)F)c2ccc(F)cc2)cc1,COc1ccc(C(c2ccc(F)cc2)C(c2ccccc2)C(F)(F)F)cc1.N#CC1=C(C#N)C(=O)C(Cl)=C(Cl)C1=O
18,mc_greedy,True,True,0.6,5,O=C(NC1(C(=S)NCC(F)(F)F)CC1)c1ccc(/C=C/C(c2cc(Cl)c(Cl)c(Cl)c2)C(F)(F)F)cc1C(F)(F)F,O=C(NC1(C(=S)NCC(F)(F)F)CC1)c1ccc(/C=C/C(c2cc(Cl)c(Cl)c(Cl)c2)C(F)(F)F)cc1C(F)(F)F,O=C(NC1(C(=O)NCC(F)(F)F)CC1)c1ccc(/C=C/C(c2cc(Cl)c(Cl)c(Cl)c2)C(F)(F)F)cc1C(F)(F)F.S=P12SP3(=S)SP(=S)(S1)SP(=S)(S2)S3.C[Si](C)(C)O[Si](C)(C)C.ClCCl
19,mc_greedy,True,True,0.8,9,N#Cc1ccc(CCc2ncc3ccc(C(=O)O)cc3n2)cc1,N#Cc1ccc(CCc2ncc3ccc(C(=O)O)cc3n2)cc1,COC(=O)c1ccc2cnc(CCc3ccc(C#N)cc3)nc2c1.C1CCOC1.Cl.[OH-].[Li+]
20,mc_greedy,False,True,0.2,3,CCc1cc2c3ccccc3ccc2c2ccccc12,CCc1cc2c3ccccc3c(CNC(C)(CO)COS(C)(=O)=O)cc2c2ccccc12,CC(CO)(COS(C)(=O)=O)NCc1cc2c3ccccc3ccc2c2ccccc12.CCc1cc2c3ccccc3c(C=O)cc2c2ccccc12.CC(N)(CO)CO
21,mc_greedy,True,True,0.5,19,CCC(O)[C@H]1COC(C)(C)N1C(=O)OC(C)(C)C,CCC(O)[C@H]1COC(C)(C)N1C(=O)OC(C)(C)C,CC(C)(C)OC(=O)N1[C@@H](C=O)COC1(C)C.C[CH2][Mg][Br].C1CCOC1
22,mc_greedy,False,True,0.3,23,CCCCCCCCCCCCCCCCCCCCCCCCCCCCCCCCCCCCCCCCCCCCCCCCCCCCCCCCCCCCCCCCCCCCCCCCCCCCCCCCCCCCCCCCCCCCCCCCCCCCCCCCCCCCCCCCCCCCCCCCCCCCCCCCCCCCCCCCCCCCCCCCCCCCCCCCCCCCCCCCCCCCCCCCCCCCCCCCCCCCCCCCCCCCCCCCCCCCCCCCCCCCCCCCCCCCCCCCCCCCCCCCCCCCCCCCCCCCCCCCCCCCCCCCCCCCCCCCCCCCCCCCCCCCCCCCCCCCCCCCCCCCCCCCCCCCCCCCCCCC,CC(C)N1CCCCC1,C=CC.c1ccncc1.CO.CC(=O)O.[O]=[Pt]=[O]
23,mc_greedy,False,False,0.2,21,O=[N+]([O-])c1ccccc1,Nc1nc(-c2ccc([N+](=O)[O-])cc2)cs1,NC(N)=S.CC(=O)[O-].[Na+].O=C(O)CBr.O=[N+]([O-])c1ccccc1.CCO
24,mc_greedy,True,True,0.8,10,CC(C)(C)OC(=O)N1CCC(Cc2cc(-c3ccccc3Cl)c3c(c2)N(c2c(Cl)cccc2Cl)C(=O)NC3)CC1,CC(C)(C)OC(=O)N1CCC(Cc2cc(-c3ccccc3Cl)c3c(c2)N(c2c(Cl)cccc2Cl)C(=O)NC3)CC1,CC(C)(C)OC(=O)N1CCC(=Cc2cc(-c3ccccc3Cl)c3c(c2)N(c2c(Cl)cccc2Cl)C(=O)NC3)CC1.CCOC(C)=O.O.[O]=[Pt]=[O]
25,mc_greedy,False,False,0.9,5,COC(=O)c1ccc(C)c(NC(=O)CCc2c(Br)cc(OC)cc2Br)c1,COC(=O)c1ccc(C)c(N2C(=O)CCc3c(Br)cc(OC)cc32)c1,COC(=O)c1ccc(C)c(NC(=O)CCc2c(Br)cc(OC)cc2Br)c1.COc1cc(Br)c(CCC(=O)O)c(Br)c1
26,mc_greedy,True,True,0.7,4,CON=Cc1cc2cc(OCc3c(Cl)cccc3Cl)ccc2n1CCCc1nnn[nH]1,CON=Cc1cc2cc(OCc3c(Cl)cccc3Cl)ccc2n1CCCc1nnn[nH]1,CON=Cc1cc2cc(OCc3c(Cl)cccc3Cl)ccc2n1CCCC#N.C[Si](C)(C)N=[N+]=[N-].CCC[CH2][Sn](=[O])[CH2]CCC.Cc1ccccc1
27,mc_greedy,True,True,1.0,1,Cc1c(CCl)oc2ccc(Br)c(OC(C)C)c12,Cc1c(CCl)oc2ccc(Br)c(OC(C)C)c12,Cc1c(CO)oc2ccc(Br)c(OC(C)C)c12.O=S(Cl)Cl.ClCCl
28,mc_greedy,False,False,0.4,9,NC(=O)N1c2ccccc2CC(=O)c2ccccc21,NC(=O)N1c2ccccc2C[C@H](O)c2ccccc21,O=CO.CCN(CC)CC.NC(=O)N1c2ccccc2CC(=O)c2ccccc21.ClCCl.CN(C)C=O
29,mc_greedy,True,True,0.6,9,COCOc1ccccc1OCOC,COCOc1ccccc1OCOC,[H-].[Na+].Oc1ccccc1O.COCCl.CN(C)C=O.CCOCC
30,mc_greedy,True,True,0.5,11,O=C1C=CC2=CN(S(=O)(=O)c3ccccc3)C=C3CC(NC4CC4)C(=C23)C1,O=C1C=CC2=CN(S(=O)(=O)c3ccccc3)C=C3CC(NC4CC4)C(=C23)C1,O=C1C=CC2=CN(S(=O)(=O)c3ccccc3)C=C3CC(N(C(=O)C(F)(F)F)C4CC4)C(=C23)C1.O.CCO
31,mc_greedy,True,True,0.9,2,COC(=O)c1cnc2ccc(OC)nc2c1Br,COC(=O)c1cnc2ccc(OC)nc2c1Br,COc1ccc2ncc(C(=O)O)c(Br)c2n1.O=C([O-])[O-].[K+].[K+].CI.CN(C)C=O
32,mc_greedy,False,True,0.6,7,CC1(C)OB(c2cc(F)c(N)c(F)c2)OC1(C)C,CC1(C)OB(c2cc(F)c(N)cc2F)OC1(C)C,CC(=O)[O-].[K+].CC1(C)OB(B2OC(C)(C)C(C)(C)O2)OC1(C)C.Nc1cc(F)c(Br)cc1F.COCCOC
33,mc_greedy,False,False,0.4,14,CCOC(=O)c1cc(C(F)(F)F)sc1N=C(N)c1cccnc1,FC(F)(F)c1cc2c(Cl)nc(-c3cccnc3)nc2s1,N#Cc1cccnc1.CCOC(=O)c1cc(C(F)(F)F)sc1N.O=P(Cl)(Cl)Cl
34,mc_greedy,False,False,0.3,6,[N-]=[N+]=NCCOCCOCCOCCOCCn1c(=O)[nH][nH]c1=O,[N-]=[N+]=NCCOCCOCCOCCN1C(=O)N=NC1=O,[N-]=[N+]=NCCOCCOCCOCCn1c(=O)[nH][nH]c1=O.ClCCl
35,mc_greedy,True,True,0.5,16,N#Cc1ccc(Cc2cn(C(c3ccccc3)(c3ccccc3)c3ccccc3)cn2)cc1,N#Cc1ccc(Cc2cn(C(c3ccccc3)(c3ccccc3)c3ccccc3)cn2)cc1,CC(Br)Br.N#Cc1ccc(CBr)cc1.Ic1cn(C(c2ccccc2)(c2ccccc2)c2ccccc2)cn1.C1CCOC1.[Zn].[Ni].c1ccc(P(c2ccccc2)c2ccccc2)cc1.c1ccc(P(c2ccccc2)c2ccccc2)cc1
36,mc_greedy,True,True,0.6,5,CCCCn1c(=O)n(CCCCc2nc(-c3cccc(O)c3)no2)c(=O)c2[nH]c(Cl)nc21,CCCCn1c(=O)n(CCCCc2nc(-c3cccc(O)c3)no2)c(=O)c2[nH]c(Cl)nc21,CCCCn1c(=O)n(CCCCC(=O)OCC)c(=O)c2[nH]c(Cl)nc21.N=C(NO)c1cccc(O)c1.CC[O-].[Na+].CCO
37,mc_greedy,True,True,0.6,9,CC(C)(C)OC(=O)N1CCC(c2c[nH]c3ccc(F)cc23)CC1,CC(C)(C)OC(=O)N1CCC(c2c[nH]c3ccc(F)cc23)CC1,Fc1ccc2[nH]cc(C3=CCNCC3)c2c1.CC(C)(C)OC(=O)OC(=O)OC(C)(C)C.[Pd].CO
38,mc_greedy,False,False,0.8,15,CCOC(=O)c1cnc(Cl)nc1NCc1ccc(OC)c(Cl)c1,c1cn2c(n1)CNCC2,CCOC(=O)c1cnc(Cl)nc1NCc1ccc(OC)c(Cl)c1.CCN(CC)CC.ClC(Cl)Cl
39,mc_greedy,False,True,0.9,3,CN(C)Cc1c[nH]c2ncccc12,c1ccc(N2CCN(Cc3c[nH]c4ncccc34)CC2)nc1,CN(C)Cc1c[nH]c2ncccc12.c1ccc(N2CCNCC2)nc1.Cc1ccccc1
40,mc_greedy,False,False,0.9,11,OCC1(c2cccc3ccccc23)CCC(O)CC1,O=C1CCC(CO)(c2cccc3ccccc23)CC1,O=C1CCC(C(=O)O)(c2cccc3ccccc23)CC1.C1CCOC1.[H-].[Al+3].[Li+].[H-].[H-].[H-].[OH-].[Na+].O
41,mc_greedy,False,False,1.0,3,CCOC(=O)COc1ccc(C=Cc2cccc(OCC(=O)OCC)c2)cc1,CCOC(=O)COc1ccc(C=O)cc1,CCOC(=O)COc1cccc(C=O)c1.O=Cc1ccc(O)cc1.CCOC(=O)CBr
42,mc_greedy,True,True,0.6,7,COc1ccc(C(C)(C)O)nc1Br,COc1ccc(C(C)(C)O)nc1Br,COc1ccc(I)nc1Br.[Li][CH2]CCC.CC(C)=O.O.Cc1ccccc1.CCOC(C)=O
43,mc_greedy,True,True,0.1,39,C=CC(=O)OCC(CCC(C)C)(COC(=O)C=C)C(C)C,C=CC(=O)OCC(CCC(C)C)(COC(=O)C=C)C(C)C,CC(C)CCC(CO)(CO)C(C)C.C=CC(=O)O.Cc1ccccc1.O=S(=O)(O)O.O
44,mc_greedy,False,True,0.8,9,CC(C)(C)CCNCc1cccc(F)c1N1CCC(F)(F)C1,CC(C)(C)CCN=Cc1cccc(F)c1N1CCC(F)(F)C1,O=Cc1cccc(F)c1N1CCC(F)(F)C1.CC(C)(C)CCN.Cc1ccccc1
45,mc_greedy,True,True,0.9,2,COCCCC[C@@](O)(c1cccc(Cl)c1F)[C@H]1CNCCO1,COCCCC[C@@](O)(c1cccc(Cl)c1F)[C@H]1CNCCO1,COCCCC[C@@](O)(c1cccc(Cl)c1F)[C@H]1CN(C(=O)OC(C)(C)C)CCO1.[OH-].[Na+].CC#N.Cl
46,mc_greedy,True,True,1.0,2,CC(C)Cc1cc(-c2ccc(Cn3cncn3)cc2)c(S(=O)(=O)NC(C)(C)C)s1,CC(C)Cc1cc(-c2ccc(Cn3cncn3)cc2)c(S(=O)(=O)NC(C)(C)C)s1,CC(C)Cc1cc(B(O)O)c(S(=O)(=O)NC(C)(C)C)s1.Brc1ccc(Cn2cncn2)cc1.[OH-].[Na+].Cc1ccccc1.CCO.CC(=O)[O-].CC(=O)[O-].[Pd+2].c1ccc(P(c2ccccc2)c2ccccc2)cc1
47,mc_greedy,False,False,0.2,8,CN1C(=O)CC(c2ccc(N)c(-c3ccccc3)c2)CC1=O,CN1C(=O)CC(c2ccc(N)c(C3=CCCCC3)c2)CC1=O,CN1C(=O)CC(c2ccc(N)c(Br)c2)CC1=O.C1COCCO1.O=P([O-])([O-])[O-].[K+].[K+].[K+].c1ccc(-c2ccccc2P(C2CCCCC2)C2CCCCC2)cc1.Cc1ccccc1.CCOC(C)=O.CC(=O)[O-].CC(=O)[O-].[Pd+2]
48,mc_greedy,True,True,0.4,15,CCN(CC)CCNC(=O)c1c(C)[nH]c(C=C2C(=O)Nc3cccc(-c4cccc(OC)c4)c32)c1C,CCN(CC)CCNC(=O)c1c(C)[nH]c(C=C2C(=O)Nc3cccc(-c4cccc(OC)c4)c32)c1C,COc1cccc(-c2cccc3c2CC(=O)N3)c1.CCN(CC)CCNC(=O)c1c(C)[nH]c(C=O)c1C.CCO.C1CCNCC1
49,mc_greedy,False,True,0.2,11,C[C@@H]1COCCN1c1cc(C(=O)O)nc(-c2ccc(NC(=O)NC3CC3)cc2)n1,C[C@H]1COCCN1c1cc(C(=O)O)nc(-c2ccc(NC(=O)NC3CC3)cc2)n1,COC(=O)c1cc(N2CCOC[C@@H]2C)nc(-c2ccc(NC(=O)NC3CC3)cc2)n1.[OH-].[Na+].C1CCOC1.O
50,mc_greedy,False,False,0.7,4,CCOC(=O)c1cnn(-c2cccc(-c3cc(F)ccc3C=Cc3ccc(OC)cc3C)n2)c1C(F)(F)F,CCOC(=O)c1cnn(-c2cccc(-c3cc(F)ccc3/C=C/c3ccc(OC)cc3C)n2)c1C(F)(F)F,[H-].[Na+].CCOP(=O)(Cc1ccc(OC)cc1C)OCC.CCOC(=O)c1cnn(-c2cccc(-c3cc(F)ccc3C=O)n2)c1C(F)(F)F.C1CCOC1.O
51,mc_greedy,False,False,0.9,8,COCCN(C)c1ncc(C(=O)NC[C@H]2CCCC[C@H]2O)cc1-c1ccc(Cl)cc1,COCCN(C)c1ncc(C(=O)NCC2CCCCC2O)cc1-c1ccc(Cl)cc1,COCCN(C)c1ncc(C(=O)O)cc1-c1ccc(Cl)cc1.Cl.NC[C@H]1CCCC[C@H]1O.CN(C)C(On1nnc2ccccc21)=[N+](C)C.F[B-](F)(F)F.CCN(C(C)C)C(C)C.CC(=O)N(C)C
52,mc_greedy,False,True,0.2,10,Cc1nn(C)c(-c2c(F)cccc2Cl)c1N,Cc1nn(C)c(N)c1-c1c(F)cccc1Cl,CC(=O)C(C#N)c1c(F)cccc1Cl.O=S(=O)(O)O.CNN.CC(=O)[O-].[Na+].CCO
53,mc_greedy,True,True,0.8,10,CCOC(=O)c1ccc(N)c(Br)c1,CCOC(=O)c1ccc(N)c(Br)c1,CCOC(=O)c1ccc(N)cc1.c1ccncc1.BrBr.O=P(O)(O)O.ClCCl.CCOCC
54,mc_greedy,False,False,0.3,16,COc1cncc(-c2cnc(Nc3nc(C)cs3)c3ccc(C)nc23)c1,COc1cncc(-c2cnc(Nc3nc(C)cs3)c3nc(C)ccc23)c1,Cc1ccc2c(I)cnc(Cl)c2n1.COc1cncc(B2OC(C)(C)C(C)(C)O2)c1.Cc1csc(N)n1
55,mc_greedy,True,True,0.9,2,Clc1ccc2nc(Cl)n3nccc3c2c1,Clc1ccc2nc(Cl)n3nccc3c2c1,O=c1[nH]c2ccc(Cl)cc2c2ccnn12.CCN(C(C)C)C(C)C.O=P(Cl)(Cl)Cl
56,mc_greedy,False,False,0.2,11,C#Cc1c(N[C@H](C)c2cccc(C#N)c2)ccc(C#N)c1C(F)(F)F,C[C@H](c1cccc(C#N)c1)n1ccc2c(C(F)(F)F)c(C#N)ccc21,C[Si](C)(C)C#Cc1c(F)ccc(C#N)c1C(F)(F)F.C[C@@H](N)c1cccc(C#N)c1.O=C([O-])[O-].[K+].[K+].O=C([O-])O.[Na+].CN1CCCC1=O
57,mc_greedy,True,True,0.8,2,O=C(c1cccs1)c1cnn2c(-c3cccc(NCC4CCCCC4)c3)ccnc12,O=C(c1cccs1)c1cnn2c(-c3cccc(NCC4CCCCC4)c3)ccnc12,Nc1cccc(-c2ccnc3c(C(=O)c4cccs4)cnn23)c1.O=CC1CCCCC1
58,mc_greedy,True,True,0.8,1,CCOC(=O)C(=O)Nc1cc(OC)nc(Br)n1,CCOC(=O)C(=O)Nc1cc(OC)nc(Br)n1,COc1cc(N)nc(Br)n1.CCN(CC)CC.[Cl-].CCOC(=O)C(=O)[O-].ClCCl
59,mc_greedy,False,False,0.4,10,CONc1cnc(-c2ccccc2)nc1,Nc1cnc(-c2ccccc2)nc1N,CC(C)(C)[O-].[K+].Cl.CON.O=[N+]([O-])c1cnc(-c2ccccc2)nc1.[Cl-].[NH4+].CS(C)=O.[Cl-].[Zn+2].[Cl-]
60,mc_greedy,False,False,1.0,4,O=[N+]([O-])c1ccc(Cl)cc1Nc1cccc(Cl)c1,O=c1[nH]c2ccc(Cl)cc2n1-c1cccc(Cl)c1,O=[N+]([O-])c1ccc(Cl)cc1Cl.Nc1cccc(Cl)c1.CC(=O)[O-].[Na+].OCCO
61,mc_greedy,False,False,0.1,11,C=CC(=S)Nc1ccc(Cl)cn1,OC1CCSC(=S)N1c1ccc(Cl)cn1,C=CC=O.S=C([S-])Nc1ccc(Cl)cn1.CC[NH+](CC)CC.CC#N
62,mc_greedy,True,True,0.6,19,O=C1C(=Cc2ccc(Cl)cc2)CCCC1c1ccccc1,O=C1C(=Cc2ccc(Cl)cc2)CCCC1c1ccccc1,O=C1CCCCC1c1ccccc1.O=Cc1ccc(Cl)cc1.[OH-].[Na+].O.CCO
63,mc_greedy,False,False,0.4,12,N#Cc1cnc(C(=O)Nc2ccc(F)c([C@@]3(CF)C[C@@H](C(F)(F)F)OC(N)=N3)c2)c(Cl)c1,N#Cc1cnc(C(=O)Nc2ccc(F)c([C@]3(CF)C[C@@H](C(F)(F)F)OC(N)=N3)c2)c(Cl)c1,NC1=N[C@](CF)(c2cc(N)ccc2F)C[C@@H](C(F)(F)F)O1.N#Cc1cnc(C(=O)O)c(Cl)c1.[Cl-].COc1nc(OC)nc([N+]2(C)CCOCC2)n1.C1CCOC1.CO
64,mc_greedy,False,False,0.3,16,Cc1noc(NC(=O)Oc2ccccc2)c1C,Cc1noc(NC(=O)N2CCC3(CC2)CC(c2noc(-c4ccc(OC(F)(F)F)cc4)n2)CO3)c1C,CC(C)(C)OC(=O)N1CCC2(CC1)CC(C(N)=NO)CO2.CCN(C(C)C)C(C)C.O=C(Cl)c1ccc(OC(F)(F)F)cc1.Cl.C1COCCO1.Cc1noc(NC(=O)Oc2ccccc2)c1C.C1CCOC1.ClCCl.CC#N
65,mc_greedy,False,False,0.2,9,CCCN1C(=O)Cc2cc(N3C[C@H](CNC(C)=O)OC3=O)cc(F)c21,CCCN1C(=O)Cc2cc(N3C[C@H](CNC(=O)CC)OC3=O)cc(F)c21,CCC(=O)OC(=O)CC.CCCN1C(=O)Cc2cc(N3C[C@H](CNC(C)=O)OC3=O)cc(F)c21.CCN(C(C)C)C(C)C.ClCCl
66,mc_greedy,False,False,0.1,17,CN1C(=O)NC2N=C3C(=C(c4ccco4)N=CN3N)N21,COc1ccc(N2CCC(CN3C(=O)N(C)N4C5=C(c6ccco6)N=CN(N)C5=NC34)C2)cc1,CN1C(=O)NC2N=C3C(=C(c4ccco4)N=CN3N)N21.CN(C)C=O.O=C([O-])[O-].[K+].[K+].COc1ccc(N2CCC(COS(C)(=O)=O)C2)cc1.O
67,mc_greedy,False,False,0.2,15,O=C1OC(CI)CN1c1cccc(F)c1,O=C1OC(CO)CN1c1ccc(I)c(F)c1,O=C1OC(CO)CN1c1cccc(F)c1.O=C1CCC(=O)N1I.O=C(O)C(F)(F)F
68,mc_greedy,True,True,0.7,6,Cc1ccc(Sc2ccccn2)c(Nc2ccnc3nc(C)ccc23)c1,Cc1ccc(Sc2ccccn2)c(Nc2ccnc3nc(C)ccc23)c1,Cc1ccc(Sc2ccccn2)c(N)c1.Cc1ccc2c(Cl)ccnc2n1
69,mc_greedy,True,True,1.0,5,CCNC1(C(N)=O)CCN(c2cncc(Cl)n2)CC1,CCNC1(C(N)=O)CCN(c2cncc(Cl)n2)CC1,Clc1cncc(Cl)n1.CCNC1(C(N)=O)CCNCC1.O=C([O-])[O-].[K+].[K+].CC#N
70,mc_greedy,True,True,1.0,1,CCC(=O)Nc1nc2c(Oc3cc(-c4ccc(C(F)(F)F)cc4)ncn3)cccc2s1,CCC(=O)Nc1nc2c(Oc3cc(-c4ccc(C(F)(F)F)cc4)ncn3)cccc2s1,Nc1nc2c(Oc3cc(-c4ccc(C(F)(F)F)cc4)ncn3)cccc2s1.CCC(=O)Cl.CCN(CC)P1(=NC(C)(C)C)N(C)CCCN1C.CCN(CC)P1(=NC(C)(C)C)N(C)CCCN1Cc1ccccc1.C=Cc1ccccc1.C=Cc1ccc(C=C)cc1.C1CCOC1
71,mc_greedy,True,True,0.5,19,CCn1nc(C)c2c1CCN(C(C(=O)NC)c1ccccc1)C2CCc1ccc(C(F)(F)F)cc1,CCn1nc(C)c2c1CCN(C(C(=O)NC)c1ccccc1)C2CCc1ccc(C(F)(F)F)cc1,CCn1nc(C)c2c1CCNC2CCc1ccc(C(F)(F)F)cc1.CCN(C(C)C)C(C)C.CNC(=O)C(OS(=O)(=O)c1ccc(C)cc1)c1ccccc1.CC(C)C(C)C(=O)C(C)C(C)C
72,mc_greedy,False,False,0.8,5,Oc1cccc(OCc2ccccc2)c1OCc1ccccc1,c1ccc(COc2cccc(OCc3ccccc3)c2OCc2ccccc2)cc1,BrCc1ccccc1.O=C([O-])[O-].[K+].[K+].Oc1cccc(O)c1O
73,mc_greedy,True,True,0.5,12,COc1ccccc1N1CCN(C(=O)N2CCC[C@H](NC(=O)C34CC5CC(C3)C(O)C(C5)C4)C2)CC1,COc1ccccc1N1CCN(C(=O)N2CCC[C@H](NC(=O)C34CC5CC(C3)C(O)C(C5)C4)C2)CC1,[I-].C[n+]1ccn(C(=O)N2CCC[C@H](NC(=O)C34CC5CC(C3)C(O)C(C5)C4)C2)c1.CC#N.COc1ccccc1N1CCNCC1.CCN(CC)CC
74,mc_greedy,True,True,1.0,7,CCOC(=O)C(C)(CCCc1ccccc1)C(=O)OCC,CCOC(=O)C(C)(CCCc1ccccc1)C(=O)OCC,CCOC(=O)C(C)C(=O)OCC.BrCCCc1ccccc1.[H-].[Na+]
75,mc_greedy,True,True,0.9,2,CCN1C(=O)C(Nc2ccc(N3CCOCC3)cc2)=C(c2ccccc2)S1(=O)=O,CCN1C(=O)C(Nc2ccc(N3CCOCC3)cc2)=C(c2ccccc2)S1(=O)=O,CCN1C(=O)C(Cl)=C(c2ccccc2)S1(=O)=O.Nc1ccc(N2CCOCC2)cc1.CN(C)C=O
76,mc_greedy,True,True,0.8,13,O=C(O)COCC(=O)NCCCCCCN1CCC(C(c2ccccc2)c2ccccc2)CC1,O=C(O)COCC(=O)NCCCCCCN1CCC(C(c2ccccc2)c2ccccc2)CC1,O=C([O-])COCC(=O)NCCCCCCN1CCC(C(c2ccccc2)c2ccccc2)CC1.[Na+].[OH-].[Na+].O=C([O-])COCC(=O)[O-].O=C1COCC(=O)O1.O.ClCCl
77,mc_greedy,True,True,0.7,14,Clc1cccc2c1CN(C1=NCCS1)C2,Clc1cccc2c1CN(C1=NCCS1)C2,Clc1cccc2c1CNC2.CSC1=NCCS1.O=S(=O)(O)c1ccc2ccccc2c1.ClCCl
78,mc_greedy,True,True,0.9,2,CS(=O)(=O)n1ccc2ccc(CC#N)cc21,CS(=O)(=O)n1ccc2ccc(CC#N)cc21,CS(=O)(=O)n1ccc2ccc(CBr)cc21.O.[C-]#N.[Na+].C1COCCO1.CCOC(C)=O
79,mc_greedy,False,False,0.1,22,CCN(CC=O)CC(O)(CC)CC,CCN1CC(=O)OC(CC)(CC)C1,O=CC=O.CCNCC(O)(CC)CC.Cc1ccccc1
80,mc_greedy,False,False,0.3,17,CN(C)C=Nc1nc(Cl)c(N)nc1Cl,CN(C)C=Nc1c(Cl)nc(N)nc1Cl,CN(C)C=Nc1nc(Cl)c(N=CN(C)C)c(Cl)n1.Cl.CO.ClC(Cl)Cl.[OH-].[NH4+].CCO
81,mc_greedy,False,True,0.9,8,N#CC(C#N)C(=O)c1ccc(F)cc1,N#CC(C#N)=C(O)c1ccc(F)cc1,N#CCC#N.CCN(CC)CC.O=C(Cl)c1ccc(F)cc1.C1CCOC1.Cc1ccccc1
82,mc_greedy,True,True,1.0,7,CS(=O)(=O)c1ccc(-c2sc3cc(O)ccc3c2Oc2ccc(OCCN3CCCCC3)cc2)cc1,CS(=O)(=O)c1ccc(-c2sc3cc(O)ccc3c2Oc2ccc(OCCN3CCCCC3)cc2)cc1,O=C(O)C(F)(F)F.CS(=O)(=O)c1ccc(-c2sc3cc(OCc4ccccc4)ccc3c2Oc2ccc(OCCN3CCCCC3)cc2)cc1.O=C[O-].[NH4+].CO.CCOC(C)=O.[OH-].[Pd+2].[OH-]
83,mc_greedy,False,False,1.0,12,CC(=O)SC[C@H]1C[C@@H](O[Si](C)(C)C(C)(C)C)CN1C(=O)OCc1ccc([N+](=O)[O-])cc1,CC(=O)SC[C@@H]1C[C@@H](O[Si](C)(C)C(C)(C)C)CN1C(=O)OCc1ccc([N+](=O)[O-])cc1,CC(C)(C)[Si](C)(C)O[C@@H]1C[C@@H](COS(C)(=O)=O)N(C(=O)OCc2ccc([N+](=O)[O-])cc2)C1.CC([O-])=S.[K+].CN(C)C=O
84,mc_greedy,True,True,0.5,6,COc1cc(C(C)C(=O)NCc2cc(C(C)(C)C)nn2-c2cccc(Cl)c2)cnc1NS(C)(=O)=O,COc1cc(C(C)C(=O)NCc2cc(C(C)(C)C)nn2-c2cccc(Cl)c2)cnc1NS(C)(=O)=O,COc1cc(C(C)C(=O)O)cnc1NS(C)(=O)=O.CCN=C=NCCCN(C)C.On1nnc2ccccc21.CC(C)(C)c1cc(CN)n(-c2cccc(Cl)c2)n1.CN(C)C=O
85,mc_greedy,True,True,0.4,16,Clc1ccccc1Cn1nnnc1-c1cccnc1,Clc1ccccc1Cn1nnnc1-c1cccnc1,c1cncc(-c2nnn[nH]2)c1.Clc1ccccc1CBr.Br.BrCc1ccncc1.N
86,mc_greedy,True,True,1.0,4,CCN(C)c1cc(N[C@H]2CC[C@@H](NC(=O)c3ccc(F)c(Cl)c3)CC2)ncc1C,CCN(C)c1cc(N[C@H]2CC[C@@H](NC(=O)c3ccc(F)c(Cl)c3)CC2)ncc1C,CCN(C)c1cc(N[C@H]2CC[C@@H](N)CC2)ncc1C.O=C(O)c1ccc(F)c(Cl)c1.On1nnc2ccccc21.O.CCN=C=NCCCN(C)C.Cl.O=C([O-])O.[Na+].CN(C)C=O.CCN(CC)CC
87,mc_greedy,False,False,0.2,10,O=S(=O)([O-])c1cc2ccc3nscc3c2cn1,c1cc2ccc3nnsc3c2cn1,Cl.[Cl-].c1cc2ccc3n[s+]sc3c2cn1.O=S(=O)(O)O.O=N[O-].[Na+].C.O
88,mc_greedy,True,True,1.0,1,COC(=O)c1ccc2c(c1)CC[C@H]2NS(=O)(=O)c1ccccc1Cl,COC(=O)c1ccc2c(c1)CC[C@H]2NS(=O)(=O)c1ccccc1Cl,Cl.COC(=O)c1ccc2c(c1)CC[C@H]2N.CCN(CC)CC.O=S(=O)(Cl)c1ccccc1Cl.ClCCl
89,mc_greedy,True,True,1.0,1,Fc1ccc(-c2ncccn2)cn1,Fc1ccc(-c2ncccn2)cn1,Fc1ccc(Br)cn1.CCC[CH2][Sn]([CH2]CCC)([CH2]CCC)[c]1ncccn1.[Cl-].[Li+].[Cu][I].c1ccc([P](c2ccccc2)(c2ccccc2)[Pd]([P](c2ccccc2)(c2ccccc2)c2ccccc2)([P](c2ccccc2)(c2ccccc2)c2ccccc2)[P](c2ccccc2)(c2ccccc2)c2ccccc2)cc1.CN(C)C=O
90,mc_greedy,False,False,0.1,21,Cc1ccc(S(=O)(=O)N(CC=O)Cc2ccc(F)c(Cl)c2)cc1,Fc1cc2ccncc2cc1Cl,[Al+3].[Cl-].[Cl-].[Cl-].COC(CN(Cc1ccc(F)c(Cl)c1)S(=O)(=O)c1ccc(C)cc1)OC.ClCCl
91,mc_greedy,False,False,0.1,8,C=CCSCC(C)C(=O)O,C=CCSC1NC(=O)C1CC,[OH-].[Na+].C=CCS.CCC1CN(OC(C)=O)C1=O.O
92,mc_greedy,False,False,0.4,20,CCNC(=O)N1CC(NC(=O)Nc2ccc(Oc3ccnc4cc(-c5ccc(CNCCOC)cn5)sc34)c(F)c2)C1,CCNC(=O)N(CCOC)Cc1ccc(-c2cc3nccc(Oc4ccc(NC(=O)NC5CN(C(=O)NCC)C5)cc4F)c3s2)nc1,CCN=C=O.COCCNCc1ccc(-c2cc3nccc(Oc4ccc(NC(=O)NC5CNC5)cc4F)c3s2)nc1.CCN(CC)CC.C1CCOC1
93,mc_greedy,True,True,1.0,6,N#Cc1cc(C#N)cc(Oc2ccnc(Oc3cc(Cl)cc(Cl)c3)n2)c1,N#Cc1cc(C#N)cc(Oc2ccnc(Oc3cc(Cl)cc(Cl)c3)n2)c1,N#Cc1cc(C#N)cc(Oc2ccnc(Cl)n2)c1.Oc1cc(Cl)cc(Cl)c1.O=C([O-])[O-].[K+].[K+].CN(C)C=O
94,mc_greedy,True,True,1.0,5,COC(=O)c1ccc2nc(-c3ccccc3)c(-c3ccc(C#N)cc3)nc2c1,COC(=O)c1ccc2nc(-c3ccccc3)c(-c3ccc(C#N)cc3)nc2c1,COC(=O)c1ccc2nc(-c3ccccc3)c(Cl)nc2c1.N#Cc1ccc(B(O)O)cc1
95,mc_greedy,True,True,1.0,5,COc1ccccc1OCC1CCN(Cc2cccnc2OC)CC1,COc1ccccc1OCC1CCN(Cc2cccnc2OC)CC1,COc1ncccc1CCl.COc1ccccc1OCC1CCNCC1.O=C([O-])[O-].[K+].[K+].CC#N
96,mc_greedy,False,True,0.4,10,Cn1cncc1CN1CCN(c2c(Br)cnc(N)c2[N+](=O)[O-])CC1,Cn1cncc1CN1CCN(c2c(Br)cnc3[nH]c(-c4ccc(Cn5cccn5)cc4)nc23)CC1,Cn1cncc1CN1CCN(c2c(Br)cnc(N)c2[N+](=O)[O-])CC1.CCO.O=Cc1ccc(Cn2cccn2)cc1.O=S([O-])S(=O)[O-].[Na+].[Na+].ClCCl.N.CN(C)C=O
97,mc_greedy,False,False,0.4,17,CCOC(=O)OC(=O)Cc1ccc(OCCNC(=O)OCc2ccccc2)cc1,CC(C)(C)OC(=O)Cc1ccc(OCCNC(=O)OCc2ccccc2)cc1,O=C(O)Cc1ccc(OCCNC(=O)OCc2ccccc2)cc1.CCOC(=O)Cl.CCN(CC)CC.CC(C)(C)O.ClC(Cl)Cl
98,mc_greedy,False,False,0.2,24,CCCO[C@H]1CC[C@H](N2CCC(n3ccc4ccc(Br)cc43)CC2)CC1,C=Cc1ccc([N+](=O)[O-])c(NC2CCN([C@H]3CC[C@H](OCCC)CC3)CC2)c1,CCCO[C@H]1CC[C@H](N2CCC(Nc3cc(Br)ccc3[N+](=O)[O-])CC2)CC1.CCCC[C]([Sn])=C(CCCC)CCCC.c1ccc(P(c2ccccc2)c2ccccc2)cc1.Cc1ccccc1.[Pd]
99,mc_greedy,True,True,0.4,6,Clc1ccccc1Oc1nc(Nc2cc[nH]n2)cc2ccccc12,Clc1ccccc1Oc1nc(Nc2cc[nH]n2)cc2ccccc12,Clc1nc(Nc2cc[nH]n2)cc2ccccc12.Oc1ccccc1Cl
100,mc_greedy,True,True,0.1,29,CCCCCCCCCCCCCCCC(=O)OCC(O)CO,CCCCCCCCCCCCCCCC(=O)OCC(O)CO,CC1(C)OCC(CO)O1.CCCCCCCCCCCCCCCC(=O)O
101,mc_greedy,False,False,1.0,1,N#Cc1cccnc1NC(=O)c1ccccn1,Nc1ncccc1C(=O)c1ccccn1,N#Cc1cccnc1N.Brc1ccccn1.O=C=O.CC#N.[Li][CH2]CCC.C1CCOC1
102,mc_greedy,True,True,1.0,5,COc1cc2nccc(Oc3ccc(NC(=O)NC(C)c4ncc(C)s4)cc3F)c2cc1OC,COc1cc2nccc(Oc3ccc(NC(=O)NC(C)c4ncc(C)s4)cc3F)c2cc1OC,COc1cc2nccc(Oc3ccc(N)cc3F)c2cc1OC.CCN(CC)CC.O=C(OC(Cl)(Cl)Cl)OC(Cl)(Cl)Cl.Cc1cnc(C(C)N)s1.ClC(Cl)Cl
103,mc_greedy,False,False,0.5,11,CCCCCCCCCCCCC(=O)[O-],Cc1oc(-c2ccccc2)nc1CCC(=O)O,[OH-].[K+].CCCCCCCCCCCC#N.CCO.O
104,mc_greedy,True,True,0.8,12,CCCCCCCCCCC(N)C(=O)OC(C)C,CCCCCCCCCCC(N)C(=O)OC(C)C,O=S(Cl)Cl.CCCCCCCCCCC(N)C(=O)O.CC(C)O
105,mc_greedy,False,True,0.3,14,CC(=O)N(c1ccc(Cl)cc1)[C@@H]1C[C@@H](C)N(C(=O)c2cccc(OCc3cccc(C(=O)O)c3)c2)c2ccccc21,CC(=O)N(c1ccc(Cl)cc1)[C@@H]1C[C@H](C)N(C(=O)c2ccc(OCc3cccc(C(=O)O)c3)cc2)c2ccccc21,COC(=O)c1cccc(COc2ccc(C(=O)N3c4ccccc4[C@H](N(C(C)=O)c4ccc(Cl)cc4)C[C@@H]3C)cc2)c1.[Li+].[OH-].CO.C1CCOC1
106,mc_greedy,False,False,0.9,9,Cc1cc(S(=O)(=O)c2cccc(F)c2)ccc1C1CCN(CC(=O)O)C1,Cc1cc(S(=O)(=O)c2cccc(F)c2)ccc1C1CCN(CCO)C1,[Li].COC(=O)CN1CCC(c2ccc(S(=O)(=O)c3cccc(F)c3)cc2C)C1.O.C1CCOC1
107,mc_greedy,True,True,1.0,1,COc1ccc2nc(-c3ccc(C)c(NC(=O)C(C)(C)C)c3)c(Cl)n2n1,COc1ccc2nc(-c3ccc(C)c(NC(=O)C(C)(C)C)c3)c(Cl)n2n1,COc1ccc2nc(-c3ccc(C)c(N)c3)c(Cl)n2n1.c1ccncc1.CC(C)(C)C(=O)Cl.CC#N
108,mc_greedy,True,True,0.6,3,Cc1cc(O)nc(SCc2c(Cl)ccnc2C(C)C)n1,Cc1cc(O)nc(SCc2c(Cl)ccnc2C(C)C)n1,Cc1cc(O)nc(S)n1.O=C([O-])[O-].[K+].[K+].CC(C)c1nccc(Cl)c1CBr.CN(C)C=O
109,mc_greedy,False,False,0.4,3,CN(C)C(=O)Cn1cc(C(=O)N2CCC(n3c(=O)n(CC(=O)N(C)C)c4ccccc43)CC2)c2ccc(Cl)cc21,CN(C)C(=O)Cn1cc(C(=O)N2CCC(n3c(=O)[nH]c4ccccc43)CC2)c2ccc(Cl)cc21,O=C(c1c[nH]c2cc(Cl)ccc12)N1CCC(n2c(=O)[nH]c3ccccc32)CC1.[H-].[Na+].CN(C)C(=O)CCl.CN(C)C=O
110,mc_greedy,True,True,1.0,1,CCn1cnc(CCl)c1,CCn1cnc(CCl)c1,CCn1cnc(CO)c1.O=S(Cl)Cl.C1CCOC1
111,mc_greedy,False,True,0.6,8,CC[C@@H]1C[C@H](N(Cc2cc(C(F)(F)F)cc(C(F)(F)F)c2)c2nnn(C)n2)c2nc(C(F)(F)F)ccc2N1,CC[C@@H]1C[C@H](N(Cc2cc(C(F)(F)F)cc(C(F)(F)F)c2)c2nnn(C)n2)c2nc(C(F)(F)F)ccc2N1C(=O)OCCO,CC[C@@H]1C[C@H](N(Cc2cc(C(F)(F)F)cc(C(F)(F)F)c2)c2nnn(C)n2)c2nc(C(F)(F)F)ccc2N1C(=O)OCCOCc1ccccc1.CO.[Pd]
112,mc_greedy,True,True,0.8,9,CC(C)(C)OC(=O)N[C@H](C(=O)N1CCC(Oc2ccc(F)cc2)CC1)C(C)(C)O,CC(C)(C)OC(=O)N[C@H](C(=O)N1CCC(Oc2ccc(F)cc2)CC1)C(C)(C)O,Cl.CCN=C=NCCCN(C)C.O.On1nnc2ccccc21.CN1CCOCC1.Cl.Fc1ccc(OC2CCNCC2)cc1.CC(C)(C)OC(=O)N[C@H](C(=O)O)C(C)(C)O.ClCCl
113,mc_greedy,False,False,0.4,7,c1ccc(COc2ccnc(CN3CN4CN(C3)C4)c2)cc1,NCc1cc(OCc2ccccc2)ccn1,C1N2CN3CN1CN(C2)C3.[I-].[Na+].ClCc1cc(OCc2ccccc2)ccn1.Cl.ClCCl.CO.CCOCC
114,mc_greedy,False,False,1.0,8,CC(CN1CCN(c2ccc(C(F)(F)F)cc2)CC1)C(=O)O,CC(CN1CCN(c2ccc(C(F)(F)F)cc2)CC1)C(=O)[O-],COC(=O)C(C)CN1CCN(c2ccc(C(F)(F)F)cc2)CC1.[OH-].[Li+].C1CCOC1.O.CC#N
115,mc_greedy,False,False,0.3,9,CCN(C(=O)CN1CCCC1=O)c1cn(-c2cccnc2)nc1Cl,CCN(C(=O)CC1CCN([Si](C)(C)C(C)(C)C)C1=O)c1cn(-c2cccnc2)nc1Cl,CCN(C(C)C)C(C)C.CC(C)(C)[Si](C)(C)N1CCCC1=O.CCN(C(=O)CCl)c1cn(-c2cccnc2)nc1Cl.C1CCOC1
116,mc_greedy,False,False,0.8,9,CC(C)OC(=O)Nc1cc(F)c(/C=C/COC(=O)C=[N+]=[N-])c(F)c1,CC(C)OC(=O)Nc1cc(F)c([C@@H]2[C@H]3COC(=O)[C@H]32)c(F)c1,CC(C)OC(=O)Nc1cc(F)c(/C=C/COC(=O)C=[N+]=[N-])c(F)c1.Cc1ccccc1.ClCCl.Cc1ccccc1.[Cu+2]
117,mc_greedy,True,True,0.9,7,CC(=O)Nc1ccc(-c2ccc(N3CCCN(C(C)C)CC3)nn2)cc1,CC(=O)Nc1ccc(-c2ccc(N3CCCN(C(C)C)CC3)nn2)cc1,CC(C)N1CCCN(c2ccc(Cl)nn2)CC1.CC(=O)Nc1ccc(B(O)O)cc1
118,mc_greedy,False,False,0.2,23,Cc1cc(OCc2ccc(-c3ccccc3C(=O)O)cc2)c2ccccc2n1,CC1=Nc2ccccc2C(=O)C1,Cl.Cc1cc(OCc2ccc(-c3ccccc3C(=O)O)cc2)c2ccccc2n1.CS(C)=O.O=[N+]([O-])c1cccc(CO)c1.COC(=O)c1ccccc1-c1ccc(COc2cc(C)nc3ccccc23)cc1
119,mc_greedy,True,True,0.9,1,CNC(=O)C[C@@H]1CSC(c2cc3cc(Cl)cc(NC4CCCC4)c3[nH]2)=N1,CNC(=O)C[C@@H]1CSC(c2cc3cc(Cl)cc(NC4CCCC4)c3[nH]2)=N1,O=C(O)C[C@@H]1CSC(c2cc3cc(Cl)cc(NC4CCCC4)c3[nH]2)=N1.CN
120,mc_greedy,True,True,1.0,1,COC(=O)c1cc([N+](=O)[O-])cc2c(NCc3ccc(Cl)c(C(F)(F)F)c3)ncnc12,COC(=O)c1cc([N+](=O)[O-])cc2c(NCc3ccc(Cl)c(C(F)(F)F)c3)ncnc12,COC(=O)c1cc([N+](=O)[O-])cc2c(=O)[nH]cnc12.O=P(Cl)(Cl)Cl.CCN(C(C)C)C(C)C.NCc1ccc(Cl)c(C(F)(F)F)c1.ClCCCl
121,mc_greedy,False,False,0.9,5,Cc1cccc(C(=O)Nc2nc3ccccc3c(NCc3ccccc3)c2C#N)c1,Cc1cccc(C(=O)N(C(=O)c2cccc(C)c2)c2nc3ccccc3c(NCc3ccccc3)c2C#N)c1,N#Cc1c(N)nc2ccccc2c1NCc1ccccc1.Cc1cccc(C(=O)Cl)c1.c1ccncc1
122,mc_greedy,True,True,0.6,9,C#CCCCOc1c(C)cc(C#N)cc1C,C#CCCCOc1c(C)cc(C#N)cc1C,Cc1cc(C#N)cc(C)c1O.C#CCCCCl
123,mc_greedy,False,False,0.6,17,CC(=O)OC(COCCN1CCN(C)CC1)c1cccc(Cl)c1,CN1CCN(CCOCC(O)c2cccc(Cl)c2)CC1,CC(=O)OC(COCCOS(C)(=O)=O)c1cccc(Cl)c1.CN1CCNCC1.O=C([O-])[O-].[K+].[K+].C[O-].[Na+].CN(C)C=O.O.CCOC(C)=O.CO.CCOCC
124,mc_greedy,True,True,0.5,4,CN1CCC(CCOc2nc(C#N)nc(NCC3CCC4(CC3)CC4)c2C(=O)NCc2ccccc2)CC1,CN1CCC(CCOc2nc(C#N)nc(NCC3CCC4(CC3)CC4)c2C(=O)NCc2ccccc2)CC1,N#Cc1nc(NCC2CCC3(CC2)CC3)c(C(=O)NCc2ccccc2)c(OCCC2CCNCC2)n1.C=O.[BH3-]C#N.[Na+].C1CCOC1
125,mc_greedy,True,True,0.7,10,C[Si](C)(C)C#Cc1cc(Br)c(Cl)c(F)c1N,C[Si](C)(C)C#Cc1cc(Br)c(Cl)c(F)c1N,Nc1c(I)cc(Br)c(Cl)c1F.C#C[Si](C)(C)C.CCN(CC)CC.CC#N.[Cl][Pd]([Cl])([P](c1ccccc1)(c1ccccc1)c1ccccc1)[P](c1ccccc1)(c1ccccc1)c1ccccc1.[Cu][I]
126,mc_greedy,False,True,0.5,9,O=C(O)c1cccc(CO)c1[N+](=O)[O-],O=[N+]([O-])c1c(CO)cccc1CO,O=C(O)c1cccc(C(=O)O)c1[N+](=O)[O-].B.CO.C1CCOC1
127,mc_greedy,True,True,0.6,11,CC(C)C(NC(=O)c1ncc(-c2ccc(NC(=O)c3ccc(C(C)(C)C#N)cc3)cc2)s1)C(=O)O,CC(C)C(NC(=O)c1ncc(-c2ccc(NC(=O)c3ccc(C(C)(C)C#N)cc3)cc2)s1)C(=O)O,COC(=O)C(NC(=O)c1ncc(-c2ccc(NC(=O)c3ccc(C(C)(C)C#N)cc3)cc2)s1)C(C)C.C1CCOC1.CO.O.[OH-].[Li+]
128,mc_greedy,False,False,0.4,18,c1ccc(-c2ccccc2)cc1,O=C1COCc2cc(-c3ccccc3)ccc21,OB(O)Oc1ccccc1.O=C([O-])[O-].[Na+].[Na+].Cc1ccccc1.CCO.[Br-].CCCC[N+](CCCC)(CCCC)CCCC.c1ccc([P](c2ccccc2)(c2ccccc2)[Pd]([P](c2ccccc2)(c2ccccc2)c2ccccc2)([P](c2ccccc2)(c2ccccc2)c2ccccc2)[P](c2ccccc2)(c2ccccc2)c2ccccc2)cc1
129,mc_greedy,True,True,1.0,8,COc1ccccc1-n1nc(C(C)(C)C)cc1NC(=O)Cc1ccc(-n2cnc3cccnc32)cc1,COc1ccccc1-n1nc(C(C)(C)C)cc1NC(=O)Cc1ccc(-n2cnc3cccnc32)cc1,O=C(O)Cc1ccc(-n2cnc3cccnc32)cc1.COc1ccccc1-n1nc(C(C)(C)C)cc1N
130,mc_greedy,True,True,0.4,7,COCOc1c(C=O)c(OC)c(OC)c(OC)c1OC,COCOc1c(C=O)c(OC)c(OC)c(OC)c1OC,COCOc1cc(OC)c(OC)c(OC)c1OC.[Li][CH2]CCC.CN(C)C=O.O.CCOCC
131,mc_greedy,False,False,0.5,10,O=C(Nc1cccc(C(=O)NNC2CC2)n1)OCc1ccccc1,O=C(Nc1cccc(-c2nncn2C2CC2)n1)OCc1ccccc1,NNC(=O)c1cccc(NC(=O)OCc2ccccc2)n1.O=CNC1CC1.NC1CC1.O=C(O)C(F)(F)F.Cc1ccccc1
132,mc_greedy,False,True,0.7,9,CC1(C)OB(c2ccc(OC(F)F)c(Cl)c2)OC1(C)C,Oc1ccc(OC(F)F)c(Cl)c1,CC1(C)OB(c2ccc(OC(F)F)c(Cl)c2)OC1(C)C.O=S([O-])OO.[K+].CC(C)=O
133,mc_greedy,True,True,0.8,12,COCCOc1ccc(CCCO)c(OCc2ccc(C(F)(F)F)cc2)c1,COCCOc1ccc(CCCO)c(OCc2ccc(C(F)(F)F)cc2)c1,CCOC(=O)CCc1ccc(OCCOC)cc1OCc1ccc(C(F)(F)F)cc1.[H-].[Al+3].[Li+].[H-].[H-].[H-].O.O.O.O.O.O.O.O.O.O.O=S(=O)([O-])[O-].[Na+].[Na+].C1CCOC1
134,mc_greedy,True,True,1.0,2,CCC(=O)Nc1cc(-n2cccn2)nc(-c2ccc(Br)o2)n1,CCC(=O)Nc1cc(-n2cccn2)nc(-c2ccc(Br)o2)n1,Nc1cc(-n2cccn2)nc(-c2ccc(Br)o2)n1.CCC(=O)OC(=O)CC
135,mc_greedy,False,False,0.4,12,c1ccc2c(c1)COc1ccccc1N2,c1cc(CCN2CC[C@@H](N3c4ccccc4COc4ccccc43)C2)cc(N2CCCC2)c1,[H-].[Na+].c1ccc2c(c1)COc1ccccc1N2.CS(=O)(=O)O[C@H]1CCN(CCc2ccc(N3CCCC3)cc2)C1.[Cl-].[Na+].CCCCCC.CS(C)=O.CCOC(C)=O
136,mc_greedy,True,True,0.5,15,Cc1nccn1CCCC(=NOCCN)c1ccccc1,Cc1nccn1CCCC(=NOCCN)c1ccccc1,Cc1nccn1CCCC(=O)c1ccccc1.Cl.Cl.NCCON.c1ccncc1.CCO
137,mc_greedy,False,False,1.0,3,CCOC(=O)C(Cc1nc(-c2ccc(C)cc2)c(-c2ccc(C)cc2)n1C)c1cccc(C)c1,COC(=O)C(Cc1nc(-c2ccc(C)cc2)c(-c2ccc(C)cc2)n1C)c1cccc(C)c1,CCOC(=O)C(Cc1nc(-c2ccc(C)cc2)c(-c2ccc(C)cc2)[nH]1)c1cccc(C)c1.CI.O=C([O-])[O-].[K+].[K+].CN(C)C=O
138,mc_greedy,False,False,1.0,7,COC(CN(CC(=O)O)C(=O)O)OC,COC(CNCC(=O)O)OC,COC(CN(CC(=O)O)C(=O)OCc1ccccc1)OC.C1CCOC1.[Pd]
139,mc_greedy,False,True,0.3,5,N#CCn1oc(-c2cc(C(F)(F)F)ccn2)nc1=O,N#CCn1c(-c2cc(C(F)(F)F)ccn2)noc1=O,[H-].[Na+].O=c1nc(-c2cc(C(F)(F)F)ccn2)[nH]o1.N#CCBr.[Cl-].[NH4+].CN(C)C=O
140,mc_greedy,False,False,0.7,16,COc1ccc(C(=O)C2CCN([C@@H]3CCN(CC(=N)N)C3=O)CC2)cc1C,COc1ccc(C(=O)C2CCN([C@@H]3CCN(Cc4nc5ccccc(=O)c5[nH]4)C3=O)CC2)cc1C,COc1ccc(C(=O)C2CCN([C@@H]3CCN(CC(=N)N)C3=O)CC2)cc1C.O=C(O)C(F)(F)F.CC#N.O
141,mc_greedy,False,True,0.5,16,O=C1COC(c2ccc(O)cc2C(F)(F)F)CN1Cc1ccccc1,Oc1ccc(C2CN(Cc3ccccc3)CCO2)c(C(F)(F)F)c1,O=C1COC(c2ccc(O)cc2C(F)(F)F)CN1Cc1ccccc1.B.C1CCOC1.Cl.C1CCOC1
142,mc_greedy,False,False,0.5,16,COc1ccc2c(c1)CC[C@@H]1[C@@H]2CC[C@]2(C)[C@@H](OC)CC[C@@H]12,CO[C@H]1CC[C@H]2[C@@H]3CCc4cc(O)c(C=O)cc4[C@H]3CC[C@]12C,[Mg].CCBr.CO[C@H]1CC[C@H]2[C@@H]3CCc4cc(O)ccc4[C@H]3CC[C@]12C.CN(C)P(=O)(N(C)C)N(C)C.C=O.Cl.C1CCOC1.c1ccccc1
143,mc_greedy,True,True,0.4,6,O=C=NC(=O)c1c(F)cccc1F,O=C=NC(=O)c1c(F)cccc1F,NC(=O)c1c(F)cccc1F.O=C(Cl)C(=O)Cl.CC(Cl)Cl
144,mc_greedy,True,True,0.8,3,C[C@@H](n1ccn(-c2ccc(OCC(F)(F)C(F)F)cc2)c1=O)[C@](O)(COS(C)(=O)=O)c1ccccc1F,C[C@@H](n1ccn(-c2ccc(OCC(F)(F)C(F)F)cc2)c1=O)[C@](O)(COS(C)(=O)=O)c1ccccc1F,C[C@@H](n1ccn(-c2ccc(OCC(F)(F)C(F)F)cc2)c1=O)[C@](O)(CO)c1ccccc1F.CS(=O)(=O)Cl.CCN(CC)CC.CCOC(C)=O
145,mc_greedy,False,True,0.2,7,COc1ccc2c(c1/C=C\CCN1CCN(C(=O)OC(C)(C)C)CC1)OCC2=O,COc1ccc2c(c1/C=C\CCN1CCN(C(=O)OC(C)(C)C)CC1)O/C(=C\c1n[nH]c3ccccc13)C2=O,COc1ccc2c(c1/C=C\CCN1CCN(C(=O)OC(C)(C)C)CC1)OCC2=O.O=Cc1n[nH]c2ccccc12.CO.C1CCNCC1
146,mc_greedy,True,True,1.0,2,Nc1cn(-c2cccnc2)nc1Cl,Nc1cn(-c2cccnc2)nc1Cl,O=[N+]([O-])c1cn(-c2cccnc2)nc1Cl.[OH-].[K+].CC(=O)O.CCO.O.[Fe]
147,mc_greedy,False,False,0.1,14,Cc1ccc(C(=O)CC(O)(C(=O)O)C(=O)O)cc1F,Cc1ccc(-c2cc(C(=O)O)c(=O)[nH]n2)cc1F,CCOC(=O)C(O)(CC(=O)c1ccc(C)c(F)c1)C(=O)OCC.O.NN.[OH-].[Na+].Cl
148,mc_greedy,False,True,0.5,17,Nc1cc(Br)cc(F)c1C(=O)O,Nc1ccc(Br)c(F)c1C(=O)O,Nc1cccc(F)c1C(=O)O.BrBr.CO
149,mc_greedy,False,True,0.4,11,O=S(=O)(CCCl)Nc1ncccc1-c1ccc(Oc2cccc(C(F)(F)F)c2)cc1,O=S1(=O)CCN2C=CC=C(c3ccc(Oc4cccc(C(F)(F)F)c4)cc3)C2=N1,[H-].[Na+].O=S(=O)(Cl)CCCl.Nc1ncccc1-c1ccc(Oc2cccc(C(F)(F)F)c2)cc1.C1CCOC1
150,mc_greedy,False,False,0.5,22,COc1ccc(C(N)=O)cc1C,COc1ccc(C(=N)O)cc1C,COc1ccc(C#N)cc1C.Cl.CO.CCOCC
151,mc_greedy,True,True,1.0,3,COc1ccc([N+](=O)[O-])c(N(C)C(=O)OC(C)(C)C)c1,COc1ccc([N+](=O)[O-])c(N(C)C(=O)OC(C)(C)C)c1,COc1ccc([N+](=O)[O-])c(NC(=O)OC(C)(C)C)c1.[H-].[Na+].CI.CN(C)C=O
152,mc_greedy,False,False,0.1,4,O=c1nc(C2CC2)nc2n1-c1ccccc1-2,c1ccc2c(c1)C1=NCCN1c1c(-c3nc(C4CC4)no3)ncn1-2,CCOC(=O)c1ncn2c1N1CCN=C1c1ccccc1-2.NC(=NO)C1CC1.[H-].[Na+].[OH-].[Na+].CN(C)C=O.O.CCO.ClCCl
153,mc_greedy,True,True,1.0,2,COCCNc1nc(C)nc(-c2cc(Cl)cnc2F)n1,COCCNc1nc(C)nc(-c2cc(Cl)cnc2F)n1,COCCNc1nc(C)nc(Cl)n1.OB(O)c1cc(Cl)cnc1F.CC(=O)[O-].[K+].C1COCCO1.[Cl][Pd][Cl]
154,mc_greedy,True,True,0.9,7,CC(C)(C)OC(=O)N(CCc1ccccn1)c1ccc(NC(=O)c2ccccc2-c2ccc(C(C)(C)O)cc2)cc1,CC(C)(C)OC(=O)N(CCc1ccccn1)c1ccc(NC(=O)c2ccccc2-c2ccc(C(C)(C)O)cc2)cc1,CC(=O)c1ccc(-c2ccccc2C(=O)Nc2ccc(N(CCc3ccccn3)C(=O)OC(C)(C)C)cc2)cc1.[CH3][Mg][Br].C1CCOC1.CCCCOCCCC
155,mc_greedy,True,True,0.6,10,c1ccc(C2SC3(CCNCC3)c3ccccc32)cc1,c1ccc(C2SC3(CCNCC3)c3ccccc32)cc1,O=C(Oc1ccccc1)N1CCC2(CC1)SC(c1ccccc1)c1ccccc12.[OH-].[K+].OCCO.O
156,mc_greedy,True,True,0.9,5,COc1cnccc1NS(=O)(=O)c1ccc(Cl)c(Cl)c1,COc1cnccc1NS(=O)(=O)c1ccc(Cl)c(Cl)c1,O=S(=O)(Cl)c1ccc(Cl)c(Cl)c1.COc1cnccc1N.O.ClCCl.[OH-].[Na+].CO
157,mc_greedy,True,True,1.0,6,COC(=O)[C@@H](N)[C@H](C)c1ccc(Cl)c(Cl)c1,COC(=O)[C@@H](N)[C@H](C)c1ccc(Cl)c(Cl)c1,COC(=O)[C@@H](N=[N+]=[N-])[C@H](C)c1ccc(Cl)c(Cl)c1.CCOC(C)=O.[Pd].CC(=O)[O-].CC(=O)[O-].[Pb+2]
158,mc_greedy,True,True,1.0,1,COc1cccc(OC)c1C1CCCC(=O)N1Cc1cc(-c2ccccn2)ccc1F,COc1cccc(OC)c1C1CCCC(=O)N1Cc1cc(-c2ccccn2)ccc1F,COC(=O)CCCC(N)c1c(OC)cccc1OC.O=Cc1cc(-c2ccccn2)ccc1F
159,mc_greedy,True,True,0.9,5,C[C@H](NC(=O)c1cnc(N)s1)C1CCCCC1,C[C@H](NC(=O)c1cnc(N)s1)C1CCCCC1,Cl.Nc1ncc(C(=O)O)s1.On1nnc2ccccc21.CCN=C=NCCCN(C)C.C[C@H](N)C1CCCCC1.O=C([O-])O.[Na+].CCN(CC)CC.CN(C)C=O
160,mc_greedy,True,True,0.9,4,O=C(O)CSc1nc(-c2ccc(Cl)cc2)no1,O=C(O)CSc1nc(-c2ccc(Cl)cc2)no1,Sc1nc(-c2ccc(Cl)cc2)no1.O=C(O)CCl.O=C([O-])[O-].[K+].[K+].O
161,mc_greedy,True,True,0.4,7,CC(C)CNc1cc(NC(=O)OC(C)(C)C)c(NC(=O)CC(=O)c2cccc(-n3ccnc3)c2)cc1Cl,CC(C)CNc1cc(NC(=O)OC(C)(C)C)c(NC(=O)CC(=O)c2cccc(-n3ccnc3)c2)cc1Cl,CC(C)CNc1cc(NC(=O)OC(C)(C)C)c(N)cc1Cl.CC(C)(C)OC(=O)CC(=O)c1cccc(-n2ccnc2)c1
162,mc_greedy,False,False,0.1,3,COC(=O)C1COc2ccc(Nc3cc(Nc4cc5c(F)c(F)c4OCO5)c(F)cn3)cc2C1,COC(=O)C1Cc2cc(Nc3ncc(F)c(Nc4cc5c(F)c(F)c4OCO5)n3)ccc2O1,COC(=O)C1Cc2cc(N)ccc2O1.Fc1cnc(Cl)nc1Nc1cc2c(F)c(F)c1OCO2
163,mc_greedy,False,False,0.1,10,CCc1cc(-c2ccc(Cl)cc2)cc(CC)c1[C@@]1(C)CC[C@@H](C(=O)O)O1,CCc1cc(-c2ccc(Cl)cc2)cc(CC)c1C1C(=O)[C@@H]2CC[C@@](C)(O2)C1=O,C[C@]12CC[C@H](O1)C(=O)CC2=O.ClC(Cl)Cl.CC(=O)[O-].CC(=O)[O-].CC(=O)[O-].CCc1cc(-c2ccc(Cl)cc2)cc(CC)[c]1[Pb+3].Cl.Cc1ccccc1
164,mc_greedy,False,True,0.4,10,NS(=O)(=O)c1cc(C(=O)O)cc([N+](=O)[O-])c1Oc1ccccc1,Nc1cc(C(=O)O)cc(S(N)(=O)=O)c1Oc1cccc(C(F)(F)F)c1,NS(=O)(=O)c1cc(C(=O)O)cc([N+](=O)[O-])c1Oc1cccc(C(F)(F)F)c1.NS(=O)(=O)c1cc(C(=O)O)cc([N+](=O)[O-])c1Oc1ccccc1
165,mc_greedy,True,True,1.0,2,NS(=O)(=O)c1ccc(-c2cn(-c3nc(-c4ccc(F)cc4)cc(C(F)(F)F)n3)cn2)s1,NS(=O)(=O)c1ccc(-c2cn(-c3nc(-c4ccc(F)cc4)cc(C(F)(F)F)n3)cn2)s1,CC(C)(C)NS(=O)(=O)c1ccc(-c2cn(-c3nc(-c4ccc(F)cc4)cc(C(F)(F)F)n3)cn2)s1.O=C(O)C(F)(F)F.ClCCl
166,mc_greedy,True,True,1.0,4,CC(C)N1CCN(c2ccc([N+](=O)[O-])cc2C#N)CC1,CC(C)N1CCN(c2ccc([N+](=O)[O-])cc2C#N)CC1,N#Cc1cc([N+](=O)[O-])ccc1F.CC(C)N1CCNCC1.O=C([O-])[O-].[K+].[K+].CN(C)C=O
167,mc_greedy,False,False,0.1,2,CCOC(=O)c1cn(C)c2cnc3c(N4CCN(c5ccc(C)c(F)c5)CC4)c(F)c(F)cc3c2c1=O,CCOC(=O)c1cn(C)c2cnc3c(F)c(Cl)c(N4CCN(c5ccc(C)c(F)c5)CC4)cc3c2c1=O,CCOC(=O)c1cn(C)c2cnc3c(F)c(Cl)c(F)cc3c2c1=O.Cc1ccc(N2CCNCC2)cc1F.CS(C)=O
168,mc_greedy,True,True,1.0,1,Cc1ccc2cc(CN3C(=O)c4ccccc4C3=O)ccc2n1,Cc1ccc2cc(CN3C(=O)c4ccccc4C3=O)ccc2n1,Cc1ccc2cc(CBr)ccc2n1.O=C1NC(=O)c2ccccc21.[K].CN(C)C=O
169,mc_greedy,True,True,0.9,7,Cc1nnc2n1-c1sc(C#CCN3C(=O)c4ccccc4S3(=O)=O)cc1C(c1ccccc1Cl)=NC2,Cc1nnc2n1-c1sc(C#CCN3C(=O)c4ccccc4S3(=O)=O)cc1C(c1ccccc1Cl)=NC2,Cc1nnc2n1-c1sc(I)cc1C(c1ccccc1Cl)=NC2.C#CCN1C(=O)c2ccccc2S1(=O)=O
170,mc_greedy,True,True,0.7,4,C[Si](C)(C)CC[Si](C)(C)CCCOCC(O)CNCC1CCCO1,C[Si](C)(C)CC[Si](C)(C)CCCOCC(O)CNCC1CCCO1,NCC1CCCO1.C[Si](C)(C)CC[Si](C)(C)CCCOCC1CO1.CCO
171,mc_greedy,False,False,0.2,20,Cc1nc(C)c(C(=O)O)cc1O,COC(=O)c1cc(OC(C)=O)c(C)nc1C(=O)NC(C)(C(N)=O)C(C)C,Cl.CC(=O)Oc1cc(C(=O)O)c(C(=O)NC(C)(C(N)=O)C(C)C)nc1C.CO
172,mc_greedy,False,False,1.0,1,CONC(=O)c1ccccc1F,CON(O)C(=O)c1ccccc1F,Cl.CON.O=C([O-])[O-].[K+].[K+].O=C(Cl)c1ccccc1F.O.ClCCl
173,mc_greedy,True,True,0.9,4,COc1ccc(CN2C(=O)c3ccccc3C2=O)cc1,COc1ccc(CN2C(=O)c3ccccc3C2=O)cc1,COc1ccc(CCl)cc1.[K].O=C1NC(=O)c2ccccc21.CN(C)C=O
174,mc_greedy,True,True,1.0,4,CC(C)(C)[Si](OCCO)(c1ccccc1)c1ccccc1,CC(C)(C)[Si](OCCO)(c1ccccc1)c1ccccc1,CC(C)(C)[Si](Cl)(c1ccccc1)c1ccccc1.OCCO.c1c[nH]cn1.C1CCOC1
175,mc_greedy,True,True,0.8,12,CCOC(=O)CCC(C)Oc1ccc(N(C)c2nc3cc(Cl)ccc3o2)cc1,CCOC(=O)CCC(C)Oc1ccc(N(C)c2nc3cc(Cl)ccc3o2)cc1,CN(c1ccc(O)cc1)c1nc2cc(Cl)ccc2o1.O=[N+]([O-])c1cc(C(F)(F)F)ccc1O.CCOC(=O)CCC(C)Br.O=C([O-])[O-].[K+].[K+].CC(=O)CC(C)C
176,mc_greedy,False,False,0.7,2,COC(=O)C(Cc1ccccc1)Nc1nccc(Cl)n1,COC(=O)[C@H](Cc1ccccc1)Nc1ccnc(Cl)n1,Clc1ccnc(Cl)n1.Cl.COC(=O)C(N)Cc1ccccc1.CCN(C(C)C)C(C)C.CCO
177,mc_greedy,True,True,0.9,2,CC(=NO)c1ccc2c(c1)C13CC2c2ccccc2C1CN(CC1CCCC1)C3,CC(=NO)c1ccc2c(c1)C13CC2c2ccccc2C1CN(CC1CCCC1)C3,CC(=O)c1ccc2c(c1)C13CC2c2ccccc2C1CN(CC1CCCC1)C3.Cl.NO.[OH-].[Na+].ClCCl.CCO.O
178,mc_greedy,True,True,0.2,25,COC(=O)c1cccc(NC(=O)N(Cc2ccc(C(=O)Nc3nn[nH]n3)cc2)c2ccc(C(C)(C)C)cc2)c1,COC(=O)c1cccc(NC(=O)N(Cc2ccc(C(=O)Nc3nn[nH]n3)cc2)c2ccc(C(C)(C)C)cc2)c1,COC(=O)c1cccc(N=C=O)c1.CC(C)(C)c1ccc(NCc2ccc(C(=O)Nc3nn[nH]n3)cc2)cc1.CC(Cl)Cl
179,mc_greedy,True,True,0.3,14,C[C@H](Nc1c(Cl)cnn(C)c1=O)c1nc2ccc(F)cc2n1-c1ccccc1,C[C@H](Nc1c(Cl)cnn(C)c1=O)c1nc2ccc(F)cc2n1-c1ccccc1,Cl.Cl.C[C@H](N)c1nc2ccc(F)cc2n1-c1ccccc1.Cn1ncc(Cl)c(Cl)c1=O.CCN(C(C)C)C(C)C.CC(C)O.CCOC(C)=O
180,mc_greedy,True,True,1.0,4,CN(c1ccc([N+](=O)[O-])cc1)[C@H]1CCNC1,CN(c1ccc([N+](=O)[O-])cc1)[C@H]1CCNC1,CN(c1ccc([N+](=O)[O-])cc1)[C@H]1CCN(C(=O)OC(C)(C)C)C1.O=C(O)C(F)(F)F.ClCCl
181,mc_greedy,True,True,0.3,19,C[Si](C)(C)c1cc(C(=O)O)n(-c2cccc(CP(C)(C)=O)c2)n1,C[Si](C)(C)c1cc(C(=O)O)n(-c2cccc(CP(C)(C)=O)c2)n1,CCOC(=O)c1cc([Si](C)(C)C)nn1-c1cccc(CP(C)(C)=O)c1.[OH-].[Na+].CCO
182,mc_greedy,False,False,0.6,2,COC(=O)Cc1ccc2c(c1)Cc1cc(O)ccc1-2,Cc1c(CC(=O)O)ccc2c1Cc1cc(O)ccc1-2,O=C(O)Cc1ccc2c(c1)Cc1cc(O)ccc1-2.CO.C=[N+]=[N-].CCOCC.CC(=O)O
183,mc_greedy,True,True,0.4,6,CC(C)(C)c1nc(-c2cccc(NS(=O)(=O)c3cccs3)c2F)c(-c2ccnc(N)n2)s1,CC(C)(C)c1nc(-c2cccc(NS(=O)(=O)c3cccs3)c2F)c(-c2ccnc(N)n2)s1,CC(C)c1nc(-c2cccc(NS(=O)(=O)c3c(F)cccc3F)c2)c(-c2ccnc(Cl)n2)s1.CC(C)(C)c1nc(-c2cccc(N)c2F)c(-c2ccnc(N)n2)s1.O=S(=O)(Cl)c1cccs1
184,mc_greedy,True,True,0.7,5,CCCCCCCCOc1ccc(C=COC)cc1,CCCCCCCCOc1ccc(C=COC)cc1,[Cl-].COC[P+](c1ccccc1)(c1ccccc1)c1ccccc1.CC(C)(C)[O-].[K+].CCCCCCCCOc1ccc(C=O)cc1.CCOCC
185,mc_greedy,False,False,1.0,6,CCOC(=O)C[C@@H]1CCCN1c1ccc(OCc2cccc(C)c2)cc1,Cc1cccc(COc2ccc(N3CCC[C@H]3CC(=O)O)cc2)c1,CCOC(=O)C[C@@H]1CCCN1c1ccc(O)cc1.Cc1cccc(CBr)c1.O=C([O-])[O-].[K+].[K+].CN(C)C=O
186,mc_greedy,False,False,1.0,8,CC(C)(C)OC(=O)N1CCN(CCCN2CCC[C@@H]2COC(=O)C=Cc2ccc(Cl)c(Cl)c2)C(=O)C1,O=C(/C=C/c1ccc(Cl)c(Cl)c1)N1CCN(CCCN2CCC[C@@H]2CO)C(=O)C1,Cl.CC(C)(C)OC(=O)N1CCN(CCCN2CCC[C@@H]2CO)C(=O)C1.CN1CCOCC1.O=C(O)C=Cc1ccc(Cl)c(Cl)c1.F[P-](F)(F)(F)(F)F.CN(C)C(On1nnc2cccnc21)=[N+](C)C.C1COCCO1
187,mc_greedy,False,False,1.0,1,Cc1cn(CC(=O)N2CCN(C(c3ccccc3)(c3ccccc3)c3ccccc3)CC2)c(=O)[nH]c1=O,Cc1c[nH]c(=O)[nH]c1=O,c1ccc(C(c2ccccc2)(c2ccccc2)N2CCNCC2)cc1.Cc1cn(CC(=O)O)c(=O)[nH]c1=O
188,mc_greedy,False,False,0.5,12,Cc1nc(-c2cnc(Nc3ccc(Cl)cc3)c(Cl)c2)nc(C)c1C,Cc1nc(-c2cnc(Nc3ccc(Cl)cc3)c(Cl)c2)[nH]c1C,N=C(N)c1cnc(Nc2ccc(Cl)cc2)c(Cl)c1.CC(=O)C(C)Cl.[NH4+].[OH-]
189,mc_greedy,False,False,0.2,10,Cc1cc(Br)c(C(=O)OC(C)(C)C)c2c3c(n(C)c12)CC1CCC3N1,Cc1cccc(S(=O)(=O)c2cc(C)c3c(c2C(=O)OC(C)(C)C)c2c(n3C)CC3CCC2N3)c1,Cc1cccc(S(=O)[O-])c1.[Na+].Cc1cc(Br)c(C(=O)OC(C)(C)C)c2c3c(n(C)c12)CC1CCC3N1
190,mc_greedy,False,False,0.9,8,Cc1cccc(C)c1NC(=O)CN1CCN(CC(O)COC2Cc3ccccc3C2)CC1,CCCCc1ccc(COCC(O)CN2CCN(CC(=O)Nc3c(C)cccc3C)CC2)cc1,Cc1cccc(C)c1NC(=O)CN1CCN(CC(O)COC2Cc3ccccc3C2)CC1.CC(C)O
191,mc_greedy,True,True,1.0,9,OCCOCCN1CCN(C2=Nc3ccccc3Sc3ccccc32)CC1,OCCOCCN1CCN(C2=Nc3ccccc3Sc3ccccc32)CC1,CCCCO.Cl.c1ccc2c(c1)N=C(N1CCNCC1)c1ccccc1S2.O=C([O-])[O-].[Na+].[Na+].OCCOCCCl.CCCC[N+](CCCC)(CCCC)CCCC.[Br-].O
192,mc_greedy,False,True,0.2,13,CC(O)c1cc2ccc(F)c3nc(Cl)ccc3c-2n1,CC(O)c1cc2cccc(F)c2nc1Cl,Fc1cccc2ccc(Cl)nc12.CC(C)[N-]C(C)C.[Li+].CC=O.CCOC(C)=O.C1CCOC1
193,mc_greedy,False,False,0.2,10,CCOC(=O)CNc1nc2cc(F)c(F)c(F)c2s1,CCC(C(=O)O)n1c(=NC(=O)c2ccc(F)c(C(F)(F)F)c2)sc2c(F)c(F)c(F)cc21,Nc1nc2cc(F)c(F)c(F)c2s1.O=C(Cl)c1ccc(F)c(C(F)(F)F)c1.CCC(Br)C(=O)OC.COc1ccc2nc(N)sc2c1.O=C(Cl)c1cccc(Cl)c1.CCOC(=O)CBr
194,mc_greedy,False,False,0.5,13,CCOC(=O)N1CCC(Cc2ccc(F)cc2)CC1,Fc1ccc(CC2CCN(CCS)CC2)cc1,Fc1ccc(CC2CCNCC2)cc1.CCOC(=O)OCCS.Cc1ccccc1
195,mc_greedy,False,False,0.3,8,O=C(O)Cc1c(C(=O)c2cccc(Cl)c2)[nH]c2cc(Cl)ccc12,O=C(O)Cc1c(C(=O)c2cccc(F)c2)[nH]c2cc(Cl)ccc12,O=C(O)Cc1c(C(=O)c2cccc(Cl)c2)[nH]c2cc(Cl)ccc12.Fc1cccc(Br)c1
196,mc_greedy,False,True,0.3,13,O=C(O)c1nc2cc([N+](=O)[O-])ccc2n1Cc1ccccc1,O=c1[nH]c2cc([N+](=O)[O-])ccc2n(Cc2ccccc2)c1=O,Nc1cc([N+](=O)[O-])ccc1NCc1ccccc1.O.O.O=C(O)C(=O)O.Cl
197,mc_greedy,True,True,0.9,2,Cc1ccsc1-c1nnc(-c2nc(Br)cnc2NC(=O)OC(C)(C)C)o1,Cc1ccsc1-c1nnc(-c2nc(Br)cnc2NC(=O)OC(C)(C)C)o1,Cc1ccsc1-c1nnc(-c2nc(Br)cnc2N)o1.C1CCOC1.CC(C)(C)OC(=O)OC(=O)OC(C)(C)C.CN(C)c1ccncc1.ClCCl
198,mc_greedy,False,True,0.4,4,Clc1ccc(C(CC2OCCO2)Cn2ccnc2)cc1Cl,O=CCC(Cn1ccnc1)c1ccc(Cl)c(Cl)c1,Clc1ccc(C(CC2OCCO2)Cn2ccnc2)cc1Cl.Cl
199,mc_greedy,True,True,0.5,5,CCOc1nc(N2CCNCC2)nc(N2CCS(=O)CC2)c1[N+](=O)[O-],CCOc1nc(N2CCNCC2)nc(N2CCS(=O)CC2)c1[N+](=O)[O-],C1CNCCN1.CCOc1nc(SC)nc(N2CCS(=O)CC2)c1[N+](=O)[O-].C1COCCO1
200,mc_greedy,False,True,0.5,8,O=C(I)c1ccc(Cl)cc1Cl,N#CC(=O)c1ccc(Cl)cc1Cl,[I-].[Na+].O=C(Cl)c1ccc(Cl)cc1Cl.CC#N
201,mc_greedy,False,False,0.7,8,Cc1ccc(C(=O)Nc2cnn(C)c2)cc1C1CC1NCC1CC1,Cc1ccc(C(=O)Nc2cnn(C)c2)cc1[C@@H]1C[C@H]1NCC1CC1,Cc1ccc(C(=O)Nc2cnn(C)c2)cc1C1CC1N(CC1CC1)C(=O)OC(C)(C)C.Cl.CO.CO
202,mc_greedy,False,False,0.1,24,[N-]=[N+]=N[C@H]1CC[C@H](N(Cc2ccccc2)C(=O)OCc2ccccc2)C[C@H]1O,[N-]=[N+]=N[C@H]1CC[C@H](NC(=O)OCc2ccccc2)C[C@@H]1O,O=C(OCc1ccccc1)N(Cc1ccccc1)[C@H]1CC[C@H]2O[C@H]2C1.[O-][Cl+3]([O-])([O-])[O-].[Li+].[N-]=[N+]=[N-].[Na+].O=C([O-])O.[Na+].CO.CCOC(C)=O.O
203,mc_greedy,True,True,0.8,5,CS(=O)(=O)Nc1ccc(-c2cccc3nc(N)nn23)cc1,CS(=O)(=O)Nc1ccc(-c2cccc3nc(N)nn23)cc1,Nc1nc2cccc(Br)n2n1.CS(=O)(=O)Nc1ccc(B(O)O)cc1
204,mc_greedy,True,True,0.8,6,COc1cccc2c1cc(C)n2Cc1ccc(F)cc1,COc1cccc2c1cc(C)n2Cc1ccc(F)cc1,COc1cccc2[nH]c(C)cc12.[H-].[Na+].CCCCCC.Fc1ccc(CCl)cc1.CN(C)C=O.O
205,mc_greedy,True,True,0.7,3,O=C1C(=O)N(CCCN2CCN(C(c3ccccc3)c3ccccc3)CC2)c2ccccc21,O=C1C(=O)N(CCCN2CCN(C(c3ccccc3)c3ccccc3)CC2)c2ccccc21,O=C1Nc2ccccc2C1=O.[H-].[Na+].ClCCCN1CCN(C(c2ccccc2)c2ccccc2)CC1.O.CN(C)C=O
206,mc_greedy,False,False,0.1,35,COc1cc(C=O)ccc1OCc1ccccc1C,CCN1C(=N)/C(=C/c2ccc(OCc3ccccc3C)c(OC)c2)NC1=O,Cc1ccccc1CCl.COc1cc(C=O)ccc1O.O=C([O-])[O-].[K+].[K+].CCNC(=O)NCC#N.CC(C)(C)[O-].[K+].CN(C)C=O.CCO
207,mc_greedy,False,True,0.6,9,CC(C)(C)OC(=O)N(CC1CC1)[C@@H]1C[C@H]1c1ccc(NC(=O)c2ccccc2)cc1,CC(C)(C)OC(=O)N(CC1CC1)[C@@H]1C[C@H]1c1ccc(NC(=O)c2ccc(NC(=O)c3ccccc3)cc2)cc1,CC(C)(C)OC(=O)N(CC1CC1)[C@@H]1C[C@H]1c1ccc(N)cc1.O=C(O)c1ccc(NC(=O)c2ccccc2)cc1.On1nnc2ccccc21.Cl.CCN=C=NCCCN(C)C.Cl.CN(C)C=O
208,mc_greedy,False,False,0.8,21,CC(C)CCC[C@@H](C)[C@H]1CC[C@H]2[C@@H]3CC[C@H]4CCCC[C@]4(C)[C@H]3CC[C@]12C,CC(C)CCC[C@@H](C)[C@H]1CC[C@H]2[C@@H]3CC[C@H]4C[C@@H](O)CC[C@]4(C)[C@H]3CC[C@]12C,CC(C)CCC[C@@H](C)[C@H]1CC[C@H]2[C@@H]3CC[C@H]4CCCC[C@]4(C)[C@H]3CC[C@]12C.[OH-].[Na+].C1CCOC1.CO
209,mc_greedy,True,True,0.3,10,Cc1ccc2c(=O)n3c4ccccc4n(CC4OC4C)c3nc2c1,Cc1ccc2c(=O)n3c4ccccc4n(CC4OC4C)c3nc2c1,Cc1ccc2c(=O)n3c(nc2c1)[nH]c1ccccc13.CC1OC1CBr
210,mc_greedy,True,True,0.9,7,COC(=O)c1ccc2c(C)n[nH]c2c1,COC(=O)c1ccc2c(C)n[nH]c2c1,Cc1n[nH]c2cc(C(=O)O)ccc12.Cl.CO
211,mc_greedy,False,True,0.2,11,Oc1ccc(F)c(OC(F)(F)F)c1,Oc1ccc(F)cc1OC(F)(F)F,O=N[O-].[Na+].Nc1ccc(O)c(OC(F)(F)F)c1.F.c1ccncc1.O.O.O.[F-].CCCC[N+](CCCC)(CCCC)CCCC.CCOC(C)=O
212,mc_greedy,True,True,0.9,9,CCCCCC(Br)c1ccc(CC(C)C)cc1,CCCCCC(Br)c1ccc(CC(C)C)cc1,CCCCCC(O)c1ccc(CC(C)C)cc1.BrC(Br)(Br)Br.c1ccc(P(c2ccccc2)c2ccccc2)cc1.C1CCOC1
213,mc_greedy,True,True,0.7,8,COc1ccc(-c2nc(Cl)c3c(n2)CCC3)cc1,COc1ccc(-c2nc(Cl)c3c(n2)CCC3)cc1,O=c1nccc[nH]1.COc1ccc(-c2nc3c(c(=O)[nH]2)CCC3)cc1.O=P(Cl)(Cl)Cl
214,mc_greedy,True,True,1.0,3,CC(C)(C)OC(=O)N1CCC[C@H]1c1nc2cc(Br)ccc2[nH]1,CC(C)(C)OC(=O)N1CCC[C@H]1c1nc2cc(Br)ccc2[nH]1,CC(C)(C)OC(=O)N1CCC[C@H]1C(=O)Nc1ccc(Br)cc1N.CC(=O)[O-].[NH4+].CC(=O)O.CCOC(C)=O
215,mc_greedy,False,True,0.4,13,CN(C)Cc1cccc(OCCCNc2nc(N)nn2C)c1,CN(C)Cc1cccc(OCCCNc2nc(N=Cc3ccccc3)nn2C)c1,CN(C)Cc1cccc(OCCCNc2nc(N)nn2C)c1.O=Cc1ccccc1.c1ccccc1
216,mc_greedy,False,False,0.1,5,CCCCC(C(=O)Nc1cccc2cccnc12)C(=O)OCC,CCOC(=O)CCCCCC(C(=O)Nc1cccc2cccnc12)C(=O)Nc1cccc2cccnc12,O=C(CC(=O)Nc1cccc2cccnc12)Nc1cccc2cccnc12.[H-].[Na+].CCCCC(Br)C(=O)OCC.CN(C)C=O.C1CCOC1
217,mc_greedy,False,True,0.4,5,CC(C)CC(C)Nc1cc(O)c(Cl)cc1F,CC(CC(C)C)=Nc1cc(O)c(Cl)cc1F,Nc1cc(O)c(Cl)cc1F.CC(=O)CC(C)C.O=S(=O)(O)O
218,mc_greedy,True,True,1.0,1,CC(=O)c1ccc(Br)cc1OS(C)(=O)=O,CC(=O)c1ccc(Br)cc1OS(C)(=O)=O,CS(=O)(=O)Cl.CC(=O)c1ccc(Br)cc1O.CCN(CC)CC.Cl.ClCCl
219,mc_greedy,False,False,0.2,15,CCS(=O)(=O)c1ccc(Sc2cccc(Cl)c2)cc1,CCS(=O)(=O)c1ccc(Sc2c(C)n(CC(=O)O)c3cccc(NC(C)=O)c23)cc1,CC(=O)Nc1cccc2c1c(Sc1cccc(Cl)c1)c(C)n2CC(=O)O.CCS(=O)(=O)c1ccc(S)cc1
220,mc_greedy,False,False,0.2,8,CN(c1cccc2cc(C(N)=S)[nH]c12)S(=O)(=O)c1cccs1,CN(c1cccc2cc(-c3ncc(C(=O)O)s3)[nH]c12)S(=O)(=O)c1cccs1,CN(c1cccc2cc(C(N)=S)[nH]c12)S(=O)(=O)c1cccs1.[K].[OH-].[Na+].Cl.C1CCOC1.CCOC(C)=O.CCO.CC(=O)N(C)C.CC(=O)O
221,mc_greedy,False,False,0.2,17,Cc1ccn(Cc2ccccc2)c1N,CNC1CN(Cc2ccccc2)CCC1C,[BH4-].[Na+].[Br-].CNc1c[n+](Cc2ccccc2)ccc1C.Cl.CCO.O
222,mc_greedy,False,False,0.6,4,COc1ccc2c(c1)CC[C@@H]1[C@@H]2CC[C@@]2(C)CCC[C@@H]12,COc1ccc2c(c1)CC[C@@H]1[C@@H]2CC[C@@]2(C)C[C@H](O)C[C@@H]12,COc1ccc2c(c1)CC[C@@H]1[C@@H]2CC[C@@]2(C)C=CC[C@@H]12.B1C2CCCC1CCC2.[OH-].[Na+].OO.C1CCOC1.O
223,mc_greedy,True,True,1.0,6,CCc1cccc(NC(N)=S)c1,CCc1cccc(NC(N)=S)c1,CCc1cccc(N=C=S)c1.N.CO
224,mc_greedy,False,False,0.2,19,CCOC(=O)c1ccc2cc(C(=O)OCC)n(C[C@H](C)S(=O)(=O)O)c2c1,CCOC(=O)c1ccc2cc(C(=O)OCC)n([C@H](C)CNC(=O)OC(C)(C)C)c2c1,[H-].[Na+].CCOC(=O)c1ccc2cc(C(=O)OCC)[nH]c2c1.C[C@H]1CN(C(=O)OC(C)(C)C)S(=O)(=O)O1.CN(C)C=O
225,mc_greedy,False,False,1.0,4,COC(=O)c1cccc(NS(=O)(=O)C(F)(F)F)c1,COC(=O)c1cccc(N(S(=O)(=O)C(F)(F)F)S(=O)(=O)C(F)(F)F)c1,O=S(=O)(OS(=O)(=O)C(F)(F)F)C(F)(F)F.COC(=O)c1cccc(N)c1.CCN(C(C)C)C(C)C.ClCCl
226,mc_greedy,True,True,1.0,1,O=C(c1cc(I)c(O)c(I)c1)N1CCOc2ccccc21,O=C(c1cc(I)c(O)c(I)c1)N1CCOc2ccccc21,c1ccc2c(c1)NCCO2.O=C(Cl)c1cc(I)c(O)c(I)c1.CCOC(C)=O
227,mc_greedy,True,True,0.9,9,CCOc1cc(-c2ccccc2)cc(C=O)c1O,CCOc1cc(-c2ccccc2)cc(C=O)c1O,CCOc1cc(Br)cc(C=O)c1O.OB(O)c1ccccc1
228,mc_greedy,False,False,0.9,6,COc1ccc(C(=O)Nc2cc3c(cc2N)N(CCCN2CCOCC2)C(=O)C3(C)C)cc1,COc1ccc(-c2nc3cc4c(cc3[nH]2)C(C)(C)C(=O)N4CCCN2CCOCC2)cc1,COc1ccc(C(=O)Nc2cc3c(cc2[N+](=O)[O-])N(CCCN2CCOCC2)C(=O)C3(C)C)cc1.[Ni]
229,mc_greedy,True,True,0.8,2,O=C(CN1CCNCC1)NC1C2CC3CC(C2)CC1C3,O=C(CN1CCNCC1)NC1C2CC3CC(C2)CC1C3,CC(C)(C)OC(=O)N1CCN(CC(=O)NC2C3CC4CC(C3)CC2C4)CC1.O=C(O)C(F)(F)F.ClCCl
230,mc_greedy,False,False,0.9,9,OC[C@H](Cc1ccccc1)Nc1ncnc2c1cnn2-c1ccccc1,OCCCc1ccccc1,Clc1ncnc2c1cnn2-c1ccccc1.CCN(CC)CC.N[C@@H](CO)Cc1ccccc1.CCO
231,mc_greedy,True,True,0.9,6,COC(=O)c1cc(Cl)cc(CO)c1,COC(=O)c1cc(Cl)cc(CO)c1,COC(=O)c1cc(Cl)cc(C(=O)OC)c1.[BH4-].[Na+].CO.ClCCl
232,mc_greedy,True,True,0.7,14,CC(C)(C)Oc1ccc2cc(Br)ccc2c1,CC(C)(C)Oc1ccc2cc(Br)ccc2c1,Oc1ccc2cc(Br)ccc2c1.C=C(C)C.ClCCl.O=S(=O)(O)C(F)(F)F
233,mc_greedy,False,False,0.6,10,COC(=O)CNC(=O)[C@H](Cc1ccccc1)NC(=O)OCc1ccccc1,O=C1CNC(=O)[C@H](Cc2ccccc2)N1,O=C(N[C@@H](Cc1ccccc1)C(=O)O)OCc1ccccc1.COC(=O)CN.CO.[Pd]
234,mc_greedy,False,False,1.0,7,CC(C)(C)[Si](C)(C)OCc1cncc(Br)c1,COC(=O)c1cncc(Br)c1,OCc1cncc(Br)c1.c1c[nH]cn1.CC(C)(C)[Si](C)(C)Cl.CN(C)C=O
235,mc_greedy,True,True,0.8,2,CC(C)(C)OC(=O)NCC(=O)NCC(F)(F)F,CC(C)(C)OC(=O)NCC(=O)NCC(F)(F)F,CCN(C(C)C)C(C)C.CC(C)(C)OC(=O)NCC(=O)O.c1ccc2c(c1)nnn2O[P+](N1CCCC1)(N1CCCC1)N1CCCC1.F[P-](F)(F)(F)(F)F.NCC(F)(F)F.ClCCl
236,mc_greedy,False,False,1.0,8,COC(CNC(=O)Nc1cccc(Br)c1)OC,O=c1[nH]ccn1-c1cccc(Br)c1,O=C=Nc1cccc(Br)c1.COC(CN)OC.ClCCl
237,mc_greedy,False,True,0.5,4,CNC1=NC(=O)[C@H]([C@H](C)c2c[nH]c3ccccc23)O1,C[C@H](c1c[nH]c2ccccc12)[C@@H]1OC(N(C)C(=O)C(F)(F)F)=NC1=O,CNC1=NC(=O)[C@H]([C@H](C)c2c[nH]c3ccccc23)O1.C1CCOC1.CCN(CC)CC.O=C(OC(=O)C(F)(F)F)C(F)(F)F.CCOC(C)=O
238,mc_greedy,False,True,0.4,8,CN(C)c1nc2nc(N3CCN(Cc4ccccc4)CC3)nc(N(C)C)c2nc1Cl,CN(C)c1nc2nc(N3CCNCC3)nc(N(C)C)c2nc1OCc1ccccc1,CN(C)c1nc2nc(N3CCNCC3)nc(N(C)C)c2nc1Cl.OCc1ccccc1
239,mc_greedy,False,False,0.9,12,CC(=CC(=O)OCC1COC(C)(C)O1)CCCC(C)CCCC(C)CCCC(C)C,CC(=CC(=O)OCC(O)CO)CCCC(C)CCCC(C)CCCC(C)C,CC(=CC(=O)O)CCCC(C)CCCC(C)CCCC(C)C.CS(=O)(=O)Cl.CC1(C)OCC(CO)O1.Cl.CN(C)c1ccncc1.ClCCl.CC#N.CCOC(C)=O.CCN(CC)CC
240,mc_greedy,True,True,0.3,6,CC1(C)CCN(C2CC2)c2ccc(C#Cc3ccc(C(=O)O)cc3)cc21,CC1(C)CCN(C2CC2)c2ccc(C#Cc3ccc(C(=O)O)cc3)cc21,CCOC(=O)c1ccc(C#Cc2ccc3c(c2)C(C)(C)CCN3C2CC2)cc1.[OH-].[Na+].CCO
241,mc_greedy,True,True,1.0,3,Nc1cccc2c1NC(=O)CC2,Nc1cccc2c1NC(=O)CC2,CC(=O)Nc1cccc2c1NC(=O)CC2.[OH-].[Na+].Cl
242,mc_greedy,True,True,1.0,6,COCCOc1ccc(F)c(F)c1,COCCOc1ccc(F)c(F)c1,Oc1ccc(F)c(F)c1.[H-].[Na+].COCCBr.O.CN(C)C=O
243,mc_greedy,True,True,0.9,8,CC(C)S(=O)(=O)Oc1ccc(CCOc2ccc(C=C3SC(=O)NC3=O)cc2)cc1,CC(C)S(=O)(=O)Oc1ccc(CCOc2ccc(C=C3SC(=O)NC3=O)cc2)cc1,CC(C)S(=O)(=O)Oc1ccc(CCOc2ccc(C=O)cc2)cc1.O=C1CSC(=O)N1.Cc1ccccc1.O.C1CCNCC1.CC(=O)O.CC(C)=O
244,mc_greedy,False,True,0.6,5,Nc1nnc(Cl)cc1C1=CCCCC1=O,Nc1nnc(Cl)cc1C1=CCCCC12OCCO2,CC1(C)OB(C2=CCCCC23OCCO3)OC1(C)C.Nc1nnc(Cl)cc1Br.O=C([O-])[O-].[Cs+].[Cs+].C1COCCO1.c1ccc([P](c2ccccc2)(c2ccccc2)[Pd]([P](c2ccccc2)(c2ccccc2)c2ccccc2)([P](c2ccccc2)(c2ccccc2)c2ccccc2)[P](c2ccccc2)(c2ccccc2)c2ccccc2)cc1.O
245,mc_greedy,True,True,1.0,1,CC(C)(C)[Si](C)(C)OCCOc1ccc(N)cc1OC(F)F,CC(C)(C)[Si](C)(C)OCCOc1ccc(N)cc1OC(F)F,CC(C)(C)[Si](C)(C)OCCOc1ccc([N+](=O)[O-])cc1OC(F)F.O=C[O-].[NH4+].CCO.[Pd]
246,mc_greedy,True,True,0.4,6,O=[N+]([O-])c1cnc(Br)cc1NCc1ccccc1OC(F)(F)F,O=[N+]([O-])c1cnc(Br)cc1NCc1ccccc1OC(F)(F)F,NCc1ccccc1OC(F)(F)F.O=[N+]([O-])c1cnc(Br)cc1NCc1cccc(Cl)c1Cl
247,mc_greedy,False,False,0.2,10,N#Cc1ccc2c(c1)Sc1ccc(CO)cc1CC2,N#Cc1ccc2c(c1)Sc1c(CBr)cccc1CC2,N#Cc1ccc2c(c1)Sc1ccc(CBr)cc1CC2.N#Cc1ccc2c(c1)Sc1c(CO)cccc1CC2
248,mc_greedy,False,False,0.8,15,O=C(O)CC(O)(CC(=O)O)C(=O)O,OC(c1ccccc1)C(O)c1nnn(-c2cccc(Cl)c2)n1,Clc1cccc(-n2nnc(C=Cc3ccccc3)n2)c1.O=C(O)CC(O)(CC(=O)O)C(=O)O.CC(C)(C)O.C[N+]1([O-])CCOCC1.O
249,mc_greedy,False,False,0.5,14,C=CC[C@@H]1C(O)CCN(c2ccc(C(C)C)cc2)[C@H]1c1ccc(C(F)(F)F)cc1,C=CC[C@@H]1C(=O)CCN(c2ccc(C(C)C)cc2)[C@H]1c1ccc(C(F)(F)F)cc1,CCC(C)[BH-](C(C)CC)C(C)CC.[Li+].C=CC[C@@H]1C(=O)C=CN(c2ccc(C(C)C)cc2)[C@H]1c1ccc(C(F)(F)F)cc1.C1CCOC1
250,mc_greedy,True,True,0.7,3,COc1cc(I)ccc1C(=O)N1Cc2cccn2Cc2ccccc21,COc1cc(I)ccc1C(=O)N1Cc2cccn2Cc2ccccc21,COc1cc(I)ccc1C(=O)O.c1ccc2c(c1)Cn1cccc1CN2.CCN(C(C)C)C(C)C.O=S(Cl)Cl.ClCCl
251,mc_greedy,False,True,0.6,2,O=CC=Cc1ccccn1,O=C/C=C/c1ccccn1,O=Cc1ccccn1.O=CC=P(c1ccccc1)(c1ccccc1)c1ccccc1.Cc1ccccc1
252,mc_greedy,False,False,0.9,2,CC(C)C(O)c1cn(C(c2ccccc2)(c2ccccc2)c2ccccc2)cn1,CC(C)C(O)(c1ccc2cc(C3=NC(C)(C)CO3)ccc2c1)c1c[nH]cn1,CC1(C)COC(c2ccc3cc(Br)ccc3c2)=N1.CC(C)C(O)c1cn(C(c2ccccc2)(c2ccccc2)c2ccccc2)cn1
253,mc_greedy,False,True,0.6,9,O=C(N[C@@H]1CCNC[C@H]1O)c1ccccc1,N[C@@H]1CCN(Cc2ccccc2)C[C@H]1O,O=C(N[C@@H]1CCN(Cc2ccccc2)C[C@H]1O)c1ccccc1.Cl
254,mc_greedy,False,False,0.2,32,COc1ccc(F)c(C(O)c2cc(Cl)ccc2NC(=O)CC(S)C(=O)O)c1OC,COc1ccc(F)c([C@H]2S[C@H](CC(=O)O)C(=O)Nc3ccc(Cl)cc32)c1OC,COc1ccc(F)c(C(O)c2cc(Cl)ccc2N)c1OC.O=C(O)CC(S)C(=O)O.Cl.C1COCCO1.C1COCCO1
255,mc_greedy,False,False,1.0,5,COc1nc(Cl)c(Cl)cc1NS(=O)(=O)Cc1cc(Cl)cc(Cl)c1,O=S(=O)(Cc1cc(Cl)cc(Cl)c1)Nc1cc(Cl)c(Cl)nc1O,O=S(=O)(Cl)Cc1cc(Cl)cc(Cl)c1.COc1nc(Cl)c(Cl)cc1N
256,mc_greedy,False,False,0.4,8,CCOC(=O)C(CC(C)=O)C(C)=O,Cc1occc1C(=O)O,COC(CCl)OC.O.Cl.CCOC(=O)CC(C)=O.c1ccncc1
257,mc_greedy,False,False,0.5,5,CO[C@H]1CC[C@H](n2c(=O)ccc3c(C)nc(N)nc32)CC1,CO[C@H]1CC[C@H](n2c(=O)c(Br)cc3c(C)nc(N)nc32)CC1,CO[C@H]1CC[C@H](n2c(=O)ccc3c(C)nc(N)nc32)CC1.O=C1CCC(=O)N1Br.CN(C)C=O.COC(C)(C)C
258,mc_greedy,True,True,0.4,2,CC1C[C@@]2(O)[C@H]3Cc4ccc(O)c5c4[C@@]2(CCN3CC2CC2)[C@@H](O5)C1=O,CC1C[C@@]2(O)[C@H]3Cc4ccc(O)c5c4[C@@]2(CCN3CC2CC2)[C@@H](O5)C1=O,CC1C[C@@]2(O)[C@H]3Cc4ccc(OCc5ccccc5)c5c4[C@@]2(CCN3CC2CC2)[C@@H](O5)C1=O.CO.[Pd]
259,mc_greedy,True,True,0.6,11,O=C(O)c1ccc(OCc2ccccc2)cc1OCc1ccccc1,O=C(O)c1ccc(OCc2ccccc2)cc1OCc1ccccc1,O=C(O)c1ccc(O)cc1O.O=C([O-])[O-].[K+].[K+].ClCc1ccccc1.Cl.O=S1(=O)CCCC1.O
260,mc_greedy,False,True,0.6,11,O=C(O)c1ccc(S(=O)(=O)O)cc1,O=C(O)c1ccc(S(=O)(=O)Cl)cc1,O=C(O)c1ccc(S(=O)(=O)O)cc1.[K].O=S(=O)(O)Cl
261,mc_greedy,False,False,0.5,4,COc1cn(-c2cccnc2)nc(C(=O)C=CN(C)C)c1=O,COc1cn(-c2cccnc2)nc(-c2ccnn2C)c1=O,COc1cn(-c2cccnc2)nc(C(C)=O)c1=O.COC(OC)N(C)C.CC#N
262,mc_greedy,False,False,0.9,6,Cc1ccc2c(c1)C[C@@H](N1CCN(CCN3CCOC3=O)CC1)c1cc(F)ccc1S2,Cc1ccc2c(c1)CC(O)c1cc(F)ccc1S2,Cc1ccc2c(c1)C[C@@H](N1CCN(CCN3CCOC3=O)CC1)c1cc(F)ccc1S2.ClC(Cl)Cl.CS(=O)(=O)O.c1ccccc1
263,mc_greedy,False,False,0.2,14,ON=C(Br)C(F)(F)F,FC(F)(F)C1(c2cc(Cl)cc(Cl)c2)CC(Br)=NO1,ON=C(Br)Br.C=C(c1cc(Cl)cc(Cl)c1)C(F)(F)F.O=C([O-])O.[Na+].O.CCOC(C)=O
264,mc_greedy,False,False,0.1,14,Cc1cccc(C(=O)N2CCCC2)c1-c1ccc(N)c(C=O)c1,Cc1cccc(C(=O)N2CCCC2)c1-c1ccc2nc(N)c(N3C[C@@H]4C[C@H]3CO4)cc2c1,Cc1cccc(C(=O)N2CCCC2)c1-c1ccc(N)c(C=O)c1.N#CCN1C[C@@H]2C[C@H]1CO2.[OH-].[K+].CS(C)=O
265,mc_greedy,True,True,0.4,8,Cc1ccc(C(=O)Nc2nc3c(s2)c(C(=O)O)cn3C(C)(C)C)cc1,Cc1ccc(C(=O)Nc2nc3c(s2)c(C(=O)O)cn3C(C)(C)C)cc1,CCOC(=O)c1cn(C(C)(C)C)c2nc(NC(=O)c3ccc(C)cc3)sc12.[OH-].[Li+].C1CCOC1.O
266,mc_greedy,False,False,0.2,14,COc1ccc2c(c1)NCC2=O,COc1ccc(C(=O)CCl)c(NC(C)=O)c1,COc1ccc(C(=O)CCl)c(N)c1.CC(=O)O
267,mc_greedy,True,True,0.8,9,CNC(=O)c1cn(C(C)c2ccc(C#N)cc2)c(C)c(Br)c1=O,CNC(=O)c1cn(C(C)c2ccc(C#N)cc2)c(C)c(Br)c1=O,Cc1c(Br)c(=O)c(C(=O)O)cn1C(C)c1ccc(C#N)cc1.CN(C)C(On1nnc2ccccc21)=[N+](C)C.F[P-](F)(F)(F)(F)F.CCN(C(C)C)C(C)C.CN.CN(C)C=O.CO
268,mc_greedy,False,False,0.1,9,CN(C)C(=O)n1cc(C(=O)C(=O)OC(c2ccccc2)c2ccccc2)c2cc(Cl)ccc21,CN(C)C(=O)n1cc(C(=O)C=C(O)C(=O)OC(c2ccccc2)c2ccccc2)c2cc(Cl)ccc21,O=C(OC(c1ccccc1)c1ccccc1)C(O)=CC(=O)c1c[nH]c2ccc(Cl)cc12.[H-].[Na+].CN(C)C(=O)Cl.[Cl-].[NH4+].C1CCOC1
269,mc_greedy,True,True,1.0,4,CS(=O)(=O)N1CCC(Oc2ccc(Cl)cn2)CC1,CS(=O)(=O)N1CCC(Oc2ccc(Cl)cn2)CC1,Clc1ccc(OC2CCNCC2)nc1.CCN(CC)CC.CS(=O)(=O)Cl.ClCCl
270,mc_greedy,True,True,1.0,1,Cc1cc(C(=O)N2CCCC(c3ccc(Cl)cc3C(F)(F)F)C2)ccn1,Cc1cc(C(=O)N2CCCC(c3ccc(Cl)cc3C(F)(F)F)C2)ccn1,CN(C)c1cc(C(=O)N2CCCC(c3ccccc3F)C2)ccn1.Cl.FC(F)(F)c1cc(Cl)ccc1C1CCCNC1.Cc1cc(C(=O)O)ccn1
271,mc_greedy,True,True,1.0,2,Cc1csc(NC(=O)c2nc(Oc3ccccc3)ccc2Cl)n1,Cc1csc(NC(=O)c2nc(Oc3ccccc3)ccc2Cl)n1,Oc1ccccc1.O=C([O-])[O-].[Cs+].[Cs+].Cc1csc(NC(=O)c2nc(Cl)ccc2Cl)n1.[OH-].[Na+].CN(C)C=O
272,mc_greedy,False,False,0.4,3,CCCCCN1C(=O)C(CO)(c2cc3c(cc2O)OCC3)c2c(Cl)cccc21,CCOC(=O)CN1C(=O)C2(COc3cc4c(cc32)CCO4)c2c(Cl)cccc21,CCOC(=O)CN1C(=O)C(CO)(c2cc3c(cc2O)OCC3)c2c(Cl)cccc21.CCCCCN1C(=O)C(CO)(c2cc3c(cc2O)OCO3)c2c(Cl)ccc(Cl)c21
273,mc_greedy,True,True,0.9,7,CN1CCN(c2cc(-c3ccc4c(c3)CN(C(=O)Nc3nccs3)CC4)nc(N)n2)CC1,CN1CCN(c2cc(-c3ccc4c(c3)CN(C(=O)Nc3nccs3)CC4)nc(N)n2)CC1,Nc1nccs1.O=C(Cl)Cl.Cl.CN1CCN(c2cc(-c3ccc4c(c3)CNCC4)nc(N)n2)CC1
274,mc_greedy,True,True,0.9,7,C=CCOc1cc(-c2nc(CNC(=O)c3ccccc3OC(F)F)co2)ccc1OC,C=CCOc1cc(-c2nc(CNC(=O)c3ccccc3OC(F)F)co2)ccc1OC,COc1ccc(-c2nc(CNC(=O)c3ccccc3OC(F)F)co2)cc1O.C=CCBr
275,mc_greedy,True,True,0.7,7,O=C(Nc1ccccc1)c1ccc(C(=O)Nc2ccccc2)cc1,O=C(Nc1ccccc1)c1ccc(C(=O)Nc2ccccc2)cc1,Nc1ccccc1.O=C(Cl)c1ccc(C(=O)Cl)cc1.Cl.[OH-].[Na+].CC(C)=O
276,mc_greedy,False,False,0.3,17,CN(CC(=O)O)CC(=O)O,CN(CC(=O)O)C(=N)N,CNCC(=O)O.N#CN
277,mc_greedy,True,True,1.0,1,Nc1ccc(Oc2ccnc(NCc3ccccn3)c2)c2ccccc12,Nc1ccc(Oc2ccnc(NCc3ccccn3)c2)c2ccccc12,CC(C)(C)OC(=O)Nc1ccc(Oc2ccnc(NCc3ccccn3)c2)c2ccccc12.O=C(O)C(F)(F)F.ClCCl.Cc1ccccc1
278,mc_greedy,True,True,1.0,6,COC(=O)c1ccc(S(=O)(=O)N(Cc2ccc(C)cc2)c2ncc(C(F)(F)F)cc2Cl)cc1,COC(=O)c1ccc(S(=O)(=O)N(Cc2ccc(C)cc2)c2ncc(C(F)(F)F)cc2Cl)cc1,COC(=O)c1ccc(S(=O)(=O)Nc2ncc(C(F)(F)F)cc2Cl)cc1.Cc1ccc(CBr)cc1
279,mc_greedy,False,False,0.7,11,O=Cc1cc(Cl)ccc1OCS(=O)(=O)N1CCN(C=O)CC1,O=CN1CCN(S(=O)(=O)c2cc3cc(Cl)ccc3o2)CC1,O=CN1CCN(S(=O)(=O)CCl)CC1.O=Cc1cc(Cl)ccc1O.O=C([O-])[O-].[K+].[K+].CN(C)C=O
280,mc_greedy,False,False,0.3,22,COc1ccccc1-n1nc(C(C)C)nc1C1CCN(CCCC2OCCO2)CC1,COc1cccc2c(CCN3CCC(c4cccc(NC(=O)C(C)C)c4)CC3)c[nH]c12,CC(C)C(=O)Nc1cccc(C2CCN(CCCC3OCCO3)CC2)c1.Cl.COc1ccccc1NN
281,mc_greedy,True,True,0.9,3,CC(CN)(NC(CO)c1ccccc1)C(F)(F)F,CC(CN)(NC(CO)c1ccccc1)C(F)(F)F,CC(C#N)(NC(CO)c1ccccc1)C(F)(F)F.[H-].[Al+3].[Li+].[H-].[H-].[H-].COC(C)(C)C
282,mc_greedy,False,False,0.6,17,COc1cccc2c1C(=O)C(=Cc1ccc(F)cc1)C2,COc1cccc2c1-c1nc(N)nc(-c3ccc(F)cc3)c1C2,[OH-].[Na+].Cl.N=C(N)N.COc1cccc2c1C(=O)C(=Cc1ccc(F)cc1)C2.CCO
283,mc_greedy,True,True,0.9,1,CC(C)(C)NNc1nc(Cl)ncc1F,CC(C)(C)NNc1nc(Cl)ncc1F,Fc1cnc(Cl)nc1Cl.Cl.CC(C)(C)NN.CCN(CC)CC.C1CCOC1.CCO
284,mc_greedy,True,True,0.6,3,O=C1C(=Cn2ccnc2)C(c2ccccc2)c2ccccc21,O=C1C(=Cn2ccnc2)C(c2ccccc2)c2ccccc21,O=C1C(=CO)C(c2ccccc2)c2ccccc21.O=C(c1ncc[nH]1)c1ncc[nH]1
285,mc_greedy,False,False,0.6,16,C=CCOC(=O)c1ccccc1C(=O)OCC=C,C=CC(=O)OCCO,C=CCOC(=O)c1ccccc1C(=O)OCC=C.CC(C)(c1ccc(O)cc1)c1ccc(O)cc1
286,mc_greedy,True,True,0.8,3,NC(=O)OCC1c2c(O)cc(C=NO)cc2N2CC3NC3C1(O)O2,NC(=O)OCC1c2c(O)cc(C=NO)cc2N2CC3NC3C1(O)O2,NC(=O)OCC1c2c(O)cc(C=O)cc2N2CC3NC3C1(O)O2.Cl.NO.O=C([O-])O.[Na+].CO
287,mc_greedy,True,True,1.0,4,Cc1noc(C)c1-c1ccc(Br)cc1,Cc1noc(C)c1-c1ccc(Br)cc1,OB(O)c1ccc(Br)cc1.Cc1noc(C)c1I.O=C([O-])O.[Na+].COCCOC.O.[Cl][Pd]([Cl])([P](c1ccccc1)(c1ccccc1)c1ccccc1)[P](c1ccccc1)(c1ccccc1)c1ccccc1
288,mc_greedy,True,True,0.6,7,COc1cc(COc2cc(NC(=O)c3ccc(N4CC5CCCNC5C4)cc3)[nH]n2)cc(OC)c1,COc1cc(COc2cc(NC(=O)c3ccc(N4CC5CCCNC5C4)cc3)[nH]n2)cc(OC)c1,COC(=O)c1ccc(N2CC3CCCNC3C2)cc1.Cl.COc1cc(COc2cc(N)[nH]n2)cc(OC)c1.[CH3][Al]([CH3])[CH3].Cc1ccccc1
289,mc_greedy,True,True,0.5,2,Cc1ncsc1CCCCCCC(O)C(=O)NCc1nnc(-c2ccc(OCc3cccc(F)c3)cc2)s1,Cc1ncsc1CCCCCCC(O)C(=O)NCc1nnc(-c2ccc(OCc3cccc(F)c3)cc2)s1,Cc1ncsc1CCCCCCC(O)C(=O)O.O.On1nnc2ccccc21.Cl.CCN=C=NCCCN(C)C.CCN(CC)CC.NCc1nnc(-c2ccc(OCc3cccc(F)c3)cc2)s1.CN(C)C=O
290,mc_greedy,False,False,0.6,2,COCCNC(=O)c1c(O)c2ncc(Cc3ccc(F)cc3)cc2n(CC(=O)N(C)C)c1=O,COCCNC(=O)c1c([O-])c2ncc(Cc3ccc(F)cc3)cc2n(CC(=O)N(C)C)c1=O,COCCNC(=O)c1c(O)c2ncc(Cc3ccc(F)cc3)cc2n(CC(=O)N(C)C)c1=O.[OH-].[Na+].CCO
291,mc_greedy,True,True,1.0,6,O=C(Nc1ccc(Cl)c(-c2ccccn2)c1)c1ccc(CS(=O)(=O)c2ccccn2)cc1,O=C(Nc1ccc(Cl)c(-c2ccccn2)c1)c1ccc(CS(=O)(=O)c2ccccn2)cc1,Nc1ccc(Cl)c(-c2ccccn2)c1.O=C(O)c1ccc(CS(=O)(=O)c2ccccn2)cc1
292,mc_greedy,False,False,0.7,2,CN(CC(F)(F)F)c1c(-c2c(F)cc(F)cc2F)c(Cl)nc2ncnn12,Cn1cnn2c(=NCC(F)(F)F)c(-c3c(F)cc(F)cc3F)c(Cl)nc12,Fc1cc(F)c(-c2c(Cl)nc3ncnn3c2NCC(F)(F)F)c(F)c1.CI.[H-].[Na+].CS(C)=O.CCOC(C)=O
293,mc_greedy,False,False,0.2,12,CCOC(=O)C(c1ccccc1)n1ccc(C=O)n1,CCOC(=O)C(c1ccccc1)n1cc(C=O)cn1,O=P(Cl)(Cl)Cl.CCOC(=O)C(c1ccccc1)n1cccn1.CN(C)C=O
294,mc_greedy,True,True,0.8,11,C[C@H](NC(=O)OC(C)(C)C)C(=O)N[C@@H](C)C(=O)N[C@@H](C)C(=O)NCCCO,C[C@H](NC(=O)OC(C)(C)C)C(=O)N[C@@H](C)C(=O)N[C@@H](C)C(=O)NCCCO,C[C@H](NC(=O)[C@H](C)NC(=O)[C@H](C)NC(=O)OC(C)(C)C)C(=O)O.NCCCO.C1CCOC1.CN(C)C=O
295,mc_greedy,False,False,0.1,6,COC(=O)[C@H](CCOC(=O)N1CCN(c2cccc(C(F)(F)F)c2)CCC1=O)N1CCN(c2cccc(C(F)(F)F)c2)CCC1=O,COC(=O)[C@H](CC=O)N1CCN(c2cccc(C(F)(F)F)c2)CCC1=O,COC(=O)[C@H](CCO)N1CCN(c2cccc(C(F)(F)F)c2)CCC1=O.O=C1OCC[C@@H]1N1CCN(c2cccc(C(F)(F)F)c2)CCC1=O
296,mc_greedy,True,True,0.9,1,COc1ccc(F)cc1-c1ccnc2[nH]c(C3=CCC(N4CCN(C(=O)OC(C)(C)C)CC4)CC3)cc12,COc1ccc(F)cc1-c1ccnc2[nH]c(C3=CCC(N4CCN(C(=O)OC(C)(C)C)CC4)CC3)cc12,COc1ccc(F)cc1-c1ccnc2[nH]c(C3=CCC(=O)CC3)cc12.CCN(CC)CC.CC(=O)O.CC(C)(C)OC(=O)N1CCNCC1.[BH3-]C#N.[Na+].[BH3-]C#N.ClCCl
297,mc_greedy,False,False,0.1,11,CC(C)Cn1c(=O)n(C)c(=O)c2c(Nc3ccccc3)n[nH]c21,CC(C)Cn1c(=O)n(C)c(=O)c2c(Nc3ccccc3)n(Cc3ccc(B4OC(C)(C)C(C)(C)O4)cc3)nc21,CC(C)Cn1c(=O)n(C)c(=O)c2c(Nc3ccccc3)n[nH]c21.CC1(C)OB(c2ccc(CBr)cc2)OC1(C)C.O=C([O-])[O-].[K+].[K+].CC(C)=O
298,mc_greedy,False,False,1.0,10,COc1cc(CCN(C)CCCC#N)cc(OC)c1,COc1cc(CCN(C)CCCCN)cc(OC)c1,CNCCc1cc(OC)cc(OC)c1.O=C([O-])[O-].[K+].[K+].N#CCCCBr.O.CN(C)C=O
299,mc_greedy,False,False,0.1,15,CCOC(O)C(O)c1ccc(OCc2ccccc2)c2c1OCC(=O)N2,CC1(C)OC(=O)N(CCC2(NCC(O)c3ccc(OCc4ccccc4)c4c3OCC(=O)N4)CC2)c2ccccc21,CCOC(O)C(=O)c1ccc(OCc2ccccc2)c2c1OCC(=O)N2.CC1(C)OC(=O)N(CCC2(N)CC2)c2ccccc21.[BH4-].[Na+].CC(=O)O.CCO
300,mc_greedy,True,True,1.0,7,N[C@@H]1C[C@H]1c1ccc(-c2cccc(C(F)(F)F)c2)nc1-c1ccc(Cl)cc1,N[C@@H]1C[C@H]1c1ccc(-c2cccc(C(F)(F)F)c2)nc1-c1ccc(Cl)cc1,Cl.CC(C)(C)OC(=O)N[C@@H]1C[C@H]1c1ccc(-c2cccc(C(F)(F)F)c2)nc1-c1ccc(Cl)cc1.C1COCCO1
301,mc_greedy,True,True,0.3,16,O=C(c1ccc(F)cc1)C1CCN(CC(O)CCN2C(=O)C3CCCCC3C2=O)CC1,O=C(c1ccc(F)cc1)C1CCN(CC(O)CCN2C(=O)C3CCCCC3C2=O)CC1,O=C1C2CCCCC2C(=O)N1CCC1CO1.O=C(c1ccc(F)cc1)C1CCNCC1.CCCCO
302,mc_greedy,True,True,0.8,13,CCOC(=O)Cc1ccc(OC(C)C)c(-c2ccc(F)c3c2CNCC3)c1,CCOC(=O)Cc1ccc(OC(C)C)c(-c2ccc(F)c3c2CNCC3)c1,CCOC(=O)Cc1ccc(OC(C)C)c(-c2ccc(F)c3c2CN(C(=O)OCc2ccccc2)CC3)c1.CCO.[Pd]
303,mc_greedy,False,False,0.5,21,O=Cc1cnccc1-c1ccccc1,N#Cc1cccc(-c2ccncc2C=O)c1,O=Cc1cnccc1Br.O=P([O-])([O-])[O-].[K+].[K+].[K+].C1COCCO1.CCOC(C)=O.c1ccc([P](c2ccccc2)(c2ccccc2)[Pd]([P](c2ccccc2)(c2ccccc2)c2ccccc2)([P](c2ccccc2)(c2ccccc2)c2ccccc2)[P](c2ccccc2)(c2ccccc2)c2ccccc2)cc1
304,mc_greedy,False,True,0.4,10,CCN(CC)C1CCN(C(=O)CCc2nccn2CC(=O)O)CC1,CCN(C)C1CCN(C(=O)CCc2nccn2CC(=O)O)CC1,[OH-].[Na+].CCOC(=O)Cn1ccnc1CCC(=O)N1CCC(N(C)CC)CC1.Cl.CCO
305,mc_greedy,True,True,1.0,3,Cc1ccnc(NC2CNC2)c1,Cc1ccnc(NC2CNC2)c1,Cc1ccnc(NC2CN(C(=O)OC(C)(C)C)C2)c1.O=C(O)C(F)(F)F.ClCCl
306,mc_greedy,True,True,0.6,11,COc1ccc(Cn2ccc(NC(=O)c3ccccc3F)n2)c(C(F)(F)F)c1,COc1ccc(Cn2ccc(NC(=O)c3ccccc3F)n2)c(C(F)(F)F)c1,C[Si](C)(C)[N-][Si](C)(C)C.[Li+].O=C(Nc1cc[nH]n1)c1ccccc1F.COc1ccc(CBr)c(C(F)(F)F)c1.C1CCOC1.CS(C)=O
307,mc_greedy,False,False,0.1,18,O=C(c1ccccc1)C(F)F,CC(=O)OCCc1ccc(C(F)(F)C(=O)c2ccccc2)cc1,O=C(c1ccccc1)C(F)F.CC(=O)OCCc1ccc(Br)cc1
308,mc_greedy,True,True,1.0,4,O=C(Oc1nsc2ncccc12)N1CCC(C(F)(F)F)CC1,O=C(Oc1nsc2ncccc12)N1CCC(C(F)(F)F)CC1,Oc1nsc2ncccc12.O=C(Cl)N1CCC(C(F)(F)F)CC1
309,mc_greedy,True,True,0.5,6,CCCCN1N=C(C)S/C1=C\C(=O)c1cc(Cl)ccc1Cl,CCCCN1N=C(C)S/C1=C\C(=O)c1cc(Cl)ccc1Cl,O=C(O)c1cc(Cl)ccc1Cl.CN(C)C(On1nnc2cccnc21)=[N+](C)C.F[P-](F)(F)(F)(F)F.CCN(C(C)C)C(C)C.[I-].CCCC[n+]1nc(C)sc1C
310,mc_greedy,False,False,0.8,4,Nc1nc(N)c2ncn([C@@H]3O[C@H](CO)[C@@H](O)[C@H]3O)c2n1,Nc1nc2c(ncn2[C@@H]2O[C@H](CO)[C@@H](O)[C@H]2F)c(=O)[nH]1,Nc1nc(N)c2ncn([C@@H]3O[C@H](CO)[C@@H](O)[C@H]3F)c2n1.Nc1ncnc2c1ncn2[C@@H]1O[C@H](CO)[C@@H](O)[C@H]1O.O
311,mc_greedy,True,True,0.5,7,O=Cc1cc(O)cc(Br)c1,O=Cc1cc(O)cc(Br)c1,[Li][CH2]CCC.CCC[CH2][Mg][Cl].Oc1cc(Br)cc(Br)c1.CN(C)C=O.Cc1ccccc1
312,mc_greedy,True,True,1.0,3,CC(C)CCNC(=O)c1cccc(Br)c1,CC(C)CCNC(=O)c1cccc(Br)c1,CC(C)CCN.[OH-].[Na+].O=C(Cl)c1cccc(Br)c1.ClCCl
313,mc_greedy,False,False,0.9,9,CC(=O)Nc1ccc(-c2cnc(NCc3ccncc3)nc2NC2CCN(Cc3ccccc3)CC2)cc1,CC(=O)Nc1ccc(-c2cnc(NCc3ccccn3)nc2NC2CCN(Cc3ccccc3)CC2)cc1,Brc1cnc(NCc2ccncc2)nc1NC1CCN(Cc2ccccc2)CC1.CC(=O)Nc1ccc(B(O)O)cc1.c1ccc(CN2CCC(Nc3nc(NCc4ccccn4)ncc3-c3ccsc3)CC2)cc1
314,mc_greedy,False,False,0.6,24,COc1ccc(CN(CC(=O)OCc2ccccc2)C(=O)CC(=O)O)cc1,COc1ccc(CN(CC(=O)OCc2ccccc2)C(=O)CC(C)=O)cc1,COc1ccc(CNCC(=O)OCc2ccccc2)cc1.Oc1ccccn1.C=C1CC(=O)O1.C1CCOC1
315,mc_greedy,False,True,0.2,18,Cc1cc(OCC2CCN(C(=O)NN)CC2)cc(OS(=O)(=O)c2ccccc2Cl)c1,Cc1cc(OCC2CCN(C=NN)CC2)cc(OS(=O)(=O)c2ccccc2Cl)c1,Cc1cc(OCC2CCNCC2)cc(OS(=O)(=O)c2ccccc2Cl)c1.CCN(C(C)C)C(C)C.NN=CS(=O)(=O)O.CN(C)C=O
316,mc_greedy,True,True,1.0,6,COCOc1ccc(N2CCN(c3ccc(N)cc3)CC2)cc1,COCOc1ccc(N2CCN(c3ccc(N)cc3)CC2)cc1,COCOc1ccc(N2CCN(c3ccc([N+](=O)[O-])cc3)CC2)cc1.O.NN.CCO.[Pd]
317,mc_greedy,True,True,1.0,6,CCC[C@H]1CC[C@H](c2ccc3cc(OS(=O)(=O)C(F)(F)F)ccc3c2)CC1,CCC[C@H]1CC[C@H](c2ccc3cc(OS(=O)(=O)C(F)(F)F)ccc3c2)CC1,CCC[C@H]1CC[C@H](c2ccc3cc(O)ccc3c2)CC1.O=S(=O)(OS(=O)(=O)C(F)(F)F)C(F)(F)F.c1ccncc1.O.ClCCl
318,mc_greedy,True,True,0.5,10,CC(C)(C)OC(=O)N1CCN(c2cc3nc(S)[nH]c3cc2F)CC1,CC(C)(C)OC(=O)N1CCN(c2cc3nc(S)[nH]c3cc2F)CC1,Fc1cc2[nH]c(S)nc2cc1N1CCNCC1.CC(C)(C)OC(=O)OC(=O)OC(C)(C)C.[OH-].[Na+].[K+].[Br-].ClC(Cl)Cl.C1COCCO1
319,mc_greedy,True,True,0.8,2,COc1cc(OS(C)(=O)=O)ccc1-c1nc2ccc(C(F)(F)F)cc2[nH]1,COc1cc(OS(C)(=O)=O)ccc1-c1nc2ccc(C(F)(F)F)cc2[nH]1,COc1cc(O)ccc1-c1nc2ccc(C(F)(F)F)cc2[nH]1.CS(=O)(=O)Cl
320,mc_greedy,True,True,0.8,8,COc1cc(C(=O)O)ccc1Nc1ncc2c(n1)N(C1CCCC1)CC(C)(C)C(=O)N2C,COc1cc(C(=O)O)ccc1Nc1ncc2c(n1)N(C1CCCC1)CC(C)(C)C(=O)N2C,CN1C(=O)C(C)(C)CN(C2CCCC2)c2nc(Cl)ncc21.COc1cc(C(=O)O)ccc1N.O=C(O)C(F)(F)F
321,mc_greedy,False,False,0.2,17,CCOC(=O)c1cnc2c(Cl)c(Cl)c(Cl)cc2c1C,CC(=O)C(=CNc1cc(Cl)c(Cl)c(C(=O)O)c1Cl)C(C)=O,CCOC=C(C(C)=O)C(C)=O.Nc1cc(Cl)c(Cl)c(C(=O)O)c1Cl.Cc1ccccc1
322,mc_greedy,True,True,0.9,4,CC(C)(C)OC(=O)N1CCC(Nc2nccc(C(F)(F)F)n2)CC1,CC(C)(C)OC(=O)N1CCC(Nc2nccc(C(F)(F)F)n2)CC1,FC(F)(F)c1ccnc(Cl)n1.CC(C)(C)OC(=O)N1CCC(N)CC1.CCN(CC)CC.CN(C)C=O
323,mc_greedy,False,False,0.8,6,CC1=NN(c2ccc(NC(=O)C(F)(F)F)cc2)C(=O)C1,CC(=O)Nc1ccc(N2N=C(C)CC2=O)cc1,CC1=NN(c2ccc(N)cc2)C(=O)C1.O=C(OC(=O)C(F)(F)F)C(F)(F)F
324,mc_greedy,True,True,1.0,1,C[C@@H](c1ccc(-c2ccc(C3(C#N)CC3)nn2)cc1)N1CC[C@](CC(C)(C)O)(c2ccccc2)OC1=O,C[C@@H](c1ccc(-c2ccc(C3(C#N)CC3)nn2)cc1)N1CC[C@](CC(C)(C)O)(c2ccccc2)OC1=O,C[C@@H](c1ccc(B2OC(C)(C)C(C)(C)O2)cc1)N1CC[C@](CC(C)(C)O)(c2ccccc2)OC1=O.N#CC1(c2ccc(Cl)nn2)CC1
325,mc_greedy,True,True,0.8,6,Nc1cc(F)c(N2CC3OC3C2)c(F)c1,Nc1cc(F)c(N2CC3OC3C2)c(F)c1,O=[N+]([O-])c1cc(F)c(N2CC3OC3C2)c(F)c1.[H][H].[Pd].CCOC(C)=O
326,mc_greedy,False,True,0.7,4,Cn1cc(-c2ccc3c(c2CO)CCN3)cn1,Cn1cc(-c2ccc3c(c2CO)CCN3C(=O)OC(C)(C)C)cn1,Cn1cc(-c2ccc3c(c2CO[Si](C)(C)C(C)(C)C)CCN3C(=O)OC(C)(C)C)cn1.Cl.O.O=C([O-])O.[Na+].ClCCl.CCOC(C)=O
327,mc_greedy,False,False,0.6,20,COC(=O)CCc1ccc(C(=O)C2C(=O)N(C(C)=O)c3cc(Cl)ccc32)cc1,COC(=O)CCc1ccc(C(O)=C2C(=O)N(C(C)=O)c3cc(Cl)ccc32)cc1,CC(=O)N1C(=O)Cc2ccc(Cl)cc21.COC(=O)CCc1ccc(C(=O)O)cc1
328,mc_greedy,True,True,0.8,11,CCCCCCCCCCCCCCCCOc1ccc(OCC(=O)NCCc2ccccn2)cc1,CCCCCCCCCCCCCCCCOc1ccc(OCC(=O)NCCc2ccccn2)cc1,CCCCCCCCCCCCCCCCOc1ccc(OCC(=O)Cl)cc1.NCCc1ccccn1.c1ccncc1.O=C([O-])O.[Na+].ClCCl.ClC(Cl)Cl
329,mc_greedy,False,False,0.6,13,Cc1[nH]c(C(=O)O)c(C)c1C1CCN(C)CC1,Cc1[nH]c(C=O)c(C)c1C1CCN(C)CC1,Cc1[nH]c(C(=O)O)c(C)c1C1CCN(C)CC1.CCOC(OCC)OCC.O=C(O)C(F)(F)F
330,mc_greedy,False,False,0.8,8,COc1ccc(C(C#N)=Cc2ccc([N+](=O)[O-])s2)cc1OC,COc1ccc(/C(C#N)=C/c2ccc([N+](=O)[O-])s2)cc1OC,O=Cc1ccc([N+](=O)[O-])s1.COc1ccc(CC#N)cc1OC
331,mc_greedy,True,True,1.0,1,COc1ccc(N2CCOCC2)cc1NC(=O)c1nc2ccccc2[nH]1,COc1ccc(N2CCOCC2)cc1NC(=O)c1nc2ccccc2[nH]1,O=C(O)c1nc2ccccc2[nH]1.O=C(n1ccnc1)n1ccnc1.COc1ccc(N2CCOCC2)cc1N
332,mc_greedy,False,False,0.9,7,COC(=O)Cn1cc(-c2ccc(Cl)cc2Cl)nc1/C=C/c1ccc(-c2ccc(OC)cc2)cc1,COc1ccc(-c2ccc(/C=C/c3nc(-c4ccc(Cl)cc4Cl)cn3CC(=O)O)cc2)cc1,COc1ccc(-c2ccc(/C=C/c3nc(-c4ccc(Cl)cc4Cl)c[nH]3)cc2)cc1.COC(=O)CBr
333,mc_greedy,False,False,0.6,6,COc1cccc(-c2c(-c3ccncc3)nn3c(-c4ccncc4)ccnc23)c1,COc1cccc(-c2c(-c3ccncc3)nn3c(-c4ccnc(Cl)c4)ccnc23)c1,COc1cccc(-c2c(-c3ccncc3)nn3c(-c4cc[n+]([O-])cc4)ccnc23)c1.O=P(Cl)(Cl)Cl
334,mc_greedy,False,False,0.5,14,[N-]=[N+]=Nc1ccc(Cl)c(S(N)(=O)=O)c1O,NS(=O)(=O)c1c(Cl)ccc(NC(=O)Nc2cnnn2-c2ccccc2)c1O,Nc1ccc(Cl)c(S(N)(=O)=O)c1O.[N-]=[N+]=NC(=O)c1cnnn1-c1ccccc1.CN(C)C=O
335,mc_greedy,False,False,1.0,1,CC(=O)N1CCc2ccc(NS(=O)(=O)c3ccc(F)cc3)cc21,Fc1cccc(C=Cc2c[nH]c3ccccc23)c1,O=S(=O)(Cl)c1ccc(F)cc1.CC(=O)N1CCc2ccc(N)cc21.c1ccncc1
336,mc_greedy,True,True,0.6,5,Cc1cc(-c2cnn3c(C(F)F)cc(-c4ccc(C(F)(F)F)cc4)nc23)ccn1,Cc1cc(-c2cnn3c(C(F)F)cc(-c4ccc(C(F)(F)F)cc4)nc23)ccn1,O=C(CC(=O)C(F)F)c1ccc(C(F)(F)F)cc1.Cc1cc(-c2c[nH]nc2N)ccn1
337,mc_greedy,False,False,0.4,18,Cc1ccccc1C[C@H](NC(=O)[C@H](N)CCC(=O)O)C(C)(C)C,N[C@@H](CC1CCCC1)C(=O)OCc1ccccc1,Cc1ccccc1C[C@H](NC(=O)[C@H](CCC(=O)OC(C)(C)C)NC(=O)OCC1c2ccccc2-c2ccccc21)C(=O)N[C@H](C(=O)N[C@@H](CC1CCCC1)C(=O)OCc1ccccc1)C(C)(C)C.On1nnc2ccccc21.Cl.CCN=C=NCCCN(C)C.C1CCNCC1.ClCCl
338,mc_greedy,True,True,1.0,4,COc1cc(OCC2CO2)cc(-c2nc(N3CCOCC3)c3cnn(C(C)C)c3n2)c1,COc1cc(OCC2CO2)cc(-c2nc(N3CCOCC3)c3cnn(C(C)C)c3n2)c1,COc1cc(O)cc(-c2nc(N3CCOCC3)c3cnn(C(C)C)c3n2)c1.O=C([O-])[O-].[K+].[K+].ClCC1CO1.CC#N
339,mc_greedy,True,True,0.9,6,COc1cc2c(cc(C=O)n2C)c(OC)c1OC,COc1cc2c(cc(C=O)n2C)c(OC)c1OC,COc1cc2c(cc(CO)n2C)c(OC)c1OC.c1ccccc1.[O-2].[O-2].[Mn+4]
340,mc_greedy,True,True,0.9,8,COC(=O)c1ccc(CN2CC3CN(C(=O)OC(C)(C)C)CC3C2)c(Cl)c1,COC(=O)c1ccc(CN2CC3CN(C(=O)OC(C)(C)C)CC3C2)c(Cl)c1,COC(=O)c1ccc(C=O)c(Cl)c1.CC(C)(C)OC(=O)N1CC2CNCC2C1
341,mc_greedy,True,True,1.0,1,Cc1cc(C)c(CNC(=O)c2ccc(Oc3cccc(Br)c3C#N)c(Cl)c2)c(O)n1,Cc1cc(C)c(CNC(=O)c2ccc(Oc3cccc(Br)c3C#N)c(Cl)c2)c(O)n1,N#Cc1c(Br)cccc1Oc1ccc(C(=O)O)cc1Cl.Cl.CCN=C=NCCCN(C)C.On1nnc2ccccc21.Cc1cc(C)c(CN)c(O)n1.O.ClCCl.CCN(CC)CC
342,mc_greedy,True,True,0.6,14,COc1ccccc1CN1N=C(c2ccc(OC)c(OC)c2)[C@@H]2CCCC[C@@H]2C1=O,COc1ccccc1CN1N=C(c2ccc(OC)c(OC)c2)[C@@H]2CCCC[C@@H]2C1=O,COc1ccc(C2=NNC(=O)[C@H]3CCCC[C@@H]23)cc1OC.COc1ccccc1CCl.COc1ccc(C2=NN(Cc3ccccc3)C(=O)[C@H]3CCCC[C@@H]23)cc1OC
343,mc_greedy,False,False,0.6,15,CCCC(=O)c1cccc(OC)c1OC,CCCc1c(OC)cccc1C(=O)OC(C)(C)C,COc1cccc(C(=O)OC(C)(C)C)c1OC.CC[CH2][Mg][Cl].CCOCC.CC(=O)O.C1CCOC1.O
344,mc_greedy,False,True,0.3,23,CCC(C)CCCCCOc1ccc(OCCCCC(C)C)cc1,CCC(C)CCCCCOc1ccc(O)cc1,Oc1ccc(O)cc1.CCC(C)CCCCCBr.O=C([O-])[O-].[K+].[K+].CN(C)C=O
345,mc_greedy,False,False,0.8,5,Nc1cc(N)c(O)c(Cl)c1O,Nc1cc(N)c(O)cc1O,O=[N+]([O-])c1cc([N+](=O)[O-])c(O)c(Cl)c1O.CC(=O)[O-].[Na+].[H][H].Cl.[Cl][Sn][Cl].O.[Pd].CC(=O)O
346,mc_greedy,True,True,0.7,13,Cc1ccc(C(=O)C#CCN(Cc2ccc(SC(C)(C)C(=O)OC(C)(C)C)cc2)Cc2ccco2)cc1,Cc1ccc(C(=O)C#CCN(Cc2ccc(SC(C)(C)C(=O)OC(C)(C)C)cc2)Cc2ccco2)cc1,[Cl-].Cc1ccc(C(=O)Cl)cc1.C#CCN(Cc1ccc(SC(C)(C)C(=O)OC(C)(C)C)cc1)Cc1ccco1.O.CCN(CC)CC.[Cu][I]
347,mc_greedy,True,True,1.0,7,CCOC(CSc1cccc(OC)c1)OCC,CCOC(CSc1cccc(OC)c1)OCC,CCOC(CBr)OCC.COc1cccc(S)c1.O=C([O-])[O-].[K+].[K+].CC(C)=O
348,mc_greedy,False,False,0.2,21,CC(C)(C)Oc1nc(NCc2ccccn2)c2c(-c3ccccc3)cccc2c1-c1cncc(C(N)=O)c1,O=C(O)c1cncc(-c2c(Cl)nc(NCc3ccccn3)c3c(-c4ccccc4)cccc23)c1,NC(=O)c1cncc(-c2c(Cl)nc(NCc3ccccn3)c3c(-c4ccccc4)cccc23)c1.CC(C)(C)[O-].[K+].CC(C)(C)O.O
349,mc_greedy,True,True,0.9,2,CC(C)c1nn(-c2ccc(C(N)=O)cc2CN(C)C)c2nccc(I)c12,CC(C)c1nn(-c2ccc(C(N)=O)cc2CN(C)C)c2nccc(I)c12,CC(C)c1nn(-c2ccc(C#N)cc2CN(C)C)c2nccc(I)c12.OO.[OH-].[Na+].O.CS(C)=O
350,mc_greedy,True,True,1.0,8,O=C(NCc1ccc(Cl)cc1)c1ccc2c(=O)n(Cc3nccs3)c(=S)[nH]c2c1,O=C(NCc1ccc(Cl)cc1)c1ccc2c(=O)n(Cc3nccs3)c(=S)[nH]c2c1,O=C(O)c1ccc2c(=O)n(Cc3nccs3)c(=S)[nH]c2c1.NCc1ccc(Cl)cc1.CCN(C(C)C)C(C)C.CN(C)C(On1nnc2cccnc21)=[N+](C)C.F[P-](F)(F)(F)(F)F.Cl.C1COCCO1.CN(C)C=O
351,mc_greedy,False,False,0.8,9,O=C(Cc1nccn1Cc1ccccc1)Nc1ccc(Cl)cc1C(=O)c1ccccc1,O=c1[nH]c2ccc(Cl)cc2c(-c2ccccc2)c1-c1nccn1Cc1ccccc1,O=C(O)Cc1nccn1Cc1ccccc1.Nc1ccc(Cl)cc1C(=O)c1ccccc1
352,mc_greedy,False,True,0.3,8,Nc1cccc2c1CCC2O,OC1CCc2c(Nc3cc(-c4ccc(C(F)(F)F)cc4NCC4CCCC4)ncn3)cccc21,Nc1cccc2c1CCC2O.FC(F)(F)c1ccc(-c2cc(Cl)ncn2)c(NCC2CCCC2)c1
353,mc_greedy,True,True,0.4,4,Nc1nccc(Oc2ccc(N)c3cccnc23)c1[N+](=O)[O-],Nc1nccc(Oc2ccc(N)c3cccnc23)c1[N+](=O)[O-],Cl.Cl.Nc1ccc(O)c2ncccc12.O=C([O-])[O-].[K+].[K+].Nc1nccc(Cl)c1[N+](=O)[O-].CS(C)=O.O
354,mc_greedy,False,False,1.0,1,CCn1c(-c2nc(-c3cccc(N)c3)cnc2N)nc2cnccc21,CCn1c(-c2nc(-c3cccc(NC(=O)CN)c3)cnc2N)nc2cnccc21,CCn1c(-c2nc(Br)cnc2N)nc2cnccc21.CC1(C)OB(c2cccc(N)c2)OC1(C)C.O=C([O-])[O-].[Na+].[Na+].O.NN.CCO.CO.CN(C)C=O
355,mc_greedy,True,True,1.0,6,CN(C)CC(=O)Nc1ccc(S(=O)(=O)Nc2nc3ccccc3nc2Cl)cc1,CN(C)CC(=O)Nc1ccc(S(=O)(=O)Nc2nc3ccccc3nc2Cl)cc1,Nc1ccc(S(=O)(=O)Nc2nc3ccccc3nc2Cl)cc1.Cl.CN(C)CC(=O)Cl.CCN(C(C)C)C(C)C.ClCCl
356,mc_greedy,True,True,1.0,7,CCOC(=O)c1cc2cc(Br)ccc2n1Cc1ccc(OC)cc1,CCOC(=O)c1cc2cc(Br)ccc2n1Cc1ccc(OC)cc1,CCOC(=O)c1cc2cc(Br)ccc2[nH]1.O=C([O-])[O-].[K+].[K+].COc1ccc(CBr)cc1.CN(C)C=O.CCOC(C)=O
357,mc_greedy,True,True,0.3,8,Cc1c(C(=O)N2CCCc3ccc(O)cc3C2)[nH]c(C(N)=O)c1S(=O)(=O)c1cc(Cl)cc(Cl)c1,Cc1c(C(=O)N2CCCc3ccc(O)cc3C2)[nH]c(C(N)=O)c1S(=O)(=O)c1cc(Cl)cc(Cl)c1,COc1ccc2c(c1)CN(C(=O)c1[nH]c(C(N)=O)c(S(=O)(=O)c3cc(Cl)cc(Cl)c3)c1C)CCC2.BrB(Br)Br.ClCCl
358,mc_greedy,False,False,0.2,25,O=C(O)CC(=O)c1cccc(OC(F)(F)F)c1,CC1(C)OC(=O)C=C(c2cccc(OC(F)(F)F)c2)O1,O=C(Cl)c1cccc(OC(F)(F)F)c1.C[Si](C)(C)OC(=O)CC(=O)O[Si](C)(C)C.[Li+].[Br-].O=S(=O)(O)O.C=C(C)OC(C)=O.CC#N.CCN(CC)CC
359,mc_greedy,False,False,0.4,14,COc1ccc(C(=O)N2CC(C#N)C2)cc1,O=C(NC1CCCCC1)NC1CCCCC1,COc1ccc(C(=O)O)cc1.N#CC1CN1.C(=NC1CCCCC1)=NC1CCCCC1.C1COCCO1
360,mc_greedy,True,True,0.9,2,CCCCC(CC)C(=O)[O-],CCCCC(CC)C(=O)[O-],CCC[CH2][Sn]([Cl])([Cl])[Cl].[OH-].[Na+].CCCCC(CC)C(=O)O.O
361,mc_greedy,True,True,0.5,2,COc1cn(-c2cccc3cccnc23)nc(C(=O)O)c1=O,COc1cn(-c2cccc3cccnc23)nc(C(=O)O)c1=O,COC(=O)c1nn(-c2cccc3cccnc23)cc(OC)c1=O.[OH-].[Na+].C1CCOC1.Cl.CO
362,mc_greedy,False,False,0.5,10,c1ccc(C2CCc3ccccc3O2)cc1,O[C@H]1Cc2ccccc2O[C@@H]1c1ccccc1,C1=CC(c2ccccc2)Oc2ccccc21.B.C1CCOC1.[OH-].[Na+].OO.CCOCC.O
363,mc_greedy,True,True,0.8,2,CSc1ncc(C#N)c(N(C)C(C)=O)n1,CSc1ncc(C#N)c(N(C)C(C)=O)n1,CSc1ncc(C#N)c(NC(C)=O)n1.CI.[H-].[Na+].CS(C)=O
364,mc_greedy,True,True,1.0,4,NCc1ccc(-c2nc3ccncc3[nH]2)cc1,NCc1ccc(-c2nc3ccncc3[nH]2)cc1,N#Cc1ccc(-c2nc3ccncc3[nH]2)cc1.[BH4-].[Na+].CO.O.O.O.O.O.O.[Cl][Co][Cl]
365,mc_greedy,True,True,0.4,8,Nc1scc2c1C(=O)N(C1CCC(=O)NC1=O)C2=O,Nc1scc2c1C(=O)N(C1CCC(=O)NC1=O)C2=O,O=C1CCC(N2C(=O)c3csc([N+](=O)[O-])c3C2=O)C(=O)N1.C1CCOC1.[Pd]
366,mc_greedy,True,True,1.0,6,CC(C)(C)OC(=O)N1CCC(CCOc2ccc(C=NO)cc2)CC1,CC(C)(C)OC(=O)N1CCC(CCOc2ccc(C=NO)cc2)CC1,CC(C)(C)OC(=O)N1CCC(CCOc2ccc(C=O)cc2)CC1.Cl.NO.[OH-].[Na+].Cl.CO
367,mc_greedy,True,True,1.0,5,Cc1ccc(CC#N)cc1O,Cc1ccc(CC#N)cc1O,COc1cc(CC#N)ccc1C.BrB(Br)Br.ClCCl
368,mc_greedy,True,True,0.8,4,C[C@@H](Oc1cc(-n2cnc3cc(-c4ccnc(NCCCN5CCN(C)CC5)c4)ccc32)sc1C(N)=O)c1ccccc1Cl,C[C@@H](Oc1cc(-n2cnc3cc(-c4ccnc(NCCCN5CCN(C)CC5)c4)ccc32)sc1C(N)=O)c1ccccc1Cl,C[C@@H](Oc1cc(-n2cnc3cc(-c4ccnc(F)c4)ccc32)sc1C(N)=O)c1ccccc1Cl.CN1CCN(CCCN)CC1
369,mc_greedy,True,True,0.9,8,CC(C)(O)CCCCCc1ccc(CCc2ccc(O)c(CO)c2)cc1,CC(C)(O)CCCCCc1ccc(CCc2ccc(O)c(CO)c2)cc1,CC(C)(O)CCCCCc1ccc(C=Cc2ccc(O)c(CO)c2)cc1.[Pd]
370,mc_greedy,False,False,0.5,18,COCCCOc1cc(C[C@@H](C/C=C/C[C@H](C(=O)N(C)C)C(C)C)C(C)C)c(Br)cc1OC,COCCCOc1cc(C[C@@H](CC(Br)C2C[C@@H](C(C)C)C(=O)O2)C(C)C)ccc1OC,CC(=O)O.COCCCOc1cc(C[C@@H](C/C=C/C[C@H](C(=O)N(C)C)C(C)C)C(C)C)ccc1OC.O=C1CCC(=O)N1Br.O=C([O-])O.[Na+].C1CCOC1.O.CCOC(C)=O
371,mc_greedy,True,True,0.6,17,COc1cc(C)cc2c1Oc1ccc(C(O)CC(C)C)c(O)c1C(=O)OC2,COc1cc(C)cc2c1Oc1ccc(C(O)CC(C)C)c(O)c1C(=O)OC2,COc1cc(C)cc2c1Oc1ccc(C(=O)CC(C)C)c(O)c1C(=O)OC2.CC(=O)O.[BH3-]C#N.[Na+].C1CCOC1
372,mc_greedy,False,False,0.6,20,CNC(=S)Nc1ccc(OCC(=O)c2ccc(Cl)c(S(=O)(=O)N(C)C)c2)cc1,CN1C(=Nc2ccc(O)cc2)SCC1(O)c1ccc(Cl)c(S(=O)(=O)N(C)C)c1,CN(C)S(=O)(=O)c1cc(C(=O)CBr)ccc1Cl.CNC(=S)Nc1ccc(O)cc1.CC(C)=O.CCO.CCOC(C)=O
373,mc_greedy,True,True,1.0,5,O=[N+]([O-])c1ccc(Oc2ccccc2)nc1,O=[N+]([O-])c1ccc(Oc2ccccc2)nc1,O=[N+]([O-])c1ccc(Cl)nc1.O.O.O.[O-]c1ccccc1.[Na+].CN(C)C=O
374,mc_greedy,False,False,0.4,8,COC(=O)c1ccc(-c2ccc3cc(OC)ccc3n2)cc1,COC(=O)c1ccc(-c2ccc3c(Br)c(OC)ccc3n2)cc1,COC(=O)c1ccc(-c2ccc3cc(OC)ccc3n2)cc1.BrBr.ClCCl
375,mc_greedy,True,True,0.6,9,Fc1ccc(-c2ccnc(Oc3ccc(F)c(C(F)(F)F)c3)n2)cc1,Fc1ccc(-c2ccnc(Oc3ccc(F)c(C(F)(F)F)c3)n2)cc1,Fc1ccc(-c2ccnc(Cl)n2)cc1.O=C([O-])[O-].[K+].[K+].Oc1ccc(F)c(C(F)(F)F)c1.CCOC(C)=O.CN(C)C=O
376,mc_greedy,False,False,0.4,13,O=C(O)c1c(O)cc(O)cc1O,CC1(C)OC(=O)c2c(O)cc(O)cc2O1,O=C(O)c1c(O)cc(O)cc1O.CC(C)=O.O=C(O)C(F)(F)F
377,mc_greedy,True,True,1.0,1,CCN1C(=O)COc2cc([N+](=O)[O-])ccc21,CCN1C(=O)COc2cc([N+](=O)[O-])ccc21,O=C1COc2cc([N+](=O)[O-])ccc2N1.O=C([O-])[O-].[K+].[K+].CCI.O.CN(C)C=O
378,mc_greedy,True,True,0.5,8,CCOc1cc2c(cc1OCC)C(=C(C#N)SCC(CN1CCOCC1)OC(=O)c1ccccc1)NCC2,CCOc1cc2c(cc1OCC)C(=C(C#N)SCC(CN1CCOCC1)OC(=O)c1ccccc1)NCC2,c1ccccc1.O=C(Cl)c1ccccc1.CCOc1cc2c(cc1OCC)C(=C(C#N)SCC(O)CN1CCOCC1)NCC2.CCN(CC)CC
379,mc_greedy,True,True,0.4,17,COc1ccc(Cl)c(C(C)C(=O)c2ccc3c(c2)N(C)C(=O)CO3)c1,COc1ccc(Cl)c(C(C)C(=O)c2ccc3c(c2)N(C)C(=O)CO3)c1,COc1ccc(Cl)c(CC(=O)c2ccc3c(c2)N(C)C(=O)CO3)c1.[H-].[Na+].CI.C1CCOC1
380,mc_greedy,False,False,0.2,13,C=CCOC(=O)OCCCCCCSC,C=CCOC(=O)OCCCCCCS,S.[Na].C1CCOC1.C=CCOC(=O)OCCCCCCBr.CCOCC
381,mc_greedy,True,True,1.0,6,COC(=O)c1cc(F)c(C)c(B2OC(C)(C)C(C)(C)O2)c1,COC(=O)c1cc(F)c(C)c(B2OC(C)(C)C(C)(C)O2)c1,COC(=O)c1cc(F)c(C)c(I)c1.CC(=O)[O-].[K+].CC1(C)OB(B2OC(C)(C)C(C)(C)O2)OC1(C)C.CN(C)C=O.[Cl][Pd][Cl].c1ccc(P(c2ccccc2)[c-]2cccc2)cc1.c1ccc(P(c2ccccc2)[c-]2cccc2)cc1.[Fe+2]
382,mc_greedy,False,False,0.7,5,CCC(=O)c1ccc(Br)nc1,NC1(c2ccc(Br)nc2)CC1,N#Cc1ccc(Br)nc1.C[CH2][Mg][Br].C1CCOC1.Cl
383,mc_greedy,False,False,0.6,18,COC[C@@H](CCOCc1ccccc1)NCC(OC)OC,COC[C@H](CCOCc1ccccc1)NCC(OC)OC,COC[C@@H](N)CCOCc1ccccc1.COC(C=O)OC.O=S(=O)([O-])[O-].[Mg+2].CC(=O)O.[BH3-]C#N.[Na+].CO
384,mc_greedy,False,False,0.2,24,COc1ccc(C(=O)n2c(=O)c(F)cn([C@H]3C[C@@H](OCc4cccs4)[C@@H](COC(C)=O)O3)c2=O)cc1,COc1ccc(C(=O)n2c(=O)c(F)cn([C@H]3C[C@H](OCc4cccs4)[C@@H](COC(C)=O)O3)c2=O)cc1,CC(=O)OC[C@H]1O[C@@H](n2cc(F)c(=O)[nH]c2=O)C[C@@H]1OCc1cccs1.CCN(CC)CC.COc1ccc(C(=O)Cl)cc1.C1COCCO1
385,mc_greedy,True,True,1.0,2,O=C(O)CN1CCN(C(c2ccc(Cl)cc2)c2ccc(Cl)cc2)CC1=O,O=C(O)CN1CCN(C(c2ccc(Cl)cc2)c2ccc(Cl)cc2)CC1=O,COC(=O)CN1CCN(C(c2ccc(Cl)cc2)c2ccc(Cl)cc2)CC1=O.O.[OH-].[Li+].C1CCOC1.CO.O
386,mc_greedy,False,False,0.2,13,Cc1c(F)ccc(-n2nccn2)c1C(=O)N1CCC[C@H](C)[C@@H]1CN1C(=O)c2ccccc2C1=O,Cc1c(F)ccc(-n2nccn2)c1C(=O)N1CCC[C@@H](C)[C@H]1CNc1ccc(C(F)(F)F)cn1,Cc1c(F)ccc(-n2nccn2)c1C(=O)O.C[C@@H]1CCCN[C@@H]1CN1C(=O)c2ccccc2C1=O.FC(F)(F)c1ccc(Cl)nc1
387,mc_greedy,True,True,1.0,6,Cc1cc(Br)ccc1NC(=O)C1CC1,Cc1cc(Br)ccc1NC(=O)C1CC1,Cc1cc(Br)ccc1N.CCN(C(C)C)C(C)C.CN(C)C=O.O=C(Cl)C1CC1.CCOC(C)=O.O
388,mc_greedy,True,True,1.0,1,CCOc1cc(C#N)c([N+](=O)[O-])cc1C(F)(F)F,CCOc1cc(C#N)c([N+](=O)[O-])cc1C(F)(F)F,CCOc1cc(Br)c([N+](=O)[O-])cc1C(F)(F)F.N#[C][Cu].Cl.CN1CCCC1=O
389,mc_greedy,False,False,0.8,11,Cc1ccc(C2=CCC(C)(C)c3cc(C(=O)C=Cc4ccc(C(=O)O)cc4)ccc32)cc1,Cc1ccc(C2=CC(C)(C)c3cc(C(=O)C=Cc4ccc(C(=O)OCC[Si](C)(C)C)cc4)ccc32)cc1,Cc1ccc(C2=CCC(C)(C)c3cc(C(=O)C=Cc4ccc(C(=O)OCC[Si](C)(C)C)cc4)ccc32)cc1.CC(=O)c1ccc2c(c1)C(C)(C)C=C2c1ccc(C)cc1
390,mc_greedy,True,True,0.6,9,C#CC(=O)c1ccc(C)c(-n2c(C)nc(OCc3csc(C)n3)c(Cl)c2=O)c1,C#CC(=O)c1ccc(C)c(-n2c(C)nc(OCc3csc(C)n3)c(Cl)c2=O)c1,CON(C)C(=O)c1ccc(C)c(-n2c(C)nc(OCc3csc(C)n3)c(Cl)c2=O)c1.C#[C][Mg][Br].C1CCOC1
391,mc_greedy,True,True,0.7,2,CC(C)N1CC(CCN2CCC(O)(c3ccccc3)CC2)C(c2ccccc2)(c2ccccc2)C1=O,CC(C)N1CC(CCN2CCC(O)(c3ccccc3)CC2)C(c2ccccc2)(c2ccccc2)C1=O,CC(C)N1CC(CCCl)C(c2ccccc2)(c2ccccc2)C1=O.OC1(c2ccccc2)CCNCC1.O=C([O-])[O-].[K+].[K+]
392,mc_greedy,False,False,0.9,2,Cc1ccc2c3c(ccc2n1)OC[C@H](CN1CC(Cc2c[nH]c4ccc(F)cc24)C1)O3,Cc1ccc2c3c(ccc2n1)OCC(CN1CC(Cc2c[nH]c4ccc(F)cc24)C1)O3,Cc1ccc2c3c(ccc2n1)OC[C@H](COS(=O)(=O)c1ccc(Br)cc1)O3.Fc1ccc2[nH]cc(CC3CNC3)c2c1.CCN(CC)CC.CS(C)=O
393,mc_greedy,False,False,0.3,33,C=C[C@@H](CC)[C@H](C(=O)O)c1ccc(Cl)cc1,CCC=CCOC(=O)Cc1ccc(OC)cc1,C=C[C@@H](CC)[C@H](C(=O)O)c1ccc(Cl)cc1.CC/C=C/CO.COc1ccc(CC(=O)O)cc1
394,mc_greedy,False,False,0.8,8,CC(C)Oc1c(C(=O)NCc2ccc(Cl)cc2)cnc2sc(I)cc12,CC(C)n1cc(C(=O)NCc2ccc(Cl)cc2)c(=O)c2cc(I)sc21,O=C(NCc1ccc(Cl)cc1)c1cnc2sc(I)cc2c1O.O=C([O-])[O-].[K+].[K+].CC(C)Br.CN(C)C=O
395,mc_greedy,True,True,1.0,1,CCCC(C(=O)OC)c1cn(C)c2ccccc12,CCCC(C(=O)OC)c1cn(C)c2ccccc12,CCCC(C(=O)O)c1cn(C)c2ccccc12.O=S(=O)(O)O.CO
396,mc_greedy,False,True,0.5,4,COc1ccccc1-c1ncnc(Nc2cccc(CS(N)(=O)=O)c2)n1,COc1ccccc1-c1ncnc(Nc2ccc3c(c2)N(S(N)(=O)=O)CC3)n1,COc1ccccc1-c1ncnc(Nc2cccc(CS(N)(=O)=O)c2)n1.NS(=O)(=O)N1CCc2ccc(Nc3ncnc(Cl)n3)cc21.COc1ccccc1B(O)O
397,mc_greedy,True,True,1.0,1,Cc1nc(NC(=O)c2ccccc2)sc1C(=O)NCc1ccccc1C(F)(F)F,Cc1nc(NC(=O)c2ccccc2)sc1C(=O)NCc1ccccc1C(F)(F)F,NCc1ccccc1C(F)(F)F.Cc1nc(NC(=O)c2ccccc2)sc1C(=O)Cl
398,mc_greedy,False,False,0.7,7,O=C(Nc1nc(-c2ccc(F)cc2)cs1)C(Cc1c[nH]cn1)NC(=O)[C@@H]1O[C@H]1C(=O)O,O=C(Nc1nc(-c2ccc(F)cc2)cs1)[C@H](Cc1c[nH]cn1)NC(=O)[C@@H]1O[C@H]1C(=O)O,CCOC(=O)[C@@H]1O[C@H]1C(=O)NC(Cc1c[nH]cn1)C(=O)Nc1nc(-c2ccc(F)cc2)cs1.[Li+].[OH-].C1CCOC1.CO.O
399,mc_greedy,True,True,0.3,19,NC(=O)c1cc(OCCN(Cc2ccccc2)CC(O)COc2ccccc2-c2cc3ccccc3[nH]2)ccc1O,NC(=O)c1cc(OCCN(Cc2ccccc2)CC(O)COc2ccccc2-c2cc3ccccc3[nH]2)ccc1O,c1ccc(-c2cc3ccccc3[nH]2)c(OCC2CO2)c1.NC(=O)c1cc(OCCNCc2ccccc2)ccc1O.CC(C)O
400,mc_greedy,False,False,0.3,26,CSC(=S)N1Cc2c(n(Cc3ccccc3)c3ccccc23)C[C@H]1C(=O)O,CSC(=S)N1Cc2c(c3ccccc3n2Cc2ccccc2)C[C@@H]1C(=O)O,O=C(O)[C@H]1Cc2c(n(Cc3ccccc3)c3ccccc23)CN1.[OH-].[Na+].CI.Cl.S=C=S.CS(C)=O.O
401,mc_greedy,True,True,1.0,1,O=C(Cl)c1cc2cc(F)ccc2[nH]1,O=C(Cl)c1cc2cc(F)ccc2[nH]1,O=C(O)c1cc2cc(F)ccc2[nH]1.O=C(Cl)C(=O)Cl
402,mc_greedy,False,True,0.4,12,CCOC(=O)C1(CCOC)CCN(S(=O)(=O)CC(C)C)CC1,CC(C)CS(=O)(=O)N1CCC2(CCN(c3ccc(CC(F)(F)F)cc3)C2=O)CC1,CCOC(=O)C1(CCOC)CCNCC1.CC(C)CS(=O)(=O)Cl.Nc1ccc(CC(F)(F)F)cc1
403,mc_greedy,True,True,0.7,10,CCOC(=O)CCCOc1cccc(CCCCCCOc2cc(I)cc(S(C)(=O)=O)c2)c1CCC(=O)OCC,CCOC(=O)CCCOc1cccc(CCCCCCOc2cc(I)cc(S(C)(=O)=O)c2)c1CCC(=O)OCC,CCOC(=O)CCCOc1cccc(CCCCCCBr)c1CCC(=O)OCC.CS(=O)(=O)c1cc(O)cc(I)c1.O=C([O-])[O-].[K+].[K+].CN(C)C=O.O.CC(C)=O
404,mc_greedy,True,True,0.7,7,CC(C)NC(=O)OC1SCN(c2ccccc2)C1=O,CC(C)NC(=O)OC1SCN(c2ccccc2)C1=O,O=C1C(O)SCN1c1ccccc1.CCN(CC)CC.CC(C)N=C=O.ClC(Cl)Cl
405,mc_greedy,False,False,0.2,9,CC1CN(C(=O)c2ccc(Cl)cc2Cl)CC(C)N1,C[C@@H]1CN(C(=O)c2ccc3c(c2)-c2sc(C(=O)N(C)c4ccc(Cl)cc4Cl)cc2CCO3)C[C@H](C)N1,CN(C(=O)c1cc2c(s1)-c1cc(C(=O)O)ccc1OCC2)c1ccc(Cl)cc1Cl.CC1CNCC(C)N1
406,mc_greedy,True,True,1.0,1,Cn1cc(-c2nc3c(Cl)ccnc3[nH]2)cn1,Cn1cc(-c2nc3c(Cl)ccnc3[nH]2)cn1,Clc1ccnc2[nH]c(Br)nc12.Cn1cc(B2OC(C)(C)C(C)(C)O2)cn1.ClCCl.O=C([O-])[O-].[K+].[K+].C1COCCO1.O.c1ccc(P(c2ccccc2)[c-]2cccc2)cc1.c1ccc(P(c2ccccc2)[c-]2cccc2)cc1.[Cl][Pd][Cl].[Fe+2]
407,mc_greedy,False,True,0.5,13,C=C1CC(C(=O)OCc2ccccc2)N(C(=O)OC(C)(C)C)C1,C=C1CC(C(=O)OC)N(C(=O)OCc2ccccc2)C1,C=C1CC(C(=O)O)N(C(=O)OC(C)(C)C)C1.Cl.C1COCCO1.CCN(C(C)C)C(C)C.O=C(Cl)OCc1ccccc1.CO.O
408,mc_greedy,False,False,0.7,4,O=C(Oc1ccc(C2C(c3ccc(OCCCl)cc3)Oc3cc(O)ccc3C2(O)C(F)(F)F)cc1)C(F)(F)F,Oc1ccc(C2=C(C(F)(F)F)c3ccc(O)cc3OC2c2ccc(OCCCl)cc2)cc1,O=C(OC(=O)C(F)(F)F)C(F)(F)F.c1ccncc1.Oc1ccc(C2C(c3ccc(OCCCl)cc3)Oc3cc(O)ccc3C2(O)C(F)(F)F)cc1.[Cl-].[Na+].C1CCOC1.CCOC(C)=O
409,mc_greedy,True,True,1.0,4,CCC(CC)(c1ccc(CCC(O)C(C)(C)C)c(C)c1)c1ccc(NC(=O)CCCC(=O)O)c(C)c1,CCC(CC)(c1ccc(CCC(O)C(C)(C)C)c(C)c1)c1ccc(NC(=O)CCCC(=O)O)c(C)c1,CCC(CC)(c1ccc(CCC(O)C(C)(C)C)c(C)c1)c1ccc(NC(=O)CCCC(=O)OC)c(C)c1.[OH-].[Na+].Cl.ClCCl.CO
410,mc_greedy,True,True,1.0,8,CCCc1ccc(S(=O)(=O)c2ccccc2)cc1S(=O)(=O)NC1CCOCC1,CCCc1ccc(S(=O)(=O)c2ccccc2)cc1S(=O)(=O)NC1CCOCC1,CCCc1ccc(S(=O)(=O)c2ccccc2)cc1S(=O)(=O)Cl.NC1CCOCC1
411,mc_greedy,False,False,0.6,19,NNC(=S)NNC(=O)Cc1ccc2ncccc2c1,Nn1c(S)nnc1Cc1ccc2ncccc2c1,[K+].O=C(Cc1ccc2ncccc2c1)NNC(=S)[S-].O.NN.S.O
412,mc_greedy,True,True,0.9,4,O=C(NCc1cccc(Cl)c1)c1ccc2c(c1)N=C(N1CCCCC1)c1cc(F)ccc1S2,O=C(NCc1cccc(Cl)c1)c1ccc2c(c1)N=C(N1CCCCC1)c1cc(F)ccc1S2,O=C(NCc1cccc(Cl)c1)c1ccc2c(c1)N=C(Cl)c1cc(F)ccc1S2.C1CCNCC1
413,mc_greedy,True,True,0.9,4,CCCOc1ccc(F)c2c(=O)c(-c3ccoc3)c[nH]c12,CCCOc1ccc(F)c2c(=O)c(-c3ccoc3)c[nH]c12,CCCOc1ccc(F)c2c(=O)c(I)c[nH]c12.Cc1ccccc1.OB(O)c1ccoc1.O=C([O-])[O-].[Na+].[Na+].O.CO
414,mc_greedy,True,True,1.0,4,CCOP(=O)(COC(=O)c1ccccc1OC)OCC,CCOP(=O)(COC(=O)c1ccccc1OC)OCC,CCOP(=O)(CO)OCC.COc1ccccc1C(=O)Cl.c1ccncc1.ClCCl
415,mc_greedy,True,True,0.9,3,Cc1c(-c2ccccc2)c(F)c2oc(-c3cnccn3)nc2c1C#N,Cc1c(-c2ccccc2)c(F)c2oc(-c3cnccn3)nc2c1C#N,CCC[CH2][Sn]([CH2]CCC)([CH2]CCC)[c]1cnccn1.CC(C)(C)C1=C(O)C(C)(C(C)(C)C)CC=C1.Cc1c(-c2ccccc2)c(F)c2oc(Cl)nc2c1C#N.[Cl][Pd]([Cl])([P](c1ccccc1)(c1ccccc1)c1ccccc1)[P](c1ccccc1)(c1ccccc1)c1ccccc1.Cc1ccccc1
416,mc_greedy,True,True,0.7,9,CO[C@H]1CC[C@H](N2C(=O)c3ccccc3C2=O)CC1,CO[C@H]1CC[C@H](N2C(=O)c3ccccc3C2=O)CC1,[H-].[Na+].O=C1c2ccccc2C(=O)N1[C@H]1CC[C@H](O)CC1.CI.CN(C)C=O.O
417,mc_greedy,True,True,0.9,2,COc1cc2c(C)c(C(=O)O)[nH]c2cc1C(F)(F)F,COc1cc2c(C)c(C(=O)O)[nH]c2cc1C(F)(F)F,CCOC(=O)c1[nH]c2cc(C(F)(F)F)c(OC)cc2c1C.[OH-].[K+].Cl.CCO.O
418,mc_greedy,False,False,0.4,6,NS(=O)(=O)c1cccc(-c2nc(-c3cnc4c(C(F)(F)F)cc(-c5ccc(C(F)(F)F)cc5)cn34)no2)c1,NS(=O)(=O)c1cccc(-c2noc(-c3cnc4c(C(F)(F)F)cc(-c5ccc(C(F)(F)F)cc5)cn34)n2)c1,O=C(O)c1cnc2c(C(F)(F)F)cc(-c3ccc(C(F)(F)F)cc3)cn12.N=C(NO)c1cccc(S(N)(=O)=O)c1
419,mc_greedy,True,True,1.0,7,CCOC(=O)/C=C/c1cc2ccccc2n1CC(=O)OC(C)(C)C,CCOC(=O)/C=C/c1cc2ccccc2n1CC(=O)OC(C)(C)C,CCOC(=O)/C=C/c1cc2ccccc2[nH]1.CC(C)(C)OC(=O)CBr.O=C([O-])[O-].[Cs+].[Cs+].CN(C)C=O.CC(C)=O
420,mc_greedy,False,False,0.9,6,CCCSC1=NC(=O)CS1,CCCSc1nc(OS(C)(=O)=O)cs1,CCCSC1=NC(=O)CS1.O=C([O-])[O-].[Na+].[Na+].CS(=O)(=O)Cl.O.CC#N
421,mc_greedy,True,True,1.0,1,N#Cc1cc(-c2ncc(Br)s2)ccc1F,N#Cc1cc(-c2ncc(Br)s2)ccc1F,N#Cc1cc(-c2nccs2)ccc1F.O=C1CCC(=O)N1Br.[OH-].[Na+].CN(C)C=O
422,mc_greedy,False,False,0.1,14,COC(=O)C(OC(C)(C)C)c1c(C)ccc(CCCO)c1-c1ccc2c(c1)CCCO2,COC(=O)C(OC(C)(C)C)c1c(C)ccc(CC2CC2)c1-c1ccc2c(c1)CCCO2,C=CCc1ccc(C)c(C(OC(C)(C)C)C(=O)OC)c1-c1ccc2c(c1)CCCO2.ICI.C[CH2][Zn][CH2]C.CCCCCCC.C[N+]1([O-])CCOCC1.O.ClCCCl.[O]=[Os](=[O])(=[O])=[O]
423,mc_greedy,True,True,0.9,7,Nc1cc(CCN2C(=O)c3ccccc3C2=O)cc(C(F)(F)F)c1,Nc1cc(CCN2C(=O)c3ccccc3C2=O)cc(C(F)(F)F)c1,Nc1cc(/C=C/N2C(=O)c3ccccc3C2=O)cc(C(F)(F)F)c1.CCO.C1CCOC1.[Pd]
424,mc_greedy,True,True,1.0,7,CC(C)(C)OC(=O)N1CCN(c2nnc(C#N)s2)CC1,CC(C)(C)OC(=O)N1CCN(c2nnc(C#N)s2)CC1,N#Cc1nnc(Br)s1.CC(C)(C)OC(=O)N1CCNCC1.CCN(C(C)C)C(C)C.[NH4+].[Cl-].C1COCCO1
425,mc_greedy,False,False,0.2,23,CC(C)c1cccc(C(C)C)c1N1C=CN(c2c(C(C)C)cccc2C(C)C)B1O,C=C(B1OC(C)(C)C(C)(C)O1)c1ccc(C(F)(F)F)cc1,CC(C)c1cccc(C(C)C)c1N1C=CN(c2c(C(C)C)cccc2C(C)C)[CH]1[Cu][Cl].CC(C)(C)[O-].[Na+].CC1(C)OB(B2OC(C)(C)C(C)(C)O2)OC1(C)C.C#Cc1ccc(C(F)(F)F)cc1.CO.C1CCOC1
426,mc_greedy,False,False,1.0,3,CS(=O)(=O)OCCc1ccc2cc[nH]c2c1,CS(=O)(=O)CCc1ccc2cc[nH]c2c1,OCCc1ccc2cc[nH]c2c1.CCN(CC)CC.CS(=O)(=O)Cl.ClCCl
427,mc_greedy,True,True,1.0,6,Cc1sc2nc(-n3ccnc3)nc(NCCc3ccc4c(c3)OCO4)c2c1C,Cc1sc2nc(-n3ccnc3)nc(NCCc3ccc4c(c3)OCO4)c2c1C,c1c[nH]cn1.Cc1sc2nc(Cl)nc(NCCc3ccc4c(c3)OCO4)c2c1C
428,mc_greedy,False,False,0.2,29,CC(C)[C@H](Br)C(=O)Nc1c(C(N)=O)oc2ccccc12,CC(C)[C@@H](N=[N+]=[N-])c1nc2c(oc3ccccc32)c(=O)[nH]1,NC(=O)c1oc2ccccc2c1N.CC(C)[C@H](Br)C(=O)Cl.O.[N-]=[N+]=[N-].[Na+].CN(C)C=O
429,mc_greedy,True,True,1.0,6,CC(C)(C)c1ccc(CN(CC(O)c2ccc(F)cc2)C(=O)c2cc(Cl)cc3cc[nH]c23)cc1,CC(C)(C)c1ccc(CN(CC(O)c2ccc(F)cc2)C(=O)c2cc(Cl)cc3cc[nH]c23)cc1,O=C(O)c1cc(Cl)cc2cc[nH]c12.CN(C)C(On1nnc2ccccc21)=[N+](C)C.F[B-](F)(F)F.CCN(C(C)C)C(C)C.CC(C)(C)c1ccc(CNCC(O)c2ccc(F)cc2)cc1.CN(C)C=O.O
430,mc_greedy,False,False,0.4,12,O=C1CCN(c2ccc(CC3SC(=O)NC3=O)cc2F)CC1,O=C1NC(=O)C(Cc2ccc(N3CCC(NC[C@H](O)COc4cccc5[nH]c(=O)[nH]c45)CC3)c(F)c2)S1,NC[C@H](O)COc1cccc2[nH]c(=O)[nH]c12.O=C1CCN(c2ccc(CC3SC(=O)NC3=O)cc2F)CC1
431,mc_greedy,True,True,1.0,1,C#Cc1ccc([N+](=O)[O-])c(NC2CCC2)n1,C#Cc1ccc([N+](=O)[O-])c(NC2CCC2)n1,C[Si](C)(C)C#Cc1ccc([N+](=O)[O-])c(NC2CCC2)n1.O=C([O-])[O-].[K+].[K+].ClCCl.CO
432,mc_greedy,True,True,0.2,13,CCOC(=O)c1c(Cl)nc(-c2ccccc2)c([N+](=O)[O-])c1C(=O)OCC,CCOC(=O)c1c(Cl)nc(-c2ccccc2)c([N+](=O)[O-])c1C(=O)OCC,CCOC(=O)c1c([N+](=O)[O-])c(-c2ccccc2)[nH]c(=O)c1C(=O)OCC.O=P(Cl)(Cl)c1ccccc1.O
433,mc_greedy,True,True,0.7,5,CC(C)(C)OC(=O)N1CC2OC2C1,CC(C)(C)OC(=O)N1CC2OC2C1,CC(C)(C)OC(=O)N1CC=CC1.O=C(OO)c1cccc(Cl)c1.ClCCl.ClCCCl
434,mc_greedy,True,True,1.0,1,OCc1cc(O)ccc1Br,OCc1cc(O)ccc1Br,O=Cc1cc(O)ccc1Br.[BH4-].[Na+].CO
435,mc_greedy,False,True,0.5,12,O=C(O)[C@@H]1CCCN1c1cncc(Br)c1,CC(C)Nc1cncc(Br)c1,Brc1cncc(Br)c1.O=C(O)[C@@H]1CCCN1.CC(C)N.CC(=O)[O][K].CN(C)C=O.[Cu][I]
436,mc_greedy,True,True,0.2,11,O=C1Cc2cnc(C3CC3)nc2-c2cc(F)ccc2N1,O=C1Cc2cnc(C3CC3)nc2-c2cc(F)ccc2N1,CN(C)C=C1CC(=O)Nc2ccc(F)cc2C1=O.Cl.N=C(N)C1CC1
437,mc_greedy,True,True,0.5,11,OCc1cc(CO)cc(CO)c1,OCc1cc(CO)cc(CO)c1,COC(=O)c1cc(C(=O)OC)cc(C(=O)OC)c1.[H-].[Al+3].[Li+].[H-].[H-].[H-].C1CCOC1
438,mc_greedy,True,True,1.0,1,CC(C)(C)OC(=O)Nc1ccccc1F,CC(C)(C)OC(=O)Nc1ccccc1F,CC(C)(C)OC(=O)OC(=O)OC(C)(C)C.Nc1ccccc1F.C1CCOC1
439,mc_greedy,True,True,0.7,12,COc1cc2ncnc(Nc3ccc(Cl)c(Cl)c3F)c2cc1NC(=O)/C=C/CN1C[C@@H]2OCCO[C@@H]2C1,COc1cc2ncnc(Nc3ccc(Cl)c(Cl)c3F)c2cc1NC(=O)/C=C/CN1C[C@@H]2OCCO[C@@H]2C1,COc1cc2ncnc(Nc3ccc(Cl)c(Cl)c3F)c2cc1NC(=O)/C=C/CBr.Cl.C1CO[C@@H]2CNC[C@@H]2O1.CCN(C(C)C)C(C)C.CC(=O)N(C)C
440,mc_greedy,True,True,1.0,1,COc1nc(NC(=O)NS(=O)(=O)c2csc3ccccc23)nc(OC)n1,COc1nc(NC(=O)NS(=O)(=O)c2csc3ccccc23)nc(OC)n1,COc1nc(N)nc(OC)n1.O=C=NS(=O)(=O)c1csc2ccccc12
441,mc_greedy,True,True,0.6,9,Cc1cccc(Nc2nc(-c3ccnc(C)c3)cs2)c1,Cc1cccc(Nc2nc(-c3ccnc(C)c3)cs2)c1,Cc1cc(C(=O)CBr)ccn1.Cc1cccc(NC(N)=S)c1.N.CCO.O
442,mc_greedy,False,False,0.9,8,COCc1cccc(-c2ocnc2C(=O)OC)c1,COCc1cccc(C(=O)C(N)C(=O)OC)c1,COCc1cccc(-c2ocnc2C(=O)OC)c1.CC(=O)Cl.CO
443,mc_greedy,False,True,0.8,4,Cc1ccc(F)cc1Br,CC1(C)OB(c2cc(F)ccc2CBr)OC1(C)C,Cc1ccc(F)cc1B1OC(C)(C)C(C)(C)O1.O=C1CCC(=O)N1Br.CC(C)(C#N)N=NC(C)(C)C#N.O=C1CCC(=O)N1.ClC(Cl)(Cl)Cl
444,mc_greedy,False,False,0.3,10,CCn1ccc2ccc(NC(=O)c3ccc(N4CCN(c5ccc(C(=O)O)cc5F)CC4)c(F)c3)cc21,CCn1ccc2ccc(NC(=O)c3ccc(N4CCN(c5ccc(C(=O)O)cc5F)CC4)nc3)cc21,CCn1ccc2ccc(NC(=O)c3ccc(N4CCNCC4)nc3)cc21.O=C(O)c1ccc(Br)c(F)c1.CC(C)(C)c1cccc(NC(=O)c2ccc(N3CCN(c4ccc(C(=O)O)cc4)CC3)c(F)c2)c1
445,mc_greedy,True,True,0.6,9,CC(C)(C)OC(=O)NC1CCN(CCCN2c3ccccc3N(c3ccccc3F)S2(=O)=O)CC1,CC(C)(C)OC(=O)NC1CCN(CCCN2c3ccccc3N(c3ccccc3F)S2(=O)=O)CC1,O=S1(=O)N(CCCBr)c2ccccc2N1c1ccccc1F.O=C([O-])[O-].[K+].[K+].CC(C)(C)OC(=O)NC1CCNCC1.CN(C)C=O.O
446,mc_greedy,False,False,0.7,11,CCCCCCCCCCCCCCCCCCCCCCCCCCCCCCCCCCCCCCCCCCCCCCCCCCCCCCCCCCCCCCCCCCCCCCCCCCCCCCCCCCCCCCCCCCCCCCCCCCCCCCCCCCCCCCCCCCCCCCCCCCCCCCCCCCCCCCCCCCCCCCCCCCCCCCCCCCCCCCCCCCCCCCCCCCCCCCCCCCCCCCCCCCCCCCCCCCCCCCCCCCCCCCCCCCCCCCCCCCCCCCCCCCCCCCCCCCCCCCCCCCCCCCCCCCCCCCCCCCCCCCCCCCCCCCCCCCCCCCCCCCCCCCCCCCCCCCCCCCCC,COC(=O)c1ccccc1OCc1ccc(C=C2C(=O)C3(C)CCC2C3(C)C)cc1,COC(=O)c1ccccc1O.Oc1cccc2ccccc12.O=C(c1ccccc1)c1ccc(O)cc1.CCCCCCCCCCCCCC(=O)O.CCCCCCCCCCCCCCCC(=O)O.O=C(O)c1ccccc1
447,mc_greedy,False,False,0.5,6,CC(C)(O)c1ccc(C#CC(C)(O)c2ccccc2)c[n+]1[O-],CC(C)(O)c1ccc(C#Cc2cccc(-n3cc(C(=O)NC4CC4)c(=O)c4cccnc43)c2)c[n+]1[O-],C#CC(C)(O)c1ccccc1.CC(C)(O)c1ccc(Br)c[n+]1[O-].CC(C)NC(=O)c1cn(-c2cccc(Br)c2)c2ncccc2c1=O
448,mc_greedy,True,True,0.7,4,COc1nc(-c2ccccc2C(F)(F)F)cc(NC(=O)c2cc(C(C)(C)C)no2)c1[N+](=O)[O-],COc1nc(-c2ccccc2C(F)(F)F)cc(NC(=O)c2cc(C(C)(C)C)no2)c1[N+](=O)[O-],COc1nc(-c2ccccc2C(F)(F)F)cc(N)c1[N+](=O)[O-].[H-].[Na+].CC(C)(C)c1cc(C(=O)O)on1.O=C(Cl)C(=O)Cl.C1CCOC1.ClCCl.CN(C)C=O
449,mc_greedy,True,True,0.9,12,COC(=O)C(F)(CO)C(=O)OC,COC(=O)C(F)(CO)C(=O)OC,COC(=O)C(F)C(=O)OC.C=O.O=C([O-])O.[K+].[Cl-].[NH4+]
450,mc_greedy,True,True,0.4,12,O=C(OCN1C(=O)CCc2ccc(OCCCCN3CCN(c4cccc5sccc45)CC3)cc21)c1ccccc1,O=C(OCN1C(=O)CCc2ccc(OCCCCN3CCN(c4cccc5sccc45)CC3)cc21)c1ccccc1,[H-].[Na+].O=C1CCc2ccc(OCCCCN3CCN(c4cccc5sccc45)CC3)cc2N1.O=C(OCCl)c1ccccc1.[Cl-].[NH4+].C1CCOC1
451,mc_greedy,True,True,0.7,20,CCCCCCCCCCCCOC(=O)C(N)C(C)C,CCCCCCCCCCCCOC(=O)C(N)C(C)C,CC(C)C(N)C(=O)O.CCCCCCCCCCCCO.Cc1ccc(S(=O)(=O)O)cc1.Cc1ccccc1
452,mc_greedy,False,False,0.2,9,N#Cc1cc(Oc2cccc(N)c2)ccn1,N#Cc1cc(Oc2ccc(N)cc2)ccn1,NC(=O)c1cc(Oc2cccc(N)c2)ccn1.Nc1ccc(O)cc1.N#Cc1cc(Cl)ccn1
453,mc_greedy,True,True,1.0,8,CCOC(=O)C1(CCOc2ccccc2)CCN(C(=O)OC(C)(C)C)CC1,CCOC(=O)C1(CCOc2ccccc2)CCN(C(=O)OC(C)(C)C)CC1,CCOC(=O)C1CCN(C(=O)OC(C)(C)C)CC1.C[Si](C)(C)[N-][Si](C)(C)C.[Na+].BrCCOc1ccccc1.C1CCOC1
454,mc_greedy,True,True,0.5,5,Brc1ccc(NCCN2CCOCC2)nc1,Brc1ccc(NCCN2CCOCC2)nc1,NCCN1CCOCC1.Fc1ccc(Br)cn1.CCN(C(C)C)C(C)C.CS(C)=O
455,mc_greedy,True,True,0.8,7,CCN1CCN(CC)c2cc(Nc3ncc(Cl)c(Nc4ccccc4-c4nccn4C)n3)ccc2C1,CCN1CCN(CC)c2cc(Nc3ncc(Cl)c(Nc4ccccc4-c4nccn4C)n3)ccc2C1,CCN1CCN(CC)c2cc(N)ccc2C1.Cn1ccnc1-c1ccccc1Nc1nc(Cl)ncc1Cl
456,mc_greedy,False,False,0.8,15,CCNCC(=O)c1ccc(O)cc1,CCn1cc(-c2ccc(O)cc2)nc1S,Cl.CCNCC(=O)c1ccc(O)cc1.CCO.N#C[S-].[K+].O
457,mc_greedy,False,False,0.8,18,CCOc1cc(OCCCCc2cn(Cc3ccccc3)nc2OCC)ccc1CCC(=O)OC,CCOc1cc(OCCCCc2c[nH]nc2OCC)ccc1CCC(=O)OC,CCOc1nn(Cc2ccccc2)cc1CCCCO.CCOc1cc(O)ccc1CCC(=O)OC.CCCCP(CCCC)CCCC.O=C(N=NC(=O)N1CCCCC1)N1CCCCC1.C1CCOC1
458,mc_greedy,False,True,0.3,6,OC1(c2nccs2)CCC2(CC1)OCCO2,OC1(c2cncs2)CCC2(CC1)OCCO2,C[Si](C)(C)c1nccs1.[Li][CH2]CCC.O=C1CCC2(CC1)OCCO2.CCCC[N+](CCCC)(CCCC)CCCC.[F-].C1CCOC1
459,mc_greedy,True,True,0.8,5,CCOC(=O)C=Cc1c(O)ccc2cc(C#N)ccc12,CCOC(=O)C=Cc1c(O)ccc2cc(C#N)ccc12,N#Cc1ccc2c(C=O)c(O)ccc2c1.[Br-].CCOC(=O)C[P+](c1ccccc1)(c1ccccc1)c1ccccc1.O=C([O-])[O-].[K+].[K+].CO.CN(C)C=O
460,mc_greedy,True,True,1.0,7,CC(C)n1ncnc1-c1cc2n(n1)-c1cc(C3CN(Cc4ccncc4)C3)ccc1OCC2,CC(C)n1ncnc1-c1cc2n(n1)-c1cc(C3CN(Cc4ccncc4)C3)ccc1OCC2,CC(C)n1ncnc1-c1cc2n(n1)-c1cc(C3CNC3)ccc1OCC2.O=Cc1ccncc1.CO.CCOC(C)=O.C1CCCCC1
461,mc_greedy,True,True,0.2,17,COc1ccc(NC(=O)c2ccc(N)c(I)c2)cc1OC,COc1ccc(NC(=O)c2ccc(N)c(I)c2)cc1OC,COC(=O)c1ccc(N)c(I)c1.[OH-].[Li+].O=C1OCCN1P(=O)(Cl)N1CCOC1=O.CCN(CC)CC.COc1ccc(N)cc1OC.CCOC(C)=O.ClCCl.O.CO
462,mc_greedy,False,False,0.1,27,CC(=O)O[C@@H]1[C@@H](OCc2ccccc2)[C@@H](N=[N+]=[N-])[C@@H](COCc2ccccc2)O[C@H]1O,[N-]=[N+]=N[C@@H]1[C@H](OCc2ccccc2)[C@@H](O)C(O)O[C@@H]1COCc1ccccc1,O=C([O-])[O-].[K+].[K+].CC(=O)O[C@@H]1O[C@H](COCc2ccccc2)[C@H](N=[N+]=[N-])[C@H](OCc2ccccc2)[C@H]1OC(C)=O.CO.O
463,mc_greedy,False,True,0.2,21,COc1ccc2cc(C(OC)C(C)NC(=O)O)ccc2c1,COc1ccc2cc(C(OC)(OC)C(C)N)ccc2c1,CCOC(=O)NC(C)C(OC)(OC)c1ccc2cc(OC)ccc2c1.[OH-].[K+].O.CO
464,mc_greedy,True,True,0.9,8,C[C@H]1CC(=O)c2cc(S(N)(=O)=O)sc2S1,C[C@H]1CC(=O)c2cc(S(N)(=O)=O)sc2S1,[OH-].[NH4+].C[C@H]1CC(=O)c2cc(S(=O)(=O)Cl)sc2S1.ClCCl
465,mc_greedy,True,True,0.9,5,Cc1cc(Oc2ccccc2)cc2c1C(CC(=O)O)OB2O,Cc1cc(Oc2ccccc2)cc2c1C(CC(=O)O)OB2O,CCOC(=O)CC1OB(O)c2cc(Oc3ccccc3)cc(C)c21.[OH-].[Li+].Cl.CO
466,mc_greedy,True,True,0.2,9,CC1CN(C)c2c3c(nc4cccc(c24)O1)CCCC3,CC1CN(C)c2c3c(nc4cccc(c24)O1)CCCC3,[H-].[Al+3].[Li+].[H-].[H-].[H-].[Cl-].[Al+3].[Cl-].[Cl-].CC1Oc2cccc3nc4c(c(c23)N(C)C1=O)CCCC4.[OH-].[Na+].C1CCOC1.CCOC(C)=O
467,mc_greedy,False,False,0.8,12,CN(C(=O)CN(c1ccccc1)c1ccccc1)[C@@H]1CCN(C(=O)c2ccccc2)C1,CN(C(=O)CN(c1ccccc1)c1ccccc1)[C@@H]1CCN(Cc2ccccc2)C1,CN[C@@H]1CCN(C(=O)c2ccccc2)C1.O=C(O)CN(c1ccccc1)c1ccccc1.ClCCCl.ClCCl.CN(C)c1ccncc1
468,mc_greedy,True,True,1.0,6,CS(=O)(=O)c1ccccc1OCC(=O)NCC(O)CN1Cc2ccccc2C1,CS(=O)(=O)c1ccccc1OCC(=O)NCC(O)CN1Cc2ccccc2C1,CCOC(=O)COc1ccccc1S(C)(=O)=O.NCC(O)CN1Cc2ccccc2C1.CCO
469,mc_greedy,True,True,1.0,4,Fc1cnccc1CCN1CCNCC1,Fc1cnccc1CCN1CCNCC1,CC(C)(C)OC(=O)N1CCN(CCc2ccncc2F)CC1.Cl.CO.COc1ccccc1.CCOCC
470,mc_greedy,True,True,0.7,7,Cc1c(C(=O)Nc2cnc(N3CCC(=O)CC3)c(Cl)c2)cnn1-c1ccc(Cl)cc1,Cc1c(C(=O)Nc2cnc(N3CCC(=O)CC3)c(Cl)c2)cnn1-c1ccc(Cl)cc1,Cc1c(C(=O)Nc2cnc(N3CCC4(CC3)OCCO4)c(Cl)c2)cnn1-c1ccc(Cl)cc1.Cl.O.[OH-].[Na+].CC(=O)O
471,mc_greedy,False,False,0.2,8,O=C1C=CC(=O)c2ccccc21,CC(=O)OC1C=CCC2C(=O)c3ccccc3C(=O)C12,O=C1C=CC(=O)c2ccccc21.C=CC=COC(C)=O.CC(=O)O
472,mc_greedy,True,True,1.0,6,CCOC(=O)C(=O)c1ccc(O[C@H]2CCN(C(=O)OC(C)(C)C)C2)cc1,CCOC(=O)C(=O)c1ccc(O[C@H]2CCN(C(=O)OC(C)(C)C)C2)cc1,CCOC(=O)C(=O)c1ccc(O)cc1.CC(C)(C)OC(=O)N1CC[C@@H](O)C1.c1ccc(P(c2ccccc2)c2ccccc2)cc1.CCOC(=O)N=NC(=O)OCC.CCOC(C)=O.C1CCOC1
473,mc_greedy,False,False,0.5,8,ICCOCc1nc2c(N(Cc3ccccc3)Cc3ccccc3)nc3ccccc3c2[nH]1,c1ccc(CN(Cc2ccccc2)c2nc3ccccc3c3c2nc2n3CCOC2)cc1,O=C([O-])[O-].[K+].[K+].[I-].[Na+].CS(=O)(=O)OCCOCc1nc2c(N(Cc3ccccc3)Cc3ccccc3)nc3ccccc3c2[nH]1.CC(C)=O
474,mc_greedy,True,True,0.6,11,CC(C)c1cc(Br)cc(C(C)C)c1N,CC(C)c1cc(Br)cc(C(C)C)c1N,CC(C)c1cccc(C(C)C)c1N.O=C1CCC(=O)N1Br.O.CN(C)C=O
475,mc_greedy,True,True,0.9,3,O=C(Cc1ccc(Cl)cc1)Nn1nc(CNC(=O)OC2CCCC2)c2ccccc2c1=O,O=C(Cc1ccc(Cl)cc1)Nn1nc(CNC(=O)OC2CCCC2)c2ccccc2c1=O,NCc1nn(NC(=O)Cc2ccc(Cl)cc2)c(=O)c2ccccc12.O=C(Cl)OC1CCCC1
476,mc_greedy,False,False,0.2,23,COc1ccc(NS(=O)(=O)NC(=O)O)cc1,COc1ccc2c(c1)S(=O)(=O)NC(=O)N2,COc1ccc(N)cc1.O=C=NS(=O)(=O)Cl.[Cl-].[Al+3].[Cl-].[Cl-].CC[N+](=O)[O-]
477,mc_greedy,False,False,0.4,22,CCOC(=O)CC(=O)CC(=O)O[C@@H]1C[C@H](C)CC[C@H]1C(C)C,CC(C)[C@@H]1CC[C@@H](C)C[C@H]1OC(=O)[C@@H]1C(=O)CC(=O)C[C@H]1C,CC(C)(C)[O-].[K+].CC(=O)CC(=O)O[C@@H]1C[C@H](C)CC[C@H]1C(C)C.C/C=C/C(=O)OCC.CC(C)(C)O
478,mc_greedy,False,False,0.4,30,CSC(SC)=C1C(=O)OC(C)(C)OC1=O,CCSC(SCC)=C1C(=O)OC(C)(C)OC1=O,CSC(SC)=C1C(=O)OC(C)(C)OC1=O.CCS.C[O-].[Na+].CO
479,mc_greedy,True,True,0.9,13,CCOC(=O)c1[nH]cc(CCc2ccc(Cl)cc2)c1C,CCOC(=O)c1[nH]cc(CCc2ccc(Cl)cc2)c1C,CC[SiH](CC)CC.CCOC(=O)c1[nH]cc(C(=O)Cc2ccc(Cl)cc2)c1C.O=C(O)C(F)(F)F
480,mc_greedy,False,False,0.6,2,Cn1c(=O)c2c(cc(N3CCC[C@@H](NC(=O)OC(C)(C)C)C3)n2Cc2ccccc2Cl)n(C)c1=O,Cn1c(=O)c2c(c(C=O)c(N3CCC[C@@H](NC(=O)OC(C)(C)C)C3)n2Cc2ccccc2Cl)n(C)c1=O,O=P(Cl)(Cl)Cl.Cn1c(=O)c2c(cc(N3CCC[C@@H](NC(=O)OC(C)(C)C)C3)n2Cc2ccccc2Cl)n(C)c1=O.O.CN(C)C=O
481,mc_greedy,False,False,0.7,3,COc1cc([C@H]2CCN(C(=O)OC(C)(C)C)C[C@H]2C(=O)O)ccn1,CCOC(=O)[C@@H]1CN(C(=O)OC(C)(C)C)CC[C@H]1c1ccnc(OC)c1,CCOC(=O)[C@@H]1CN(C(=O)OC(C)(C)C)CC[C@@H]1c1ccnc(OC)c1.CC[O-].[Na+].CCO
482,mc_greedy,True,True,0.4,12,O=C(CN1CCN(CC(=O)N2CCC3(CC2)Cn2cc([N+](=O)[O-])nc2O3)CC1)Nc1ccc(C(F)(F)F)cc1,O=C(CN1CCN(CC(=O)N2CCC3(CC2)Cn2cc([N+](=O)[O-])nc2O3)CC1)Nc1ccc(C(F)(F)F)cc1,CC(C)(C)OC(=O)N1CCN(CC(=O)N2CCC3(CC2)Cn2cc([N+](=O)[O-])nc2O3)CC1.O=C(O)C(F)(F)F.O=C(CBr)Nc1ccc(C(F)(F)F)cc1.CCN(CC)CC.ClCCl.O
483,mc_greedy,True,True,0.7,8,CC(C)(C)OC(=O)N1CCCN(c2ccc(C=O)c(O)n2)CC1,CC(C)(C)OC(=O)N1CCCN(c2ccc(C=O)c(O)n2)CC1,O=Cc1ccc(Cl)nc1O.CC(C)(C)OC(=O)N1CCCNCC1.O=C([O-])O.[Na+].CS(C)=O
484,mc_greedy,False,False,0.4,13,Cn1cc(C(=O)N2CCC2)cn1,Cn1ncc(C(=O)N2CCC2)c1C(=O)O,CN(C)C(=O)c1cnn(C)c1C(=O)O.Cn1cc(C(=O)N2CCC2)cn1
485,mc_greedy,False,True,0.6,6,COc1cc(N2CCN(C(C)=O)CC2)ccc1Nc1ncc(N2CCCC2)c(-c2cnc3cc(Cl)ccn23)n1,COc1cc(N2CCN(C(C)=O)CC2)ccc1Nc1ncc(Cl)c(-c2cnc3cc(N4CCCC4)ccn23)n1,COc1cc(N2CCN(C(C)=O)CC2)ccc1Nc1ncc(Cl)c(-c2cnc3cc(Cl)ccn23)n1.C1CCNC1.ClCCl.CCO
486,mc_greedy,True,True,1.0,6,CC(C)(Br)C(=O)NCCOCc1ccccc1,CC(C)(Br)C(=O)NCCOCc1ccccc1,CC(C)(Br)C(=O)Br.O=C([O-])[O-].[K+].[K+].NCCOCc1ccccc1.ClCCl
487,mc_greedy,True,True,1.0,1,COC(=O)c1cccc2cc(Oc3ccc(OC)nc3)ccc12,COC(=O)c1cccc2cc(Oc3ccc(OC)nc3)ccc12,COC(=O)c1cccc2cc(O)ccc12.COc1ccc(B(O)O)cn1.CCN(CC)CC.CC#N.CC(=O)[O-].[Cu+2].CC(=O)[O-]
488,mc_greedy,False,False,1.0,8,N#CNc1ccc(-n2cccn2)c(CN)c1,CCOC(=N)Nc1ccc(-n2cccn2)c(CN)c1,CC(C)(C)OC(=O)NCc1cc(NC#N)ccc1-n1cccn1.Cl.CCO
489,mc_greedy,True,True,1.0,1,CC(=O)Nc1nc(CN(C)C)cs1,CC(=O)Nc1nc(CN(C)C)cs1,CC(=O)Nc1nc(CCl)cs1.CNC.C1CCOC1
490,mc_greedy,True,True,1.0,5,O=C1CCCN1c1ccc(OS(=O)(=O)C(F)(F)F)c(Cc2ccccc2)c1,O=C1CCCN1c1ccc(OS(=O)(=O)C(F)(F)F)c(Cc2ccccc2)c1,O=C1CCCN1c1ccc(O)c(Cc2ccccc2)c1.O=S(=O)(N(c1ccccc1)S(=O)(=O)C(F)(F)F)C(F)(F)F.CCN(CC)CC.CN(C)c1ccncc1.ClCCl
491,mc_greedy,False,False,1.0,4,CC(C)(C)c1ccc(C(=O)NCCc2cccc(C(F)(F)F)c2)c(Cl)c1,CC(C)(C)c1ccc(CNCCc2cccc(C(F)(F)F)c2)c(Cl)c1,CC(C)(C)c1ccc(C(=O)NCCc2cccc(C(F)(F)F)c2)c(Cl)c1.Cl.[OH-].[Na+].C1CCOC1
492,mc_greedy,True,True,0.5,3,COC(=O)c1cc(O)c2cc(C#CCNC(=O)OC(C)(C)C)cc(OCc3ccccc3)c2n1,COC(=O)c1cc(O)c2cc(C#CCNC(=O)OC(C)(C)C)cc(OCc3ccccc3)c2n1,COC(=O)c1cc(O)c2cc(Br)cc(OCc3ccccc3)c2n1.C#Cc1ccccc1.C#CCNC(=O)OC(C)(C)C
493,mc_greedy,False,False,0.9,2,COC(=O)C=CCc1ccccc1[N+](=O)[O-],COC(=O)C/C=C/c1ccccc1[N+](=O)[O-],O=CCc1ccccc1[N+](=O)[O-].COC(=O)C=P(c1ccccc1)(c1ccccc1)c1ccccc1.Cc1ccccc1
494,mc_greedy,True,True,1.0,5,CC(=O)Nc1ccc(C(=O)N(CCN2CCC(C(=O)c3ccc(F)cc3)CC2)c2cccc(C(F)(F)F)c2)cc1,CC(=O)Nc1ccc(C(=O)N(CCN2CCC(C(=O)c3ccc(F)cc3)CC2)c2cccc(C(F)(F)F)c2)cc1,Nc1ccc(C(=O)N(CCN2CCC(C(=O)c3ccc(F)cc3)CC2)c2cccc(C(F)(F)F)c2)cc1.CC(=O)OC(C)=O
495,mc_greedy,True,True,0.8,9,CC1=C(C(=O)Nc2cc(C(=O)OC(C)C)c(C)cc2F)SCCO1,CC1=C(C(=O)Nc2cc(C(=O)OC(C)C)c(C)cc2F)SCCO1,O=S(Cl)Cl.CC1=C(C(=O)O)SCCO1.Cc1cc(F)c(N)cc1C(=O)OC(C)C.CCN(CC)CC.ClCCl
496,mc_greedy,False,False,0.9,7,COc1cc(C(F)(F)F)nn1C,COc1c(CO)c(C(F)(F)F)nn1C,Cn1nc(C(F)(F)F)cc1O.O=C([O-])[O-].[K+].[K+].C=O.COS(=O)(=O)OC.CN(C)C=O.O.CCOC(C)=O
497,mc_greedy,True,True,0.7,4,CC(=O)OCC(=O)Nc1cnc(Br)cc1NC(C)(C)COC(C)=O,CC(=O)OCC(=O)Nc1cnc(Br)cc1NC(C)(C)COC(C)=O,CC(=O)OCC(C)(C)Nc1cc(Br)ncc1N.CCN(CC)CC.CC(=O)OCC(=O)Cl.C1CCOC1.O
498,mc_greedy,False,True,0.5,16,COC(=O)c1ccc(CC(NC(=O)OCc2ccccc2)C(=O)OC)nc1,COC(=O)CN(Cc1ccc(C(=O)OC)cn1)C(=O)OCc1ccccc1,COC(=O)c1ccc(CBr)nc1.COC(=O)CNC(=O)OCc1ccccc1.O=C([O-])[O-].[K+].[K+].O.CN(C)C=O
499,mc_greedy,False,False,0.3,16,Cc1cc(-c2cccc(Cl)c2)n(-c2ccc(OCc3ccccc3)cc2)n1,Cc1[nH]c2ccc(OCc3ccccc3)cc2c1-c1cccc(Cl)c1,Cl.NNc1ccc(OCc2ccccc2)cc1.CC(=O)Cc1cccc(Cl)c1.O=S(=O)(O)O.CCO
0,mc_beam,False,False,0.5,22,CC1(C)OB(c2cc(S(=O)(=O)N3CCCCc4ccccc43)c(O)cc2Cl)OC1(C)C,CC1(C)OC(c2cc(S(=O)(=O)N3CCCCc4ccccc43)c(O)cc2Cl)OC1(C)C,O=S(=O)(c1cc(Br)c(Cl)cc1O)N1CCCCc2ccccc21.CC1(C)OB(B2OC(C)(C)C(C)(C)O2)OC1(C)C.CC(=O)[O-].[K+].C1COCCO1
1,mc_beam,False,False,0.9,13,CC(C)(C)[Si](C)(C)n1ccnc1,C#C[C@@H](O[Si](C)(C)C(C)(C)C)C1CCCCC1,c1c[nH]cn1.CC(C)(C)[Si](C)(C)Cl.O.CCCCCC.CN(C)C=O
2,mc_beam,True,True,0.9,27,CCCC(=O)NS(=O)(=O)c1ccc(C(=O)/C=C/c2cc(N3CCCC3)c(OC)cc2OC)cc1,CCCC(=O)NS(=O)(=O)c1ccc(C(=O)/C=C/c2cc(N3CCCC3)c(OC)cc2OC)cc1,COc1cc(OC)c(N2CCCC2)cc1/C=C/C(=O)c1ccc(S(N)(=O)=O)cc1.CCCC(=O)OC(=O)CCC.CCN(CC)CC.CN(C)c1ccncc1.C1CCOC1.CN(C)C=O
3,mc_beam,True,True,0.3,17,C=C(C)C(=O)OCCCCC(F)(F)C(F)(F)S(=O)(=O)[O-],C=C(C)C(=O)OCCCCC(F)(F)C(F)(F)S(=O)(=O)[O-],O=S(=O)([O-])C(F)(F)C(F)(F)CCCCO.[Na+].CC#N.C=C(C)C(=O)OC(=O)C(=C)C.CCN(CC)CC.O
4,mc_beam,True,True,1.0,14,CCOC(=O)Cc1ccc(-c2ccc(-c3onc(C)c3[C@H](O)CSCc3ccccc3)cc2)cc1,CCOC(=O)Cc1ccc(-c2ccc(-c3onc(C)c3[C@H](O)CSCc3ccccc3)cc2)cc1,Cc1noc(-c2ccc(Br)cc2)c1[C@H](O)CSCc1ccccc1.CCOC(=O)Cc1ccc(B2OC(C)(C)C(C)(C)O2)cc1
5,mc_beam,True,True,0.9,17,CC(C)c1noc(N2CCC([C@H]3C[C@H]3CCOc3ccc(-n4cnnn4)cc3)CC2)n1,CC(C)c1noc(N2CCC([C@H]3C[C@H]3CCOc3ccc(-n4cnnn4)cc3)CC2)n1,N#CN1CCC([C@H]2C[C@H]2CCOc2ccc(-n3cnnn3)cc2)CC1.CC(C)C(=N)NO.C1CCOC1.[Cl-].[Zn+2].[Cl-]
6,mc_beam,False,True,0.6,8,O=C1CNc2ncccc2CN1,O=C1CNc2ncc(Br)cc2CN1,O=C1CNc2ncccc2CN1.CC(=O)O.BrBr.CCCCCC
7,mc_beam,False,False,0.4,22,Cc1nc(C)c(-c2ccccc2O)c(N2CCC(C)CC2)c1C(=O)C(=O)OC(C)C,Cc1nc(C)c([C@H](O)C(=O)OC(C)C)c(N2CCC(C)CC2)c1Br,B1Oc2ccccc2O1.Cc1nc(C)c(C(=O)C(=O)OC(C)C)c(N2CCC(C)CC2)c1Br.CB1OC(c2ccccc2)(c2ccccc2)[C@H]2CCCN12.Cc1ccccc1
8,mc_beam,False,False,0.9,14,CCCCCCCCC(=O)Nc1ccc(O)cc1O,O=C(Nc1ccccc1)c1ccc(O)cc1O,Nc1ccc(O)cc1O.CCN(CC)CC.O.CCCCCCCCC(=O)Cl.C1CCOC1
9,mc_beam,False,False,1.0,18,O=C(Nc1ccc2cc(CN3C(=O)c4ccccc4C3=O)cnc2c1F)c1ccc(OCC2CC2)cc1,NCc1cnc2c(F)c(NC(=O)c3ccc(OCC4CC4)cc3)ccc2c1,O.NN.O=C(Nc1ccc2cc(CN3C(=O)c4ccccc4C3=O)cnc2c1F)c1ccc(OCC2CC2)cc1.CCOC(C)=O.CN1CCCC1=O
10,mc_beam,False,False,0.2,22,CCOC(=O)c1nn(-c2ccccc2)c2c1OCCC2,CCOC(=O)C(=NNc1ccccc1)C1=C(C(=O)Nc2ccccc2)OCC1,O=C(Nc1ccccc1)C1=CCCO1.CCOC(=O)C(Cl)=NNc1ccccc1.CCN(CC)CC.CCOC(C)=O
11,mc_beam,False,False,0.2,21,COc1ccc2nc(-c3cccnc3)nc(N3C(=O)C4(OCCO4)c4cc(F)ccc43)c2c1,COc1ccc2nc(-c3cccnc3)nc(Nc3ccc(F)cc3C3(C(=O)O)OCCO3)c2c1,COc1ccc2nc(-c3cccnc3)nc(Cl)c2c1.O=C1Nc2ccc(F)cc2C12OCCO2.[OH-].[K+].O.CS(C)=O
12,mc_beam,True,True,1.0,17,CC(=O)C(C)(C)COS(=O)(=O)c1ccc(C)cc1,CC(=O)C(C)(C)COS(=O)(=O)c1ccc(C)cc1,Cc1ccc(S(=O)(=O)Cl)cc1.CC(=O)C(C)(C)CO.c1ccncc1.Cl.ClC(Cl)Cl
13,mc_beam,True,True,1.0,16,NCc1ccc(Cl)c([N+](=O)[O-])c1,NCc1ccc(Cl)c([N+](=O)[O-])c1,B.C1CCOC1.N#Cc1ccc(Cl)c([N+](=O)[O-])c1.CO.Cl.C1CCOC1
14,mc_beam,False,True,0.7,21,CCCCc1nc2c(N)nc3ccccc3c2n1CCCC(=O)c1ccccc1,CCCCc1nc2c(N)nc3ccccc3c2n1CCCC(=NOC)c1ccccc1,CCCCc1nc2c(N)nc3ccccc3c2n1CCCC(=O)c1ccccc1.Cl.CON
15,mc_beam,False,False,0.7,17,O=[N+]([O-])c1cccc2nc(NC3COc4ccccc43)ccc12,O=S(=O)(Nc1cccc2nc(NC3COc4ccccc43)ccc12)c1ccc(F)cc1,O=[N+]([O-])c1cccc2nc(Cl)ccc12.O=S(=O)(Cl)c1ccc(F)cc1.NC1COc2ccccc21
16,mc_beam,False,False,0.3,27,Cc1cnc(N2CCN(C(=O)c3ccc(N4C(=O)NC(C(C)C)C4=O)nc3)CC2)c(C)c1,Cc1cnc(N2CCN(C(=O)c3ccc(N4C(=O)N(C)C(=O)C4C(C)C)nc3)CC2)c(C)c1,Cc1cnc(N2CCN(C(=O)c3ccc(Br)nc3)CC2)c(C)c1.CC(C)C1NC(=O)N(C)C1=O
17,mc_beam,False,False,1.0,24,COc1ccc(C(c2ccc(F)cc2)C(c2ccccc2)C(F)(F)F)cc1,COc1ccc(C(=C(c2ccccc2)C(F)(F)F)c2ccc(F)cc2)cc1,COc1ccc(C(c2ccc(F)cc2)C(c2ccccc2)C(F)(F)F)cc1.N#CC1=C(C#N)C(=O)C(Cl)=C(Cl)C1=O
18,mc_beam,False,True,0.4,24,NC1(C(=O)NCC(F)(F)F)CC1,O=C(NC1(C(=S)NCC(F)(F)F)CC1)c1ccc(/C=C/C(c2cc(Cl)c(Cl)c(Cl)c2)C(F)(F)F)cc1C(F)(F)F,O=C(NC1(C(=O)NCC(F)(F)F)CC1)c1ccc(/C=C/C(c2cc(Cl)c(Cl)c(Cl)c2)C(F)(F)F)cc1C(F)(F)F.S=P12SP3(=S)SP(=S)(S1)SP(=S)(S2)S3.C[Si](C)(C)O[Si](C)(C)C.ClCCl
19,mc_beam,True,True,0.8,8,N#Cc1ccc(CCc2ncc3ccc(C(=O)O)cc3n2)cc1,N#Cc1ccc(CCc2ncc3ccc(C(=O)O)cc3n2)cc1,COC(=O)c1ccc2cnc(CCc3ccc(C#N)cc3)nc2c1.C1CCOC1.Cl.[OH-].[Li+]
20,mc_beam,False,False,0.6,11,CCc1cc2c3ccccc3ccc2c2ccccc12,CCc1cc2c3ccccc3c(CNC(C)(CO)COS(C)(=O)=O)cc2c2ccccc12,CC(CO)(COS(C)(=O)=O)NCc1cc2c3ccccc3ccc2c2ccccc12.CCc1cc2c3ccccc3c(C=O)cc2c2ccccc12.CC(N)(CO)CO
21,mc_beam,True,True,0.7,24,CCC(O)[C@H]1COC(C)(C)N1C(=O)OC(C)(C)C,CCC(O)[C@H]1COC(C)(C)N1C(=O)OC(C)(C)C,CC(C)(C)OC(=O)N1[C@@H](C=O)COC1(C)C.C[CH2][Mg][Br].C1CCOC1
22,mc_beam,False,False,0.4,23,CCCc1ccncc1,CC(C)N1CCCCC1,C=CC.c1ccncc1.CO.CC(=O)O.[O]=[Pt]=[O]
23,mc_beam,False,False,0.6,25,O=[N+]([O-])c1ccccc1,Nc1nc(-c2ccc([N+](=O)[O-])cc2)cs1,NC(N)=S.CC(=O)[O-].[Na+].O=C(O)CBr.O=[N+]([O-])c1ccccc1.CCO
24,mc_beam,True,True,0.8,15,CC(C)(C)OC(=O)N1CCC(Cc2cc(-c3ccccc3Cl)c3c(c2)N(c2c(Cl)cccc2Cl)C(=O)NC3)CC1,CC(C)(C)OC(=O)N1CCC(Cc2cc(-c3ccccc3Cl)c3c(c2)N(c2c(Cl)cccc2Cl)C(=O)NC3)CC1,CC(C)(C)OC(=O)N1CCC(=Cc2cc(-c3ccccc3Cl)c3c(c2)N(c2c(Cl)cccc2Cl)C(=O)NC3)CC1.CCOC(C)=O.O.[O]=[Pt]=[O]
25,mc_beam,False,False,1.0,19,COC(=O)c1ccc(C)c(NC(=O)CCc2c(Br)cc(OC)cc2Br)c1,COC(=O)c1ccc(C)c(N2C(=O)CCc3c(Br)cc(OC)cc32)c1,COC(=O)c1ccc(C)c(NC(=O)CCc2c(Br)cc(OC)cc2Br)c1.COc1cc(Br)c(CCC(=O)O)c(Br)c1
26,mc_beam,True,True,0.6,14,CON=Cc1cc2cc(OCc3c(Cl)cccc3Cl)ccc2n1CCCc1nnn[nH]1,CON=Cc1cc2cc(OCc3c(Cl)cccc3Cl)ccc2n1CCCc1nnn[nH]1,CON=Cc1cc2cc(OCc3c(Cl)cccc3Cl)ccc2n1CCCC#N.C[Si](C)(C)N=[N+]=[N-].CCC[CH2][Sn](=[O])[CH2]CCC.Cc1ccccc1
27,mc_beam,True,True,1.0,11,Cc1c(CCl)oc2ccc(Br)c(OC(C)C)c12,Cc1c(CCl)oc2ccc(Br)c(OC(C)C)c12,Cc1c(CO)oc2ccc(Br)c(OC(C)C)c12.O=S(Cl)Cl.ClCCl
28,mc_beam,False,False,0.8,20,NC(=O)N1c2ccccc2CC(=O)c2ccccc21,NC(=O)N1c2ccccc2C[C@H](O)c2ccccc21,O=CO.CCN(CC)CC.NC(=O)N1c2ccccc2CC(=O)c2ccccc21.ClCCl.CN(C)C=O
29,mc_beam,True,True,0.7,12,COCOc1ccccc1OCOC,COCOc1ccccc1OCOC,[H-].[Na+].Oc1ccccc1O.COCCl.CN(C)C=O.CCOCC
30,mc_beam,True,True,0.6,23,O=C1C=CC2=CN(S(=O)(=O)c3ccccc3)C=C3CC(NC4CC4)C(=C23)C1,O=C1C=CC2=CN(S(=O)(=O)c3ccccc3)C=C3CC(NC4CC4)C(=C23)C1,O=C1C=CC2=CN(S(=O)(=O)c3ccccc3)C=C3CC(N(C(=O)C(F)(F)F)C4CC4)C(=C23)C1.O.CCO
31,mc_beam,True,True,1.0,11,COC(=O)c1cnc2ccc(OC)nc2c1Br,COC(=O)c1cnc2ccc(OC)nc2c1Br,COc1ccc2ncc(C(=O)O)c(Br)c2n1.O=C([O-])[O-].[K+].[K+].CI.CN(C)C=O
32,mc_beam,True,True,0.7,17,CC1(C)OB(c2cc(F)c(N)cc2F)OC1(C)C,CC1(C)OB(c2cc(F)c(N)cc2F)OC1(C)C,CC(=O)[O-].[K+].CC1(C)OB(B2OC(C)(C)C(C)(C)O2)OC1(C)C.Nc1cc(F)c(Br)cc1F.COCCOC
33,mc_beam,False,False,0.4,21,CCOC(=O)c1cc(C(F)(F)F)sc1N=C(N)c1cccnc1,FC(F)(F)c1cc2c(Cl)nc(-c3cccnc3)nc2s1,N#Cc1cccnc1.CCOC(=O)c1cc(C(F)(F)F)sc1N.O=P(Cl)(Cl)Cl
34,mc_beam,False,False,0.4,14,NCCOCCOCCOCCOCCn1c(=O)[nH][nH]c1=O,[N-]=[N+]=NCCOCCOCCOCCN1C(=O)N=NC1=O,[N-]=[N+]=NCCOCCOCCOCCn1c(=O)[nH][nH]c1=O.ClCCl
35,mc_beam,True,True,0.8,26,N#Cc1ccc(Cc2cn(C(c3ccccc3)(c3ccccc3)c3ccccc3)cn2)cc1,N#Cc1ccc(Cc2cn(C(c3ccccc3)(c3ccccc3)c3ccccc3)cn2)cc1,CC(Br)Br.N#Cc1ccc(CBr)cc1.Ic1cn(C(c2ccccc2)(c2ccccc2)c2ccccc2)cn1.C1CCOC1.[Zn].[Ni].c1ccc(P(c2ccccc2)c2ccccc2)cc1.c1ccc(P(c2ccccc2)c2ccccc2)cc1
36,mc_beam,True,True,1.0,25,CCCCn1c(=O)n(CCCCc2nc(-c3cccc(O)c3)no2)c(=O)c2[nH]c(Cl)nc21,CCCCn1c(=O)n(CCCCc2nc(-c3cccc(O)c3)no2)c(=O)c2[nH]c(Cl)nc21,CCCCn1c(=O)n(CCCCC(=O)OCC)c(=O)c2[nH]c(Cl)nc21.N=C(NO)c1cccc(O)c1.CC[O-].[Na+].CCO
37,mc_beam,True,True,0.7,17,CC(C)(C)OC(=O)N1CCC(c2c[nH]c3ccc(F)cc23)CC1,CC(C)(C)OC(=O)N1CCC(c2c[nH]c3ccc(F)cc23)CC1,Fc1ccc2[nH]cc(C3=CCNCC3)c2c1.CC(C)(C)OC(=O)OC(=O)OC(C)(C)C.[Pd].CO
38,mc_beam,False,False,1.0,16,CCOC(=O)c1cnc(Cl)nc1NCc1ccc(OC)c(Cl)c1,c1cn2c(n1)CNCC2,CCOC(=O)c1cnc(Cl)nc1NCc1ccc(OC)c(Cl)c1.CCN(CC)CC.ClC(Cl)Cl
39,mc_beam,False,True,1.0,18,CN(C)Cc1c[nH]c2ncccc12,c1ccc(N2CCN(Cc3c[nH]c4ncccc34)CC2)nc1,CN(C)Cc1c[nH]c2ncccc12.c1ccc(N2CCNCC2)nc1.Cc1ccccc1
40,mc_beam,False,False,0.8,18,OCC1(c2cccc3ccccc23)CCC(O)CC1,O=C1CCC(CO)(c2cccc3ccccc23)CC1,O=C1CCC(C(=O)O)(c2cccc3ccccc23)CC1.C1CCOC1.[H-].[Al+3].[Li+].[H-].[H-].[H-].[OH-].[Na+].O
41,mc_beam,False,True,0.5,14,CCOC(=O)COc1ccc(C=Cc2cccc(OCC(=O)OCC)c2)cc1,CCOC(=O)COc1ccc(C=O)cc1,CCOC(=O)COc1cccc(C=O)c1.O=Cc1ccc(O)cc1.CCOC(=O)CBr
42,mc_beam,True,True,0.8,15,COc1ccc(C(C)(C)O)nc1Br,COc1ccc(C(C)(C)O)nc1Br,COc1ccc(I)nc1Br.[Li][CH2]CCC.CC(C)=O.O.Cc1ccccc1.CCOC(C)=O
43,mc_beam,False,True,0.3,28,C=CC(=O)OCC(CO)(CCC(C)C)C(C)C,C=CC(=O)OCC(CCC(C)C)(COC(=O)C=C)C(C)C,CC(C)CCC(CO)(CO)C(C)C.C=CC(=O)O.Cc1ccccc1.O=S(=O)(O)O.O
44,mc_beam,False,True,0.9,24,CC(C)(C)CCNCc1cccc(F)c1N1CCC(F)(F)C1,CC(C)(C)CCN=Cc1cccc(F)c1N1CCC(F)(F)C1,O=Cc1cccc(F)c1N1CCC(F)(F)C1.CC(C)(C)CCN.Cc1ccccc1
45,mc_beam,True,True,0.9,13,COCCCC[C@@](O)(c1cccc(Cl)c1F)[C@H]1CNCCO1,COCCCC[C@@](O)(c1cccc(Cl)c1F)[C@H]1CNCCO1,COCCCC[C@@](O)(c1cccc(Cl)c1F)[C@H]1CN(C(=O)OC(C)(C)C)CCO1.[OH-].[Na+].CC#N.Cl
46,mc_beam,True,True,1.0,17,CC(C)Cc1cc(-c2ccc(Cn3cncn3)cc2)c(S(=O)(=O)NC(C)(C)C)s1,CC(C)Cc1cc(-c2ccc(Cn3cncn3)cc2)c(S(=O)(=O)NC(C)(C)C)s1,CC(C)Cc1cc(B(O)O)c(S(=O)(=O)NC(C)(C)C)s1.Brc1ccc(Cn2cncn2)cc1.[OH-].[Na+].Cc1ccccc1.CCO.CC(=O)[O-].CC(=O)[O-].[Pd+2].c1ccc(P(c2ccccc2)c2ccccc2)cc1
47,mc_beam,False,False,0.6,19,CC(=O)Nc1ccc(C2CC(=O)N(C)C(=O)C2)cc1Br,CN1C(=O)CC(c2ccc(N)c(C3=CCCCC3)c2)CC1=O,CN1C(=O)CC(c2ccc(N)c(Br)c2)CC1=O.C1COCCO1.O=P([O-])([O-])[O-].[K+].[K+].[K+].c1ccc(-c2ccccc2P(C2CCCCC2)C2CCCCC2)cc1.Cc1ccccc1.CCOC(C)=O.CC(=O)[O-].CC(=O)[O-].[Pd+2]
48,mc_beam,True,True,0.8,25,CCN(CC)CCNC(=O)c1c(C)[nH]c(C=C2C(=O)Nc3cccc(-c4cccc(OC)c4)c32)c1C,CCN(CC)CCNC(=O)c1c(C)[nH]c(C=C2C(=O)Nc3cccc(-c4cccc(OC)c4)c32)c1C,COc1cccc(-c2cccc3c2CC(=O)N3)c1.CCN(CC)CCNC(=O)c1c(C)[nH]c(C=O)c1C.CCO.C1CCNCC1
49,mc_beam,False,False,0.2,19,C[C@H]1COCCN1c1ccc(-c2nc(C(=O)O)cc(N3CCOC[C@@H]3C)n2)cc1,C[C@H]1COCCN1c1cc(C(=O)O)nc(-c2ccc(NC(=O)NC3CC3)cc2)n1,COC(=O)c1cc(N2CCOC[C@@H]2C)nc(-c2ccc(NC(=O)NC3CC3)cc2)n1.[OH-].[Na+].C1CCOC1.O
50,mc_beam,False,False,0.9,23,CCOC(=O)c1cnn(-c2cccc(-c3cc(F)ccc3C=Cc3ccc(OC)cc3C)n2)c1C(F)(F)F,CCOC(=O)c1cnn(-c2cccc(-c3cc(F)ccc3/C=C/c3ccc(OC)cc3C)n2)c1C(F)(F)F,[H-].[Na+].CCOP(=O)(Cc1ccc(OC)cc1C)OCC.CCOC(=O)c1cnn(-c2cccc(-c3cc(F)ccc3C=O)n2)c1C(F)(F)F.C1CCOC1.O
51,mc_beam,False,False,1.0,11,COCCN(C)c1ncc(C(=O)NC[C@H]2CCCC[C@H]2O)cc1-c1ccc(Cl)cc1,COCCN(C)c1ncc(C(=O)NCC2CCCCC2O)cc1-c1ccc(Cl)cc1,COCCN(C)c1ncc(C(=O)O)cc1-c1ccc(Cl)cc1.Cl.NC[C@H]1CCCC[C@H]1O.CN(C)C(On1nnc2ccccc21)=[N+](C)C.F[B-](F)(F)F.CCN(C(C)C)C(C)C.CC(=O)N(C)C
52,mc_beam,False,True,0.7,23,Cc1nn(C)c(-c2c(F)cccc2Cl)c1N,Cc1nn(C)c(N)c1-c1c(F)cccc1Cl,CC(=O)C(C#N)c1c(F)cccc1Cl.O=S(=O)(O)O.CNN.CC(=O)[O-].[Na+].CCO
53,mc_beam,True,True,0.9,12,CCOC(=O)c1ccc(N)c(Br)c1,CCOC(=O)c1ccc(N)c(Br)c1,CCOC(=O)c1ccc(N)cc1.c1ccncc1.BrBr.O=P(O)(O)O.ClCCl.CCOCC
54,mc_beam,False,False,0.3,29,COc1cncc(-c2cnc(Nc3nc(C)cs3)c3ccc(C)nc23)c1,COc1cncc(-c2cnc(Nc3nc(C)cs3)c3nc(C)ccc23)c1,Cc1ccc2c(I)cnc(Cl)c2n1.COc1cncc(B2OC(C)(C)C(C)(C)O2)c1.Cc1csc(N)n1
55,mc_beam,True,True,0.8,19,Clc1ccc2nc(Cl)n3nccc3c2c1,Clc1ccc2nc(Cl)n3nccc3c2c1,O=c1[nH]c2ccc(Cl)cc2c2ccnn12.CCN(C(C)C)C(C)C.O=P(Cl)(Cl)Cl
56,mc_beam,False,False,0.4,23,C#Cc1c(N[C@@H](C)c2cccc(C#N)c2)ccc(C#N)c1C(F)(F)F,C[C@H](c1cccc(C#N)c1)n1ccc2c(C(F)(F)F)c(C#N)ccc21,C[Si](C)(C)C#Cc1c(F)ccc(C#N)c1C(F)(F)F.C[C@@H](N)c1cccc(C#N)c1.O=C([O-])[O-].[K+].[K+].O=C([O-])O.[Na+].CN1CCCC1=O
57,mc_beam,True,True,0.8,17,O=C(c1cccs1)c1cnn2c(-c3cccc(NCC4CCCCC4)c3)ccnc12,O=C(c1cccs1)c1cnn2c(-c3cccc(NCC4CCCCC4)c3)ccnc12,Nc1cccc(-c2ccnc3c(C(=O)c4cccs4)cnn23)c1.O=CC1CCCCC1
58,mc_beam,True,True,1.0,14,CCOC(=O)C(=O)Nc1cc(OC)nc(Br)n1,CCOC(=O)C(=O)Nc1cc(OC)nc(Br)n1,COc1cc(N)nc(Br)n1.CCN(CC)CC.[Cl-].CCOC(=O)C(=O)[O-].ClCCl
59,mc_beam,False,False,0.5,19,CON=[N+]([O-])c1cnc(-c2ccccc2)nc1,Nc1cnc(-c2ccccc2)nc1N,CC(C)(C)[O-].[K+].Cl.CON.O=[N+]([O-])c1cnc(-c2ccccc2)nc1.[Cl-].[NH4+].CS(C)=O.[Cl-].[Zn+2].[Cl-]
60,mc_beam,False,False,0.9,15,O=[N+]([O-])c1ccc(Cl)cc1Nc1cccc(Cl)c1,O=c1[nH]c2ccc(Cl)cc2n1-c1cccc(Cl)c1,O=[N+]([O-])c1ccc(Cl)cc1Cl.Nc1cccc(Cl)c1.CC(=O)[O-].[Na+].OCCO
61,mc_beam,False,False,0.3,31,C=CC=Nc1ccc(Cl)cn1,OC1CCSC(=S)N1c1ccc(Cl)cn1,C=CC=O.S=C([S-])Nc1ccc(Cl)cn1.CC[NH+](CC)CC.CC#N
62,mc_beam,True,True,0.9,26,O=C1C(=Cc2ccc(Cl)cc2)CCCC1c1ccccc1,O=C1C(=Cc2ccc(Cl)cc2)CCCC1c1ccccc1,O=C1CCCCC1c1ccccc1.O=Cc1ccc(Cl)cc1.[OH-].[Na+].O.CCO
63,mc_beam,True,True,0.3,27,N#Cc1cnc(C(=O)Nc2ccc(F)c([C@]3(CF)C[C@@H](C(F)(F)F)OC(N)=N3)c2)c(Cl)c1,N#Cc1cnc(C(=O)Nc2ccc(F)c([C@]3(CF)C[C@@H](C(F)(F)F)OC(N)=N3)c2)c(Cl)c1,NC1=N[C@](CF)(c2cc(N)ccc2F)C[C@@H](C(F)(F)F)O1.N#Cc1cnc(C(=O)O)c(Cl)c1.[Cl-].COc1nc(OC)nc([N+]2(C)CCOCC2)n1.C1CCOC1.CO
64,mc_beam,False,False,0.3,28,Cc1noc(NC(=O)Oc2ccccc2)c1C,Cc1noc(NC(=O)N2CCC3(CC2)CC(c2noc(-c4ccc(OC(F)(F)F)cc4)n2)CO3)c1C,CC(C)(C)OC(=O)N1CCC2(CC1)CC(C(N)=NO)CO2.CCN(C(C)C)C(C)C.O=C(Cl)c1ccc(OC(F)(F)F)cc1.Cl.C1COCCO1.Cc1noc(NC(=O)Oc2ccccc2)c1C.C1CCOC1.ClCCl.CC#N
65,mc_beam,False,True,0.6,23,CCCN1C(=O)Cc2cc(N3C[C@H](CNC(C)=O)OC3=O)cc(F)c21,CCCN1C(=O)Cc2cc(N3C[C@H](CNC(=O)CC)OC3=O)cc(F)c21,CCC(=O)OC(=O)CC.CCCN1C(=O)Cc2cc(N3C[C@H](CNC(C)=O)OC3=O)cc(F)c21.CCN(C(C)C)C(C)C.ClCCl
66,mc_beam,False,False,0.1,33,COc1ccc(N2CCC(CN3N=C4C(N(C)C)=C(c5ccco5)N=CN4NC3=O)C2)cc1,COc1ccc(N2CCC(CN3C(=O)N(C)N4C5=C(c6ccco6)N=CN(N)C5=NC34)C2)cc1,CN1C(=O)NC2N=C3C(=C(c4ccco4)N=CN3N)N21.CN(C)C=O.O=C([O-])[O-].[K+].[K+].COc1ccc(N2CCC(COS(C)(=O)=O)C2)cc1.O
67,mc_beam,False,True,0.3,19,O=C1OC(CI)CN1c1cccc(F)c1,O=C1OC(CO)CN1c1ccc(I)c(F)c1,O=C1OC(CO)CN1c1cccc(F)c1.O=C1CCC(=O)N1I.O=C(O)C(F)(F)F
68,mc_beam,True,True,0.8,21,Cc1ccc(Sc2ccccn2)c(Nc2ccnc3nc(C)ccc23)c1,Cc1ccc(Sc2ccccn2)c(Nc2ccnc3nc(C)ccc23)c1,Cc1ccc(Sc2ccccn2)c(N)c1.Cc1ccc2c(Cl)ccnc2n1
69,mc_beam,True,True,1.0,19,CCNC1(C(N)=O)CCN(c2cncc(Cl)n2)CC1,CCNC1(C(N)=O)CCN(c2cncc(Cl)n2)CC1,Clc1cncc(Cl)n1.CCNC1(C(N)=O)CCNCC1.O=C([O-])[O-].[K+].[K+].CC#N
70,mc_beam,True,True,1.0,18,CCC(=O)Nc1nc2c(Oc3cc(-c4ccc(C(F)(F)F)cc4)ncn3)cccc2s1,CCC(=O)Nc1nc2c(Oc3cc(-c4ccc(C(F)(F)F)cc4)ncn3)cccc2s1,Nc1nc2c(Oc3cc(-c4ccc(C(F)(F)F)cc4)ncn3)cccc2s1.CCC(=O)Cl.CCN(CC)P1(=NC(C)(C)C)N(C)CCCN1C.CCN(CC)P1(=NC(C)(C)C)N(C)CCCN1Cc1ccccc1.C=Cc1ccccc1.C=Cc1ccc(C=C)cc1.C1CCOC1
71,mc_beam,True,True,0.6,25,CCn1nc(C)c2c1CCN(C(C(=O)NC)c1ccccc1)C2CCc1ccc(C(F)(F)F)cc1,CCn1nc(C)c2c1CCN(C(C(=O)NC)c1ccccc1)C2CCc1ccc(C(F)(F)F)cc1,CCn1nc(C)c2c1CCNC2CCc1ccc(C(F)(F)F)cc1.CCN(C(C)C)C(C)C.CNC(=O)C(OS(=O)(=O)c1ccc(C)cc1)c1ccccc1.CC(C)C(C)C(=O)C(C)C(C)C
72,mc_beam,False,False,1.0,16,Oc1cccc(OCc2ccccc2)c1OCc1ccccc1,c1ccc(COc2cccc(OCc3ccccc3)c2OCc2ccccc2)cc1,BrCc1ccccc1.O=C([O-])[O-].[K+].[K+].Oc1cccc(O)c1O
73,mc_beam,True,True,0.7,19,COc1ccccc1N1CCN(C(=O)N2CCC[C@H](NC(=O)C34CC5CC(C3)C(O)C(C5)C4)C2)CC1,COc1ccccc1N1CCN(C(=O)N2CCC[C@H](NC(=O)C34CC5CC(C3)C(O)C(C5)C4)C2)CC1,[I-].C[n+]1ccn(C(=O)N2CCC[C@H](NC(=O)C34CC5CC(C3)C(O)C(C5)C4)C2)c1.CC#N.COc1ccccc1N1CCNCC1.CCN(CC)CC
74,mc_beam,True,True,1.0,12,CCOC(=O)C(C)(CCCc1ccccc1)C(=O)OCC,CCOC(=O)C(C)(CCCc1ccccc1)C(=O)OCC,CCOC(=O)C(C)C(=O)OCC.BrCCCc1ccccc1.[H-].[Na+]
75,mc_beam,True,True,1.0,14,CCN1C(=O)C(Nc2ccc(N3CCOCC3)cc2)=C(c2ccccc2)S1(=O)=O,CCN1C(=O)C(Nc2ccc(N3CCOCC3)cc2)=C(c2ccccc2)S1(=O)=O,CCN1C(=O)C(Cl)=C(c2ccccc2)S1(=O)=O.Nc1ccc(N2CCOCC2)cc1.CN(C)C=O
76,mc_beam,True,True,0.9,18,O=C(O)COCC(=O)NCCCCCCN1CCC(C(c2ccccc2)c2ccccc2)CC1,O=C(O)COCC(=O)NCCCCCCN1CCC(C(c2ccccc2)c2ccccc2)CC1,O=C([O-])COCC(=O)NCCCCCCN1CCC(C(c2ccccc2)c2ccccc2)CC1.[Na+].[OH-].[Na+].O=C([O-])COCC(=O)[O-].O=C1COCC(=O)O1.O.ClCCl
77,mc_beam,True,True,0.8,22,Clc1cccc2c1CN(C1=NCCS1)C2,Clc1cccc2c1CN(C1=NCCS1)C2,Clc1cccc2c1CNC2.CSC1=NCCS1.O=S(=O)(O)c1ccc2ccccc2c1.ClCCl
78,mc_beam,True,True,1.0,15,CS(=O)(=O)n1ccc2ccc(CC#N)cc21,CS(=O)(=O)n1ccc2ccc(CC#N)cc21,CS(=O)(=O)n1ccc2ccc(CBr)cc21.O.[C-]#N.[Na+].C1COCCO1.CCOC(C)=O
79,mc_beam,False,False,0.5,29,CCN(CC=O)CC(O)(CC)CC,CCN1CC(=O)OC(CC)(CC)C1,O=CC=O.CCNCC(O)(CC)CC.Cc1ccccc1
80,mc_beam,False,True,0.4,26,CN(C)C=Nc1nc(Cl)c(N)c(Cl)n1,CN(C)C=Nc1c(Cl)nc(N)nc1Cl,CN(C)C=Nc1nc(Cl)c(N=CN(C)C)c(Cl)n1.Cl.CO.ClC(Cl)Cl.[OH-].[NH4+].CCO
81,mc_beam,False,True,1.0,15,N#CC(C#N)C(=O)c1ccc(F)cc1,N#CC(C#N)=C(O)c1ccc(F)cc1,N#CCC#N.CCN(CC)CC.O=C(Cl)c1ccc(F)cc1.C1CCOC1.Cc1ccccc1
82,mc_beam,True,True,1.0,13,CS(=O)(=O)c1ccc(-c2sc3cc(O)ccc3c2Oc2ccc(OCCN3CCCCC3)cc2)cc1,CS(=O)(=O)c1ccc(-c2sc3cc(O)ccc3c2Oc2ccc(OCCN3CCCCC3)cc2)cc1,O=C(O)C(F)(F)F.CS(=O)(=O)c1ccc(-c2sc3cc(OCc4ccccc4)ccc3c2Oc2ccc(OCCN3CCCCC3)cc2)cc1.O=C[O-].[NH4+].CO.CCOC(C)=O.[OH-].[Pd+2].[OH-]
83,mc_beam,False,True,0.7,10,CC(=O)SC[C@H]1C[C@@H](O[Si](C)(C)C(C)(C)C)CN1C(=O)OCc1ccc([N+](=O)[O-])cc1,CC(=O)SC[C@@H]1C[C@@H](O[Si](C)(C)C(C)(C)C)CN1C(=O)OCc1ccc([N+](=O)[O-])cc1,CC(C)(C)[Si](C)(C)O[C@@H]1C[C@@H](COS(C)(=O)=O)N(C(=O)OCc2ccc([N+](=O)[O-])cc2)C1.CC([O-])=S.[K+].CN(C)C=O
84,mc_beam,True,True,0.8,19,COc1cc(C(C)C(=O)NCc2cc(C(C)(C)C)nn2-c2cccc(Cl)c2)cnc1NS(C)(=O)=O,COc1cc(C(C)C(=O)NCc2cc(C(C)(C)C)nn2-c2cccc(Cl)c2)cnc1NS(C)(=O)=O,COc1cc(C(C)C(=O)O)cnc1NS(C)(=O)=O.CCN=C=NCCCN(C)C.On1nnc2ccccc21.CC(C)(C)c1cc(CN)n(-c2cccc(Cl)c2)n1.CN(C)C=O
85,mc_beam,True,True,0.3,19,Clc1ccccc1Cn1nnnc1-c1cccnc1,Clc1ccccc1Cn1nnnc1-c1cccnc1,c1cncc(-c2nnn[nH]2)c1.Clc1ccccc1CBr.Br.BrCc1ccncc1.N
86,mc_beam,True,True,1.0,15,CCN(C)c1cc(N[C@H]2CC[C@@H](NC(=O)c3ccc(F)c(Cl)c3)CC2)ncc1C,CCN(C)c1cc(N[C@H]2CC[C@@H](NC(=O)c3ccc(F)c(Cl)c3)CC2)ncc1C,CCN(C)c1cc(N[C@H]2CC[C@@H](N)CC2)ncc1C.O=C(O)c1ccc(F)c(Cl)c1.On1nnc2ccccc21.O.CCN=C=NCCCN(C)C.Cl.O=C([O-])O.[Na+].CN(C)C=O.CCN(CC)CC
87,mc_beam,False,False,0.2,25,O=[N+]([O-])c1cc2ccc3nscc3c2cn1,c1cc2ccc3nnsc3c2cn1,Cl.[Cl-].c1cc2ccc3n[s+]sc3c2cn1.O=S(=O)(O)O.O=N[O-].[Na+].C.O
88,mc_beam,True,True,1.0,8,COC(=O)c1ccc2c(c1)CC[C@H]2NS(=O)(=O)c1ccccc1Cl,COC(=O)c1ccc2c(c1)CC[C@H]2NS(=O)(=O)c1ccccc1Cl,Cl.COC(=O)c1ccc2c(c1)CC[C@H]2N.CCN(CC)CC.O=S(=O)(Cl)c1ccccc1Cl.ClCCl
89,mc_beam,True,True,1.0,15,Fc1ccc(-c2ncccn2)cn1,Fc1ccc(-c2ncccn2)cn1,Fc1ccc(Br)cn1.CCC[CH2][Sn]([CH2]CCC)([CH2]CCC)[c]1ncccn1.[Cl-].[Li+].[Cu][I].c1ccc([P](c2ccccc2)(c2ccccc2)[Pd]([P](c2ccccc2)(c2ccccc2)c2ccccc2)([P](c2ccccc2)(c2ccccc2)c2ccccc2)[P](c2ccccc2)(c2ccccc2)c2ccccc2)cc1.CN(C)C=O
90,mc_beam,False,False,0.4,26,COC(CN(Cc1ccc(F)c(Cl)c1)S(=O)(=O)c1ccc(C)cc1)OC,Fc1cc2ccncc2cc1Cl,[Al+3].[Cl-].[Cl-].[Cl-].COC(CN(Cc1ccc(F)c(Cl)c1)S(=O)(=O)c1ccc(C)cc1)OC.ClCCl
91,mc_beam,False,False,0.6,35,CCC1CN(O)C1=O,C=CCSC1NC(=O)C1CC,[OH-].[Na+].C=CCS.CCC1CN(OC(C)=O)C1=O.O
92,mc_beam,False,False,0.8,32,CCNC(=O)N1CC(NC(=O)Nc2ccc(Oc3ccnc4cc(-c5ccc(CNCCOC)cn5)sc34)c(F)c2)C1,CCNC(=O)N(CCOC)Cc1ccc(-c2cc3nccc(Oc4ccc(NC(=O)NC5CN(C(=O)NCC)C5)cc4F)c3s2)nc1,CCN=C=O.COCCNCc1ccc(-c2cc3nccc(Oc4ccc(NC(=O)NC5CNC5)cc4F)c3s2)nc1.CCN(CC)CC.C1CCOC1
93,mc_beam,True,True,1.0,16,N#Cc1cc(C#N)cc(Oc2ccnc(Oc3cc(Cl)cc(Cl)c3)n2)c1,N#Cc1cc(C#N)cc(Oc2ccnc(Oc3cc(Cl)cc(Cl)c3)n2)c1,N#Cc1cc(C#N)cc(Oc2ccnc(Cl)n2)c1.Oc1cc(Cl)cc(Cl)c1.O=C([O-])[O-].[K+].[K+].CN(C)C=O
94,mc_beam,True,True,0.9,9,COC(=O)c1ccc2nc(-c3ccccc3)c(-c3ccc(C#N)cc3)nc2c1,COC(=O)c1ccc2nc(-c3ccccc3)c(-c3ccc(C#N)cc3)nc2c1,COC(=O)c1ccc2nc(-c3ccccc3)c(Cl)nc2c1.N#Cc1ccc(B(O)O)cc1
95,mc_beam,True,True,0.9,15,COc1ccccc1OCC1CCN(Cc2cccnc2OC)CC1,COc1ccccc1OCC1CCN(Cc2cccnc2OC)CC1,COc1ncccc1CCl.COc1ccccc1OCC1CCNCC1.O=C([O-])[O-].[K+].[K+].CC#N
96,mc_beam,False,False,0.5,14,Cn1cncc1CN1CCN(c2c(Br)cnc(N)c2[N+](=O)[O-])CC1,Cn1cncc1CN1CCN(c2c(Br)cnc3[nH]c(-c4ccc(Cn5cccn5)cc4)nc23)CC1,Cn1cncc1CN1CCN(c2c(Br)cnc(N)c2[N+](=O)[O-])CC1.CCO.O=Cc1ccc(Cn2cccn2)cc1.O=S([O-])S(=O)[O-].[Na+].[Na+].ClCCl.N.CN(C)C=O
97,mc_beam,False,False,0.3,20,CCOC(=O)N(CCOc1ccc(CC(=O)O)cc1)C(=O)OCc1ccccc1,CC(C)(C)OC(=O)Cc1ccc(OCCNC(=O)OCc2ccccc2)cc1,O=C(O)Cc1ccc(OCCNC(=O)OCc2ccccc2)cc1.CCOC(=O)Cl.CCN(CC)CC.CC(C)(C)O.ClC(Cl)Cl
98,mc_beam,False,False,0.2,34,CCCO[C@H]1CC[C@H](N2CCC(n3c(=O)[nH]c4ccc(Br)cc43)CC2)CC1,C=Cc1ccc([N+](=O)[O-])c(NC2CCN([C@H]3CC[C@H](OCCC)CC3)CC2)c1,CCCO[C@H]1CC[C@H](N2CCC(Nc3cc(Br)ccc3[N+](=O)[O-])CC2)CC1.CCCC[C]([Sn])=C(CCCC)CCCC.c1ccc(P(c2ccccc2)c2ccccc2)cc1.Cc1ccccc1.[Pd]
99,mc_beam,True,True,0.6,21,Clc1ccccc1Oc1nc(Nc2cc[nH]n2)cc2ccccc12,Clc1ccccc1Oc1nc(Nc2cc[nH]n2)cc2ccccc12,Clc1nc(Nc2cc[nH]n2)cc2ccccc12.Oc1ccccc1Cl
100,mc_beam,False,True,0.2,29,CCCCCCCCCCCCCCCC(=O)OCC1COC(C)(C)O1,CCCCCCCCCCCCCCCC(=O)OCC(O)CO,CC1(C)OCC(CO)O1.CCCCCCCCCCCCCCCC(=O)O
101,mc_beam,False,False,0.9,24,N#Cc1cccnc1NC(=O)c1ccccn1,Nc1ncccc1C(=O)c1ccccn1,N#Cc1cccnc1N.Brc1ccccn1.O=C=O.CC#N.[Li][CH2]CCC.C1CCOC1
102,mc_beam,True,True,0.9,19,COc1cc2nccc(Oc3ccc(NC(=O)NC(C)c4ncc(C)s4)cc3F)c2cc1OC,COc1cc2nccc(Oc3ccc(NC(=O)NC(C)c4ncc(C)s4)cc3F)c2cc1OC,COc1cc2nccc(Oc3ccc(N)cc3F)c2cc1OC.CCN(CC)CC.O=C(OC(Cl)(Cl)Cl)OC(Cl)(Cl)Cl.Cc1cnc(C(C)N)s1.ClC(Cl)Cl
103,mc_beam,False,False,0.6,16,CCCCCCCCCCCCC(=O)[O-],Cc1oc(-c2ccccc2)nc1CCC(=O)O,[OH-].[K+].CCCCCCCCCCCC#N.CCO.O
104,mc_beam,True,True,0.6,17,CCCCCCCCCCC(N)C(=O)OC(C)C,CCCCCCCCCCC(N)C(=O)OC(C)C,O=S(Cl)Cl.CCCCCCCCCCC(N)C(=O)O.CC(C)O
105,mc_beam,False,True,0.3,20,CC(=O)N(c1ccc(Cl)cc1)[C@@H]1C[C@@H](C)N(C(=O)c2ccc(OCc3cccc(C(=O)O)c3)cc2)c2ccccc21,CC(=O)N(c1ccc(Cl)cc1)[C@@H]1C[C@H](C)N(C(=O)c2ccc(OCc3cccc(C(=O)O)c3)cc2)c2ccccc21,COC(=O)c1cccc(COc2ccc(C(=O)N3c4ccccc4[C@H](N(C(C)=O)c4ccc(Cl)cc4)C[C@@H]3C)cc2)c1.[Li+].[OH-].CO.C1CCOC1
106,mc_beam,False,True,0.9,17,Cc1cc(S(=O)(=O)c2cccc(F)c2)ccc1C1CCN(CC(=O)O)C1,Cc1cc(S(=O)(=O)c2cccc(F)c2)ccc1C1CCN(CCO)C1,[Li].COC(=O)CN1CCC(c2ccc(S(=O)(=O)c3cccc(F)c3)cc2C)C1.O.C1CCOC1
107,mc_beam,True,True,1.0,18,COc1ccc2nc(-c3ccc(C)c(NC(=O)C(C)(C)C)c3)c(Cl)n2n1,COc1ccc2nc(-c3ccc(C)c(NC(=O)C(C)(C)C)c3)c(Cl)n2n1,COc1ccc2nc(-c3ccc(C)c(N)c3)c(Cl)n2n1.c1ccncc1.CC(C)(C)C(=O)Cl.CC#N
108,mc_beam,True,True,1.0,10,Cc1cc(O)nc(SCc2c(Cl)ccnc2C(C)C)n1,Cc1cc(O)nc(SCc2c(Cl)ccnc2C(C)C)n1,Cc1cc(O)nc(S)n1.O=C([O-])[O-].[K+].[K+].CC(C)c1nccc(Cl)c1CBr.CN(C)C=O
109,mc_beam,False,True,0.4,17,CN(C)C(=O)Cn1c(=O)n(C2CCN(C(=O)c3c[nH]c4cc(Cl)ccc34)CC2)c2ccccc21,CN(C)C(=O)Cn1cc(C(=O)N2CCC(n3c(=O)[nH]c4ccccc43)CC2)c2ccc(Cl)cc21,O=C(c1c[nH]c2cc(Cl)ccc12)N1CCC(n2c(=O)[nH]c3ccccc32)CC1.[H-].[Na+].CN(C)C(=O)CCl.CN(C)C=O
110,mc_beam,True,True,1.0,15,CCn1cnc(CCl)c1,CCn1cnc(CCl)c1,CCn1cnc(CO)c1.O=S(Cl)Cl.C1CCOC1
111,mc_beam,False,True,1.0,15,CC[C@@H]1C[C@H](N(Cc2cc(C(F)(F)F)cc(C(F)(F)F)c2)c2nnn(C)n2)c2nc(C(F)(F)F)ccc2N1,CC[C@@H]1C[C@H](N(Cc2cc(C(F)(F)F)cc(C(F)(F)F)c2)c2nnn(C)n2)c2nc(C(F)(F)F)ccc2N1C(=O)OCCO,CC[C@@H]1C[C@H](N(Cc2cc(C(F)(F)F)cc(C(F)(F)F)c2)c2nnn(C)n2)c2nc(C(F)(F)F)ccc2N1C(=O)OCCOCc1ccccc1.CO.[Pd]
112,mc_beam,True,True,1.0,16,CC(C)(C)OC(=O)N[C@H](C(=O)N1CCC(Oc2ccc(F)cc2)CC1)C(C)(C)O,CC(C)(C)OC(=O)N[C@H](C(=O)N1CCC(Oc2ccc(F)cc2)CC1)C(C)(C)O,Cl.CCN=C=NCCCN(C)C.O.On1nnc2ccccc21.CN1CCOCC1.Cl.Fc1ccc(OC2CCNCC2)cc1.CC(C)(C)OC(=O)N[C@H](C(=O)O)C(C)(C)O.ClCCl
113,mc_beam,False,False,0.6,15,ICc1cc(OCc2ccccc2)ccn1,NCc1cc(OCc2ccccc2)ccn1,C1N2CN3CN1CN(C2)C3.[I-].[Na+].ClCc1cc(OCc2ccccc2)ccn1.Cl.ClCCl.CO.CCOCC
114,mc_beam,False,True,1.0,12,CC(CN1CCN(c2ccc(C(F)(F)F)cc2)CC1)C(=O)O,CC(CN1CCN(c2ccc(C(F)(F)F)cc2)CC1)C(=O)[O-],COC(=O)C(C)CN1CCN(c2ccc(C(F)(F)F)cc2)CC1.[OH-].[Li+].C1CCOC1.O.CC#N
115,mc_beam,False,False,0.7,29,CCN(C(=O)CN1CCCC1=O)c1cn(-c2cccnc2)nc1Cl,CCN(C(=O)CC1CCN([Si](C)(C)C(C)(C)C)C1=O)c1cn(-c2cccnc2)nc1Cl,CCN(C(C)C)C(C)C.CC(C)(C)[Si](C)(C)N1CCCC1=O.CCN(C(=O)CCl)c1cn(-c2cccnc2)nc1Cl.C1CCOC1
116,mc_beam,False,False,0.8,24,CC(C)OC(=O)Nc1cc(F)c(/C=C/COC(=O)C=[N+]=[N-])c(F)c1,CC(C)OC(=O)Nc1cc(F)c([C@@H]2[C@H]3COC(=O)[C@H]32)c(F)c1,CC(C)OC(=O)Nc1cc(F)c(/C=C/COC(=O)C=[N+]=[N-])c(F)c1.Cc1ccccc1.ClCCl.Cc1ccccc1.[Cu+2]
117,mc_beam,True,True,1.0,14,CC(=O)Nc1ccc(-c2ccc(N3CCCN(C(C)C)CC3)nn2)cc1,CC(=O)Nc1ccc(-c2ccc(N3CCCN(C(C)C)CC3)nn2)cc1,CC(C)N1CCCN(c2ccc(Cl)nn2)CC1.CC(=O)Nc1ccc(B(O)O)cc1
118,mc_beam,False,False,0.6,22,Cc1cc(OCc2ccc(-c3ccccc3C(=O)O)cc2)c2ccccc2n1,CC1=Nc2ccccc2C(=O)C1,Cl.Cc1cc(OCc2ccc(-c3ccccc3C(=O)O)cc2)c2ccccc2n1.CS(C)=O.O=[N+]([O-])c1cccc(CO)c1.COC(=O)c1ccccc1-c1ccc(COc2cc(C)nc3ccccc23)cc1
119,mc_beam,True,True,1.0,10,CNC(=O)C[C@@H]1CSC(c2cc3cc(Cl)cc(NC4CCCC4)c3[nH]2)=N1,CNC(=O)C[C@@H]1CSC(c2cc3cc(Cl)cc(NC4CCCC4)c3[nH]2)=N1,O=C(O)C[C@@H]1CSC(c2cc3cc(Cl)cc(NC4CCCC4)c3[nH]2)=N1.CN
120,mc_beam,True,True,1.0,11,COC(=O)c1cc([N+](=O)[O-])cc2c(NCc3ccc(Cl)c(C(F)(F)F)c3)ncnc12,COC(=O)c1cc([N+](=O)[O-])cc2c(NCc3ccc(Cl)c(C(F)(F)F)c3)ncnc12,COC(=O)c1cc([N+](=O)[O-])cc2c(=O)[nH]cnc12.O=P(Cl)(Cl)Cl.CCN(C(C)C)C(C)C.NCc1ccc(Cl)c(C(F)(F)F)c1.ClCCCl
121,mc_beam,False,False,1.0,16,Cc1cccc(C(=O)Nc2nc3ccccc3c(NCc3ccccc3)c2C#N)c1,Cc1cccc(C(=O)N(C(=O)c2cccc(C)c2)c2nc3ccccc3c(NCc3ccccc3)c2C#N)c1,N#Cc1c(N)nc2ccccc2c1NCc1ccccc1.Cc1cccc(C(=O)Cl)c1.c1ccncc1
122,mc_beam,True,True,0.9,22,C#CCCCOc1c(C)cc(C#N)cc1C,C#CCCCOc1c(C)cc(C#N)cc1C,Cc1cc(C#N)cc(C)c1O.C#CCCCCl
123,mc_beam,False,False,0.6,19,CC(=O)OC(COCCN1CCN(C)CC1)c1cccc(Cl)c1,CN1CCN(CCOCC(O)c2cccc(Cl)c2)CC1,CC(=O)OC(COCCOS(C)(=O)=O)c1cccc(Cl)c1.CN1CCNCC1.O=C([O-])[O-].[K+].[K+].C[O-].[Na+].CN(C)C=O.O.CCOC(C)=O.CO.CCOCC
124,mc_beam,True,True,0.7,26,CN1CCC(CCOc2nc(C#N)nc(NCC3CCC4(CC3)CC4)c2C(=O)NCc2ccccc2)CC1,CN1CCC(CCOc2nc(C#N)nc(NCC3CCC4(CC3)CC4)c2C(=O)NCc2ccccc2)CC1,N#Cc1nc(NCC2CCC3(CC2)CC3)c(C(=O)NCc2ccccc2)c(OCCC2CCNCC2)n1.C=O.[BH3-]C#N.[Na+].C1CCOC1
125,mc_beam,True,True,0.9,26,C[Si](C)(C)C#Cc1cc(Br)c(Cl)c(F)c1N,C[Si](C)(C)C#Cc1cc(Br)c(Cl)c(F)c1N,Nc1c(I)cc(Br)c(Cl)c1F.C#C[Si](C)(C)C.CCN(CC)CC.CC#N.[Cl][Pd]([Cl])([P](c1ccccc1)(c1ccccc1)c1ccccc1)[P](c1ccccc1)(c1ccccc1)c1ccccc1.[Cu][I]
126,mc_beam,True,True,0.5,12,O=[N+]([O-])c1c(CO)cccc1CO,O=[N+]([O-])c1c(CO)cccc1CO,O=C(O)c1cccc(C(=O)O)c1[N+](=O)[O-].B.CO.C1CCOC1
127,mc_beam,True,True,0.5,21,CC(C)C(NC(=O)c1ncc(-c2ccc(NC(=O)c3ccc(C(C)(C)C#N)cc3)cc2)s1)C(=O)O,CC(C)C(NC(=O)c1ncc(-c2ccc(NC(=O)c3ccc(C(C)(C)C#N)cc3)cc2)s1)C(=O)O,COC(=O)C(NC(=O)c1ncc(-c2ccc(NC(=O)c3ccc(C(C)(C)C#N)cc3)cc2)s1)C(C)C.C1CCOC1.CO.O.[OH-].[Li+]
128,mc_beam,False,False,0.6,13,c1ccc(-c2ccccc2)cc1,O=C1COCc2cc(-c3ccccc3)ccc21,OB(O)Oc1ccccc1.O=C([O-])[O-].[Na+].[Na+].Cc1ccccc1.CCO.[Br-].CCCC[N+](CCCC)(CCCC)CCCC.c1ccc([P](c2ccccc2)(c2ccccc2)[Pd]([P](c2ccccc2)(c2ccccc2)c2ccccc2)([P](c2ccccc2)(c2ccccc2)c2ccccc2)[P](c2ccccc2)(c2ccccc2)c2ccccc2)cc1
129,mc_beam,True,True,1.0,24,COc1ccccc1-n1nc(C(C)(C)C)cc1NC(=O)Cc1ccc(-n2cnc3cccnc32)cc1,COc1ccccc1-n1nc(C(C)(C)C)cc1NC(=O)Cc1ccc(-n2cnc3cccnc32)cc1,O=C(O)Cc1ccc(-n2cnc3cccnc32)cc1.COc1ccccc1-n1nc(C(C)(C)C)cc1N
130,mc_beam,False,True,0.3,9,COCOc1cc(OC)c(OC)c(OC)c1C=O,COCOc1c(C=O)c(OC)c(OC)c(OC)c1OC,COCOc1cc(OC)c(OC)c(OC)c1OC.[Li][CH2]CCC.CN(C)C=O.O.CCOCC
131,mc_beam,False,False,0.8,21,O=C(Nc1cccc(C(=O)NNC2CC2)n1)OCc1ccccc1,O=C(Nc1cccc(-c2nncn2C2CC2)n1)OCc1ccccc1,NNC(=O)c1cccc(NC(=O)OCc2ccccc2)n1.O=CNC1CC1.NC1CC1.O=C(O)C(F)(F)F.Cc1ccccc1
132,mc_beam,False,True,0.8,17,CC1(C)OB(c2ccc(OC(F)F)c(Cl)c2)OC1(C)C,Oc1ccc(OC(F)F)c(Cl)c1,CC1(C)OB(c2ccc(OC(F)F)c(Cl)c2)OC1(C)C.O=S([O-])OO.[K+].CC(C)=O
133,mc_beam,True,True,0.6,18,COCCOc1ccc(CCCO)c(OCc2ccc(C(F)(F)F)cc2)c1,COCCOc1ccc(CCCO)c(OCc2ccc(C(F)(F)F)cc2)c1,CCOC(=O)CCc1ccc(OCCOC)cc1OCc1ccc(C(F)(F)F)cc1.[H-].[Al+3].[Li+].[H-].[H-].[H-].O.O.O.O.O.O.O.O.O.O.O=S(=O)([O-])[O-].[Na+].[Na+].C1CCOC1
134,mc_beam,True,True,1.0,24,CCC(=O)Nc1cc(-n2cccn2)nc(-c2ccc(Br)o2)n1,CCC(=O)Nc1cc(-n2cccn2)nc(-c2ccc(Br)o2)n1,Nc1cc(-n2cccn2)nc(-c2ccc(Br)o2)n1.CCC(=O)OC(=O)CC
135,mc_beam,False,False,0.8,23,c1ccc2c(c1)COc1ccccc1N2,c1cc(CCN2CC[C@@H](N3c4ccccc4COc4ccccc43)C2)cc(N2CCCC2)c1,[H-].[Na+].c1ccc2c(c1)COc1ccccc1N2.CS(=O)(=O)O[C@H]1CCN(CCc2ccc(N3CCCC3)cc2)C1.[Cl-].[Na+].CCCCCC.CS(C)=O.CCOC(C)=O
136,mc_beam,True,True,0.5,21,Cc1nccn1CCCC(=NOCCN)c1ccccc1,Cc1nccn1CCCC(=NOCCN)c1ccccc1,Cc1nccn1CCCC(=O)c1ccccc1.Cl.Cl.NCCON.c1ccncc1.CCO
137,mc_beam,False,False,1.0,22,CCOC(=O)C(Cc1nc(-c2ccc(C)cc2)c(-c2ccc(C)cc2)n1C)c1cccc(C)c1,COC(=O)C(Cc1nc(-c2ccc(C)cc2)c(-c2ccc(C)cc2)n1C)c1cccc(C)c1,CCOC(=O)C(Cc1nc(-c2ccc(C)cc2)c(-c2ccc(C)cc2)[nH]1)c1cccc(C)c1.CI.O=C([O-])[O-].[K+].[K+].CN(C)C=O
138,mc_beam,False,True,0.9,21,COC(CN(CC(=O)O)C(=O)O)OC,COC(CNCC(=O)O)OC,COC(CN(CC(=O)O)C(=O)OCc1ccccc1)OC.C1CCOC1.[Pd]
139,mc_beam,False,False,0.3,12,N#CCn1oc(=O)nc1-c1cc(C(F)(F)F)ccn1,N#CCn1c(-c2cc(C(F)(F)F)ccn2)noc1=O,[H-].[Na+].O=c1nc(-c2cc(C(F)(F)F)ccn2)[nH]o1.N#CCBr.[Cl-].[NH4+].CN(C)C=O
140,mc_beam,False,False,1.0,16,COc1ccc(C(=O)C2CCN([C@@H]3CCN(CC(=N)N)C3=O)CC2)cc1C,COc1ccc(C(=O)C2CCN([C@@H]3CCN(Cc4nc5ccccc(=O)c5[nH]4)C3=O)CC2)cc1C,COc1ccc(C(=O)C2CCN([C@@H]3CCN(CC(=N)N)C3=O)CC2)cc1C.O=C(O)C(F)(F)F.CC#N.O
141,mc_beam,False,True,0.5,24,O=C1COC(c2ccc(O)cc2C(F)(F)F)CN1Cc1ccccc1,Oc1ccc(C2CN(Cc3ccccc3)CCO2)c(C(F)(F)F)c1,O=C1COC(c2ccc(O)cc2C(F)(F)F)CN1Cc1ccccc1.B.C1CCOC1.Cl.C1CCOC1
142,mc_beam,False,False,0.4,17,COc1ccc2c(c1)CC[C@@H]1[C@@H]2CC[C@]2(C)[C@@H](OC)CC[C@@H]12,CO[C@H]1CC[C@H]2[C@@H]3CCc4cc(O)c(C=O)cc4[C@H]3CC[C@]12C,[Mg].CCBr.CO[C@H]1CC[C@H]2[C@@H]3CCc4cc(O)ccc4[C@H]3CC[C@]12C.CN(C)P(=O)(N(C)C)N(C)C.C=O.Cl.C1CCOC1.c1ccccc1
143,mc_beam,True,True,0.7,17,O=C=NC(=O)c1c(F)cccc1F,O=C=NC(=O)c1c(F)cccc1F,NC(=O)c1c(F)cccc1F.O=C(Cl)C(=O)Cl.CC(Cl)Cl
144,mc_beam,True,True,0.4,18,C[C@@H](n1ccn(-c2ccc(OCC(F)(F)C(F)F)cc2)c1=O)[C@](O)(COS(C)(=O)=O)c1ccccc1F,C[C@@H](n1ccn(-c2ccc(OCC(F)(F)C(F)F)cc2)c1=O)[C@](O)(COS(C)(=O)=O)c1ccccc1F,C[C@@H](n1ccn(-c2ccc(OCC(F)(F)C(F)F)cc2)c1=O)[C@](O)(CO)c1ccccc1F.CS(=O)(=O)Cl.CCN(CC)CC.CCOC(C)=O
145,mc_beam,False,False,0.2,22,COc1ccc2c(c1/C=C\CCN1CCN(C(=O)OC(C)(C)C)CC1)O/C(=C/c1n[nH]c3ccccc13)C2=O,COc1ccc2c(c1/C=C\CCN1CCN(C(=O)OC(C)(C)C)CC1)O/C(=C\c1n[nH]c3ccccc13)C2=O,COc1ccc2c(c1/C=C\CCN1CCN(C(=O)OC(C)(C)C)CC1)OCC2=O.O=Cc1n[nH]c2ccccc12.CO.C1CCNCC1
146,mc_beam,True,True,1.0,16,Nc1cn(-c2cccnc2)nc1Cl,Nc1cn(-c2cccnc2)nc1Cl,O=[N+]([O-])c1cn(-c2cccnc2)nc1Cl.[OH-].[K+].CC(=O)O.CCO.O.[Fe]
147,mc_beam,False,False,0.2,27,CCOC(=O)c1cc(-c2ccc(C)c(F)c2)n[nH]c1=O,Cc1ccc(-c2cc(C(=O)O)c(=O)[nH]n2)cc1F,CCOC(=O)C(O)(CC(=O)c1ccc(C)c(F)c1)C(=O)OCC.O.NN.[OH-].[Na+].Cl
148,mc_beam,False,True,0.4,14,Nc1cc(Br)cc(F)c1C(=O)O,Nc1ccc(Br)c(F)c1C(=O)O,Nc1cccc(F)c1C(=O)O.BrBr.CO
149,mc_beam,False,False,0.8,22,O=S(=O)(CCCl)Nc1ncccc1-c1ccc(Oc2cccc(C(F)(F)F)c2)cc1,O=S1(=O)CCN2C=CC=C(c3ccc(Oc4cccc(C(F)(F)F)c4)cc3)C2=N1,[H-].[Na+].O=S(=O)(Cl)CCCl.Nc1ncccc1-c1ccc(Oc2cccc(C(F)(F)F)c2)cc1.C1CCOC1
150,mc_beam,False,False,0.5,11,Cc1cc(C#N)ccc1O,COc1ccc(C(=N)O)cc1C,COc1ccc(C#N)cc1C.Cl.CO.CCOCC
151,mc_beam,True,True,1.0,18,COc1ccc([N+](=O)[O-])c(N(C)C(=O)OC(C)(C)C)c1,COc1ccc([N+](=O)[O-])c(N(C)C(=O)OC(C)(C)C)c1,COc1ccc([N+](=O)[O-])c(NC(=O)OC(C)(C)C)c1.[H-].[Na+].CI.CN(C)C=O
152,mc_beam,False,False,0.3,18,O=C(O)c1ncn2c1N1CCN=C1c1ccccc1-2,c1ccc2c(c1)C1=NCCN1c1c(-c3nc(C4CC4)no3)ncn1-2,CCOC(=O)c1ncn2c1N1CCN=C1c1ccccc1-2.NC(=NO)C1CC1.[H-].[Na+].[OH-].[Na+].CN(C)C=O.O.CCO.ClCCl
153,mc_beam,True,True,1.0,23,COCCNc1nc(C)nc(-c2cc(Cl)cnc2F)n1,COCCNc1nc(C)nc(-c2cc(Cl)cnc2F)n1,COCCNc1nc(C)nc(Cl)n1.OB(O)c1cc(Cl)cnc1F.CC(=O)[O-].[K+].C1COCCO1.[Cl][Pd][Cl]
154,mc_beam,True,True,0.8,17,CC(C)(C)OC(=O)N(CCc1ccccn1)c1ccc(NC(=O)c2ccccc2-c2ccc(C(C)(C)O)cc2)cc1,CC(C)(C)OC(=O)N(CCc1ccccn1)c1ccc(NC(=O)c2ccccc2-c2ccc(C(C)(C)O)cc2)cc1,CC(=O)c1ccc(-c2ccccc2C(=O)Nc2ccc(N(CCc3ccccn3)C(=O)OC(C)(C)C)cc2)cc1.[CH3][Mg][Br].C1CCOC1.CCCCOCCCC
155,mc_beam,True,True,0.5,23,c1ccc(C2SC3(CCNCC3)c3ccccc32)cc1,c1ccc(C2SC3(CCNCC3)c3ccccc32)cc1,O=C(Oc1ccccc1)N1CCC2(CC1)SC(c1ccccc1)c1ccccc12.[OH-].[K+].OCCO.O
156,mc_beam,True,True,1.0,18,COc1cnccc1NS(=O)(=O)c1ccc(Cl)c(Cl)c1,COc1cnccc1NS(=O)(=O)c1ccc(Cl)c(Cl)c1,O=S(=O)(Cl)c1ccc(Cl)c(Cl)c1.COc1cnccc1N.O.ClCCl.[OH-].[Na+].CO
157,mc_beam,True,True,1.0,13,COC(=O)[C@@H](N)[C@H](C)c1ccc(Cl)c(Cl)c1,COC(=O)[C@@H](N)[C@H](C)c1ccc(Cl)c(Cl)c1,COC(=O)[C@@H](N=[N+]=[N-])[C@H](C)c1ccc(Cl)c(Cl)c1.CCOC(C)=O.[Pd].CC(=O)[O-].CC(=O)[O-].[Pb+2]
158,mc_beam,True,True,0.9,22,COc1cccc(OC)c1C1CCCC(=O)N1Cc1cc(-c2ccccn2)ccc1F,COc1cccc(OC)c1C1CCCC(=O)N1Cc1cc(-c2ccccn2)ccc1F,COC(=O)CCCC(N)c1c(OC)cccc1OC.O=Cc1cc(-c2ccccn2)ccc1F
159,mc_beam,True,True,0.9,11,C[C@H](NC(=O)c1cnc(N)s1)C1CCCCC1,C[C@H](NC(=O)c1cnc(N)s1)C1CCCCC1,Cl.Nc1ncc(C(=O)O)s1.On1nnc2ccccc21.CCN=C=NCCCN(C)C.C[C@H](N)C1CCCCC1.O=C([O-])O.[Na+].CCN(CC)CC.CN(C)C=O
160,mc_beam,True,True,1.0,10,O=C(O)CSc1nc(-c2ccc(Cl)cc2)no1,O=C(O)CSc1nc(-c2ccc(Cl)cc2)no1,Sc1nc(-c2ccc(Cl)cc2)no1.O=C(O)CCl.O=C([O-])[O-].[K+].[K+].O
161,mc_beam,True,True,0.7,28,CC(C)CNc1cc(NC(=O)OC(C)(C)C)c(NC(=O)CC(=O)c2cccc(-n3ccnc3)c2)cc1Cl,CC(C)CNc1cc(NC(=O)OC(C)(C)C)c(NC(=O)CC(=O)c2cccc(-n3ccnc3)c2)cc1Cl,CC(C)CNc1cc(NC(=O)OC(C)(C)C)c(N)cc1Cl.CC(C)(C)OC(=O)CC(=O)c1cccc(-n2ccnc2)c1
162,mc_beam,True,True,0.2,11,COC(=O)C1Cc2cc(Nc3ncc(F)c(Nc4cc5c(F)c(F)c4OCO5)n3)ccc2O1,COC(=O)C1Cc2cc(Nc3ncc(F)c(Nc4cc5c(F)c(F)c4OCO5)n3)ccc2O1,COC(=O)C1Cc2cc(N)ccc2O1.Fc1cnc(Cl)nc1Nc1cc2c(F)c(F)c1OCO2
163,mc_beam,False,False,0.6,38,CCc1cc(-c2ccc(Cl)cc2)cc(CC)c1O,CCc1cc(-c2ccc(Cl)cc2)cc(CC)c1C1C(=O)[C@@H]2CC[C@@](C)(O2)C1=O,C[C@]12CC[C@H](O1)C(=O)CC2=O.ClC(Cl)Cl.CC(=O)[O-].CC(=O)[O-].CC(=O)[O-].CCc1cc(-c2ccc(Cl)cc2)cc(CC)[c]1[Pb+3].Cl.Cc1ccccc1
164,mc_beam,False,False,0.5,16,NS(=O)(=O)c1cc(C(=O)O)cc([N+](=O)[O-])c1Oc1ccccc1,Nc1cc(C(=O)O)cc(S(N)(=O)=O)c1Oc1cccc(C(F)(F)F)c1,NS(=O)(=O)c1cc(C(=O)O)cc([N+](=O)[O-])c1Oc1cccc(C(F)(F)F)c1.NS(=O)(=O)c1cc(C(=O)O)cc([N+](=O)[O-])c1Oc1ccccc1
165,mc_beam,True,True,1.0,15,NS(=O)(=O)c1ccc(-c2cn(-c3nc(-c4ccc(F)cc4)cc(C(F)(F)F)n3)cn2)s1,NS(=O)(=O)c1ccc(-c2cn(-c3nc(-c4ccc(F)cc4)cc(C(F)(F)F)n3)cn2)s1,CC(C)(C)NS(=O)(=O)c1ccc(-c2cn(-c3nc(-c4ccc(F)cc4)cc(C(F)(F)F)n3)cn2)s1.O=C(O)C(F)(F)F.ClCCl
166,mc_beam,True,True,1.0,11,CC(C)N1CCN(c2ccc([N+](=O)[O-])cc2C#N)CC1,CC(C)N1CCN(c2ccc([N+](=O)[O-])cc2C#N)CC1,N#Cc1cc([N+](=O)[O-])ccc1F.CC(C)N1CCNCC1.O=C([O-])[O-].[K+].[K+].CN(C)C=O
167,mc_beam,False,False,0.1,15,CCOC(=O)c1cn(C)c2cnc3c(F)c(N4CCN(c5ccc(C)c(F)c5)CC4)c(F)cc3c2c1=O,CCOC(=O)c1cn(C)c2cnc3c(F)c(Cl)c(N4CCN(c5ccc(C)c(F)c5)CC4)cc3c2c1=O,CCOC(=O)c1cn(C)c2cnc3c(F)c(Cl)c(F)cc3c2c1=O.Cc1ccc(N2CCNCC2)cc1F.CS(C)=O
168,mc_beam,True,True,1.0,16,Cc1ccc2cc(CN3C(=O)c4ccccc4C3=O)ccc2n1,Cc1ccc2cc(CN3C(=O)c4ccccc4C3=O)ccc2n1,Cc1ccc2cc(CBr)ccc2n1.O=C1NC(=O)c2ccccc21.[K].CN(C)C=O
169,mc_beam,True,True,0.9,20,Cc1nnc2n1-c1sc(C#CCN3C(=O)c4ccccc4S3(=O)=O)cc1C(c1ccccc1Cl)=NC2,Cc1nnc2n1-c1sc(C#CCN3C(=O)c4ccccc4S3(=O)=O)cc1C(c1ccccc1Cl)=NC2,Cc1nnc2n1-c1sc(I)cc1C(c1ccccc1Cl)=NC2.C#CCN1C(=O)c2ccccc2S1(=O)=O
170,mc_beam,True,True,0.8,26,C[Si](C)(C)CC[Si](C)(C)CCCOCC(O)CNCC1CCCO1,C[Si](C)(C)CC[Si](C)(C)CCCOCC(O)CNCC1CCCO1,NCC1CCCO1.C[Si](C)(C)CC[Si](C)(C)CCCOCC1CO1.CCO
171,mc_beam,False,False,0.4,25,Cc1nc(C)c(C(=O)O)cc1O,COC(=O)c1cc(OC(C)=O)c(C)nc1C(=O)NC(C)(C(N)=O)C(C)C,Cl.CC(=O)Oc1cc(C(=O)O)c(C(=O)NC(C)(C(N)=O)C(C)C)nc1C.CO
172,mc_beam,False,False,1.0,13,CONC(=O)c1ccccc1F,CON(O)C(=O)c1ccccc1F,Cl.CON.O=C([O-])[O-].[K+].[K+].O=C(Cl)c1ccccc1F.O.ClCCl
173,mc_beam,True,True,1.0,15,COc1ccc(CN2C(=O)c3ccccc3C2=O)cc1,COc1ccc(CN2C(=O)c3ccccc3C2=O)cc1,COc1ccc(CCl)cc1.[K].O=C1NC(=O)c2ccccc21.CN(C)C=O
174,mc_beam,True,True,1.0,17,CC(C)(C)[Si](OCCO)(c1ccccc1)c1ccccc1,CC(C)(C)[Si](OCCO)(c1ccccc1)c1ccccc1,CC(C)(C)[Si](Cl)(c1ccccc1)c1ccccc1.OCCO.c1c[nH]cn1.C1CCOC1
175,mc_beam,True,True,0.9,22,CCOC(=O)CCC(C)Oc1ccc(N(C)c2nc3cc(Cl)ccc3o2)cc1,CCOC(=O)CCC(C)Oc1ccc(N(C)c2nc3cc(Cl)ccc3o2)cc1,CN(c1ccc(O)cc1)c1nc2cc(Cl)ccc2o1.O=[N+]([O-])c1cc(C(F)(F)F)ccc1O.CCOC(=O)CCC(C)Br.O=C([O-])[O-].[K+].[K+].CC(=O)CC(C)C
176,mc_beam,False,False,0.8,9,COC(=O)C(Cc1ccccc1)Nc1nccc(Cl)n1,COC(=O)[C@H](Cc1ccccc1)Nc1ccnc(Cl)n1,Clc1ccnc(Cl)n1.Cl.COC(=O)C(N)Cc1ccccc1.CCN(C(C)C)C(C)C.CCO
177,mc_beam,True,True,0.9,20,CC(=NO)c1ccc2c(c1)C13CC2c2ccccc2C1CN(CC1CCCC1)C3,CC(=NO)c1ccc2c(c1)C13CC2c2ccccc2C1CN(CC1CCCC1)C3,CC(=O)c1ccc2c(c1)C13CC2c2ccccc2C1CN(CC1CCCC1)C3.Cl.NO.[OH-].[Na+].ClCCl.CCO.O
178,mc_beam,True,True,0.3,29,COC(=O)c1cccc(NC(=O)N(Cc2ccc(C(=O)Nc3nn[nH]n3)cc2)c2ccc(C(C)(C)C)cc2)c1,COC(=O)c1cccc(NC(=O)N(Cc2ccc(C(=O)Nc3nn[nH]n3)cc2)c2ccc(C(C)(C)C)cc2)c1,COC(=O)c1cccc(N=C=O)c1.CC(C)(C)c1ccc(NCc2ccc(C(=O)Nc3nn[nH]n3)cc2)cc1.CC(Cl)Cl
179,mc_beam,False,True,0.5,16,C[C@H](Nc1cnn(C)c(=O)c1Cl)c1nc2ccc(F)cc2n1-c1ccccc1,C[C@H](Nc1c(Cl)cnn(C)c1=O)c1nc2ccc(F)cc2n1-c1ccccc1,Cl.Cl.C[C@H](N)c1nc2ccc(F)cc2n1-c1ccccc1.Cn1ncc(Cl)c(Cl)c1=O.CCN(C(C)C)C(C)C.CC(C)O.CCOC(C)=O
180,mc_beam,True,True,1.0,12,CN(c1ccc([N+](=O)[O-])cc1)[C@H]1CCNC1,CN(c1ccc([N+](=O)[O-])cc1)[C@H]1CCNC1,CN(c1ccc([N+](=O)[O-])cc1)[C@H]1CCN(C(=O)OC(C)(C)C)C1.O=C(O)C(F)(F)F.ClCCl
181,mc_beam,True,True,0.3,27,C[Si](C)(C)c1cc(C(=O)O)n(-c2cccc(CP(C)(C)=O)c2)n1,C[Si](C)(C)c1cc(C(=O)O)n(-c2cccc(CP(C)(C)=O)c2)n1,CCOC(=O)c1cc([Si](C)(C)C)nn1-c1cccc(CP(C)(C)=O)c1.[OH-].[Na+].CCO
182,mc_beam,False,False,0.9,18,COC(=O)Cc1ccc2c(c1)Cc1cc(O)ccc1-2,Cc1c(CC(=O)O)ccc2c1Cc1cc(O)ccc1-2,O=C(O)Cc1ccc2c(c1)Cc1cc(O)ccc1-2.CO.C=[N+]=[N-].CCOCC.CC(=O)O
183,mc_beam,True,True,0.6,17,CC(C)(C)c1nc(-c2cccc(NS(=O)(=O)c3cccs3)c2F)c(-c2ccnc(N)n2)s1,CC(C)(C)c1nc(-c2cccc(NS(=O)(=O)c3cccs3)c2F)c(-c2ccnc(N)n2)s1,CC(C)c1nc(-c2cccc(NS(=O)(=O)c3c(F)cccc3F)c2)c(-c2ccnc(Cl)n2)s1.CC(C)(C)c1nc(-c2cccc(N)c2F)c(-c2ccnc(N)n2)s1.O=S(=O)(Cl)c1cccs1
184,mc_beam,True,True,0.6,25,CCCCCCCCOc1ccc(C=COC)cc1,CCCCCCCCOc1ccc(C=COC)cc1,[Cl-].COC[P+](c1ccccc1)(c1ccccc1)c1ccccc1.CC(C)(C)[O-].[K+].CCCCCCCCOc1ccc(C=O)cc1.CCOCC
185,mc_beam,False,False,1.0,17,CCOC(=O)C[C@@H]1CCCN1c1ccc(OCc2cccc(C)c2)cc1,Cc1cccc(COc2ccc(N3CCC[C@H]3CC(=O)O)cc2)c1,CCOC(=O)C[C@@H]1CCCN1c1ccc(O)cc1.Cc1cccc(CBr)c1.O=C([O-])[O-].[K+].[K+].CN(C)C=O
186,mc_beam,False,False,0.9,17,CC(C)(C)OC(=O)N1CCN(CCCN2CCC[C@@H]2COC(=O)C=Cc2ccc(Cl)c(Cl)c2)C(=O)C1,O=C(/C=C/c1ccc(Cl)c(Cl)c1)N1CCN(CCCN2CCC[C@@H]2CO)C(=O)C1,Cl.CC(C)(C)OC(=O)N1CCN(CCCN2CCC[C@@H]2CO)C(=O)C1.CN1CCOCC1.O=C(O)C=Cc1ccc(Cl)c(Cl)c1.F[P-](F)(F)(F)(F)F.CN(C)C(On1nnc2cccnc21)=[N+](C)C.C1COCCO1
187,mc_beam,False,True,0.9,17,Cc1cn(CC(=O)N2CCN(C(c3ccccc3)(c3ccccc3)c3ccccc3)CC2)c(=O)[nH]c1=O,Cc1c[nH]c(=O)[nH]c1=O,c1ccc(C(c2ccccc2)(c2ccccc2)N2CCNCC2)cc1.Cc1cn(CC(=O)O)c(=O)[nH]c1=O
188,mc_beam,False,True,0.6,9,Cc1nc(-c2cnc(Nc3ccc(Cl)cc3)c(Cl)c2)nc(C)c1C,Cc1nc(-c2cnc(Nc3ccc(Cl)cc3)c(Cl)c2)[nH]c1C,N=C(N)c1cnc(Nc2ccc(Cl)cc2)c(Cl)c1.CC(=O)C(C)Cl.[NH4+].[OH-]
189,mc_beam,False,False,0.2,29,Cc1cc(Br)c(C(=O)O)c2c3c(n(C)c12)CC1CCC3N1,Cc1cccc(S(=O)(=O)c2cc(C)c3c(c2C(=O)OC(C)(C)C)c2c(n3C)CC3CCC2N3)c1,Cc1cccc(S(=O)[O-])c1.[Na+].Cc1cc(Br)c(C(=O)OC(C)(C)C)c2c3c(n(C)c12)CC1CCC3N1
190,mc_beam,False,False,0.5,19,Cc1cccc(C)c1NC(=O)CN1CCN(CC(O)COC2Cc3ccccc3C2)CC1,CCCCc1ccc(COCC(O)CN2CCN(CC(=O)Nc3c(C)cccc3C)CC2)cc1,Cc1cccc(C)c1NC(=O)CN1CCN(CC(O)COC2Cc3ccccc3C2)CC1.CC(C)O
191,mc_beam,True,True,1.0,15,OCCOCCN1CCN(C2=Nc3ccccc3Sc3ccccc32)CC1,OCCOCCN1CCN(C2=Nc3ccccc3Sc3ccccc32)CC1,CCCCO.Cl.c1ccc2c(c1)N=C(N1CCNCC1)c1ccccc1S2.O=C([O-])[O-].[Na+].[Na+].OCCOCCCl.CCCC[N+](CCCC)(CCCC)CCCC.[Br-].O
192,mc_beam,False,False,0.3,24,CC(O)c1ccc2ccc(Cl)nc2c1F,CC(O)c1cc2cccc(F)c2nc1Cl,Fc1cccc2ccc(Cl)nc12.CC(C)[N-]C(C)C.[Li+].CC=O.CCOC(C)=O.C1CCOC1
193,mc_beam,False,False,0.3,24,COc1ccc2nc(NC(=O)c3ccc(F)c(C(F)(F)F)c3)sc2c1,CCC(C(=O)O)n1c(=NC(=O)c2ccc(F)c(C(F)(F)F)c2)sc2c(F)c(F)c(F)cc21,Nc1nc2cc(F)c(F)c(F)c2s1.O=C(Cl)c1ccc(F)c(C(F)(F)F)c1.CCC(Br)C(=O)OC.COc1ccc2nc(N)sc2c1.O=C(Cl)c1cccc(Cl)c1.CCOC(=O)CBr
194,mc_beam,False,False,0.6,16,CCOC(=O)N1CCC(Cc2ccc(F)cc2)CC1,Fc1ccc(CC2CCN(CCS)CC2)cc1,Fc1ccc(CC2CCNCC2)cc1.CCOC(=O)OCCS.Cc1ccccc1
195,mc_beam,False,False,0.4,17,O=C(O)Cc1c(C(=O)c2cccc(Cl)c2)[nH]c2cc(Cl)ccc12,O=C(O)Cc1c(C(=O)c2cccc(F)c2)[nH]c2cc(Cl)ccc12,O=C(O)Cc1c(C(=O)c2cccc(Cl)c2)[nH]c2cc(Cl)ccc12.Fc1cccc(Br)c1
196,mc_beam,False,True,0.5,11,Nc1cc([N+](=O)[O-])ccc1NCc1ccccc1,O=c1[nH]c2cc([N+](=O)[O-])ccc2n(Cc2ccccc2)c1=O,Nc1cc([N+](=O)[O-])ccc1NCc1ccccc1.O.O.O=C(O)C(=O)O.Cl
197,mc_beam,True,True,1.0,16,Cc1ccsc1-c1nnc(-c2nc(Br)cnc2NC(=O)OC(C)(C)C)o1,Cc1ccsc1-c1nnc(-c2nc(Br)cnc2NC(=O)OC(C)(C)C)o1,Cc1ccsc1-c1nnc(-c2nc(Br)cnc2N)o1.C1CCOC1.CC(C)(C)OC(=O)OC(=O)OC(C)(C)C.CN(C)c1ccncc1.ClCCl
198,mc_beam,True,True,0.5,17,O=CCC(Cn1ccnc1)c1ccc(Cl)c(Cl)c1,O=CCC(Cn1ccnc1)c1ccc(Cl)c(Cl)c1,Clc1ccc(C(CC2OCCO2)Cn2ccnc2)cc1Cl.Cl
199,mc_beam,True,True,0.7,24,CCOc1nc(N2CCNCC2)nc(N2CCS(=O)CC2)c1[N+](=O)[O-],CCOc1nc(N2CCNCC2)nc(N2CCS(=O)CC2)c1[N+](=O)[O-],C1CNCCN1.CCOc1nc(SC)nc(N2CCS(=O)CC2)c1[N+](=O)[O-].C1COCCO1
200,mc_beam,False,True,0.5,19,O=C(I)c1ccc(Cl)cc1Cl,N#CC(=O)c1ccc(Cl)cc1Cl,[I-].[Na+].O=C(Cl)c1ccc(Cl)cc1Cl.CC#N
201,mc_beam,False,False,0.8,7,Cc1ccc(C(=O)Nc2cnn(C)c2)cc1C1CC1NCC1CC1,Cc1ccc(C(=O)Nc2cnn(C)c2)cc1[C@@H]1C[C@H]1NCC1CC1,Cc1ccc(C(=O)Nc2cnn(C)c2)cc1C1CC1N(CC1CC1)C(=O)OC(C)(C)C.Cl.CO.CO
202,mc_beam,False,False,0.2,22,[N-]=[N+]=N[C@H]1CC[C@H](N(Cc2ccccc2)C(=O)OCc2ccccc2)C[C@H]1O,[N-]=[N+]=N[C@H]1CC[C@H](NC(=O)OCc2ccccc2)C[C@@H]1O,O=C(OCc1ccccc1)N(Cc1ccccc1)[C@H]1CC[C@H]2O[C@H]2C1.[O-][Cl+3]([O-])([O-])[O-].[Li+].[N-]=[N+]=[N-].[Na+].O=C([O-])O.[Na+].CO.CCOC(C)=O.O
203,mc_beam,True,True,0.9,12,CS(=O)(=O)Nc1ccc(-c2cccc3nc(N)nn23)cc1,CS(=O)(=O)Nc1ccc(-c2cccc3nc(N)nn23)cc1,Nc1nc2cccc(Br)n2n1.CS(=O)(=O)Nc1ccc(B(O)O)cc1
204,mc_beam,True,True,1.0,16,COc1cccc2c1cc(C)n2Cc1ccc(F)cc1,COc1cccc2c1cc(C)n2Cc1ccc(F)cc1,COc1cccc2[nH]c(C)cc12.[H-].[Na+].CCCCCC.Fc1ccc(CCl)cc1.CN(C)C=O.O
205,mc_beam,True,True,0.7,15,O=C1C(=O)N(CCCN2CCN(C(c3ccccc3)c3ccccc3)CC2)c2ccccc21,O=C1C(=O)N(CCCN2CCN(C(c3ccccc3)c3ccccc3)CC2)c2ccccc21,O=C1Nc2ccccc2C1=O.[H-].[Na+].ClCCCN1CCN(C(c2ccccc2)c2ccccc2)CC1.O.CN(C)C=O
206,mc_beam,False,False,0.7,27,COc1cc(C=O)ccc1OCc1ccccc1C,CCN1C(=N)/C(=C/c2ccc(OCc3ccccc3C)c(OC)c2)NC1=O,Cc1ccccc1CCl.COc1cc(C=O)ccc1O.O=C([O-])[O-].[K+].[K+].CCNC(=O)NCC#N.CC(C)(C)[O-].[K+].CN(C)C=O.CCO
207,mc_beam,False,True,0.9,19,CC(C)(C)OC(=O)N(CC1CC1)[C@@H]1C[C@H]1c1ccc(NC(=O)c2ccccc2)cc1,CC(C)(C)OC(=O)N(CC1CC1)[C@@H]1C[C@H]1c1ccc(NC(=O)c2ccc(NC(=O)c3ccccc3)cc2)cc1,CC(C)(C)OC(=O)N(CC1CC1)[C@@H]1C[C@H]1c1ccc(N)cc1.O=C(O)c1ccc(NC(=O)c2ccccc2)cc1.On1nnc2ccccc21.Cl.CCN=C=NCCCN(C)C.Cl.CN(C)C=O
208,mc_beam,False,False,0.9,22,CC(C)CCC[C@@H](C)[C@H]1CC[C@H]2[C@@H]3CC[C@H]4CCCC[C@]4(C)[C@H]3CC[C@]12C,CC(C)CCC[C@@H](C)[C@H]1CC[C@H]2[C@@H]3CC[C@H]4C[C@@H](O)CC[C@]4(C)[C@H]3CC[C@]12C,CC(C)CCC[C@@H](C)[C@H]1CC[C@H]2[C@@H]3CC[C@H]4CCCC[C@]4(C)[C@H]3CC[C@]12C.[OH-].[Na+].C1CCOC1.CO
209,mc_beam,True,True,0.4,27,Cc1ccc2c(=O)n3c4ccccc4n(CC4OC4C)c3nc2c1,Cc1ccc2c(=O)n3c4ccccc4n(CC4OC4C)c3nc2c1,Cc1ccc2c(=O)n3c(nc2c1)[nH]c1ccccc13.CC1OC1CBr
210,mc_beam,True,True,0.8,9,COC(=O)c1ccc2c(C)n[nH]c2c1,COC(=O)c1ccc2c(C)n[nH]c2c1,Cc1n[nH]c2cc(C(=O)O)ccc12.Cl.CO
211,mc_beam,False,False,0.3,26,NNc1ccc(O)c(OC(F)(F)F)c1,Oc1ccc(F)cc1OC(F)(F)F,O=N[O-].[Na+].Nc1ccc(O)c(OC(F)(F)F)c1.F.c1ccncc1.O.O.O.[F-].CCCC[N+](CCCC)(CCCC)CCCC.CCOC(C)=O
212,mc_beam,True,True,1.0,20,CCCCCC(Br)c1ccc(CC(C)C)cc1,CCCCCC(Br)c1ccc(CC(C)C)cc1,CCCCCC(O)c1ccc(CC(C)C)cc1.BrC(Br)(Br)Br.c1ccc(P(c2ccccc2)c2ccccc2)cc1.C1CCOC1
213,mc_beam,True,True,1.0,15,COc1ccc(-c2nc(Cl)c3c(n2)CCC3)cc1,COc1ccc(-c2nc(Cl)c3c(n2)CCC3)cc1,O=c1nccc[nH]1.COc1ccc(-c2nc3c(c(=O)[nH]2)CCC3)cc1.O=P(Cl)(Cl)Cl
214,mc_beam,True,True,1.0,10,CC(C)(C)OC(=O)N1CCC[C@H]1c1nc2cc(Br)ccc2[nH]1,CC(C)(C)OC(=O)N1CCC[C@H]1c1nc2cc(Br)ccc2[nH]1,CC(C)(C)OC(=O)N1CCC[C@H]1C(=O)Nc1ccc(Br)cc1N.CC(=O)[O-].[NH4+].CC(=O)O.CCOC(C)=O
215,mc_beam,False,True,0.6,14,CN(C)Cc1cccc(OCCCNc2nc(N)nn2C)c1,CN(C)Cc1cccc(OCCCNc2nc(N=Cc3ccccc3)nn2C)c1,CN(C)Cc1cccc(OCCCNc2nc(N)nn2C)c1.O=Cc1ccccc1.c1ccccc1
216,mc_beam,False,False,0.6,15,CCCCC(C(=O)OCC)N(C(=O)CC(=O)Nc1cccc2cccnc12)c1cccc2cccnc12,CCOC(=O)CCCCCC(C(=O)Nc1cccc2cccnc12)C(=O)Nc1cccc2cccnc12,O=C(CC(=O)Nc1cccc2cccnc12)Nc1cccc2cccnc12.[H-].[Na+].CCCCC(Br)C(=O)OCC.CN(C)C=O.C1CCOC1
217,mc_beam,False,False,0.4,23,CC(C)CC(=O)Nc1cc(O)c(Cl)cc1F,CC(CC(C)C)=Nc1cc(O)c(Cl)cc1F,Nc1cc(O)c(Cl)cc1F.CC(=O)CC(C)C.O=S(=O)(O)O
218,mc_beam,True,True,1.0,17,CC(=O)c1ccc(Br)cc1OS(C)(=O)=O,CC(=O)c1ccc(Br)cc1OS(C)(=O)=O,CS(=O)(=O)Cl.CC(=O)c1ccc(Br)cc1O.CCN(CC)CC.Cl.ClCCl
219,mc_beam,False,False,0.3,23,CCS(=O)(=O)c1ccc(Sc2cccc(Cl)c2)cc1,CCS(=O)(=O)c1ccc(Sc2c(C)n(CC(=O)O)c3cccc(NC(C)=O)c23)cc1,CC(=O)Nc1cccc2c1c(Sc1cccc(Cl)c1)c(C)n2CC(=O)O.CCS(=O)(=O)c1ccc(S)cc1
220,mc_beam,False,False,1.0,20,CN(c1cccc2cc(C(N)=S)[nH]c12)S(=O)(=O)c1cccs1,CN(c1cccc2cc(-c3ncc(C(=O)O)s3)[nH]c12)S(=O)(=O)c1cccs1,CN(c1cccc2cc(C(N)=S)[nH]c12)S(=O)(=O)c1cccs1.[K].[OH-].[Na+].Cl.C1CCOC1.CCOC(C)=O.CCO.CC(=O)N(C)C.CC(=O)O
221,mc_beam,False,False,0.7,14,Cc1ccn(Cc2ccccc2)c1N,CNC1CN(Cc2ccccc2)CCC1C,[BH4-].[Na+].[Br-].CNc1c[n+](Cc2ccccc2)ccc1C.Cl.CCO.O
222,mc_beam,False,False,0.6,23,COc1ccc2c(c1)CC[C@@H]1[C@@H]2CC[C@@]2(C)CCC[C@@H]12,COc1ccc2c(c1)CC[C@@H]1[C@@H]2CC[C@@]2(C)C[C@H](O)C[C@@H]12,COc1ccc2c(c1)CC[C@@H]1[C@@H]2CC[C@@]2(C)C=CC[C@@H]12.B1C2CCCC1CCC2.[OH-].[Na+].OO.C1CCOC1.O
223,mc_beam,True,True,1.0,12,CCc1cccc(NC(N)=S)c1,CCc1cccc(NC(N)=S)c1,CCc1cccc(N=C=S)c1.N.CO
224,mc_beam,False,False,0.3,38,CCOC(=O)c1ccc2cc(C(=O)OCC)[nH]c2c1,CCOC(=O)c1ccc2cc(C(=O)OCC)n([C@H](C)CNC(=O)OC(C)(C)C)c2c1,[H-].[Na+].CCOC(=O)c1ccc2cc(C(=O)OCC)[nH]c2c1.C[C@H]1CN(C(=O)OC(C)(C)C)S(=O)(=O)O1.CN(C)C=O
225,mc_beam,False,True,1.0,15,COC(=O)c1cccc(NS(=O)(=O)C(F)(F)F)c1,COC(=O)c1cccc(N(S(=O)(=O)C(F)(F)F)S(=O)(=O)C(F)(F)F)c1,O=S(=O)(OS(=O)(=O)C(F)(F)F)C(F)(F)F.COC(=O)c1cccc(N)c1.CCN(C(C)C)C(C)C.ClCCl
226,mc_beam,True,True,1.0,14,O=C(c1cc(I)c(O)c(I)c1)N1CCOc2ccccc21,O=C(c1cc(I)c(O)c(I)c1)N1CCOc2ccccc21,c1ccc2c(c1)NCCO2.O=C(Cl)c1cc(I)c(O)c(I)c1.CCOC(C)=O
227,mc_beam,True,True,0.9,13,CCOc1cc(-c2ccccc2)cc(C=O)c1O,CCOc1cc(-c2ccccc2)cc(C=O)c1O,CCOc1cc(Br)cc(C=O)c1O.OB(O)c1ccccc1
228,mc_beam,False,False,1.0,26,COc1ccc(C(=O)Nc2cc3c(cc2N)N(CCCN2CCOCC2)C(=O)C3(C)C)cc1,COc1ccc(-c2nc3cc4c(cc3[nH]2)C(C)(C)C(=O)N4CCCN2CCOCC2)cc1,COc1ccc(C(=O)Nc2cc3c(cc2[N+](=O)[O-])N(CCCN2CCOCC2)C(=O)C3(C)C)cc1.[Ni]
229,mc_beam,True,True,0.8,24,O=C(CN1CCNCC1)NC1C2CC3CC(C2)CC1C3,O=C(CN1CCNCC1)NC1C2CC3CC(C2)CC1C3,CC(C)(C)OC(=O)N1CCN(CC(=O)NC2C3CC4CC(C3)CC2C4)CC1.O=C(O)C(F)(F)F.ClCCl
230,mc_beam,False,False,0.7,16,OC[C@H](Cc1ccccc1)Nc1ncnc2c1cnn2-c1ccccc1,OCCCc1ccccc1,Clc1ncnc2c1cnn2-c1ccccc1.CCN(CC)CC.N[C@@H](CO)Cc1ccccc1.CCO
231,mc_beam,True,True,1.0,9,COC(=O)c1cc(Cl)cc(CO)c1,COC(=O)c1cc(Cl)cc(CO)c1,COC(=O)c1cc(Cl)cc(C(=O)OC)c1.[BH4-].[Na+].CO.ClCCl
232,mc_beam,True,True,0.9,22,CC(C)(C)Oc1ccc2cc(Br)ccc2c1,CC(C)(C)Oc1ccc2cc(Br)ccc2c1,Oc1ccc2cc(Br)ccc2c1.C=C(C)C.ClCCl.O=S(=O)(O)C(F)(F)F
233,mc_beam,False,False,0.6,14,COC(=O)CNC(=O)[C@H](Cc1ccccc1)NC(=O)OCc1ccccc1,O=C1CNC(=O)[C@H](Cc2ccccc2)N1,O=C(N[C@@H](Cc1ccccc1)C(=O)O)OCc1ccccc1.COC(=O)CN.CO.[Pd]
234,mc_beam,False,False,1.0,21,CC(C)(C)[Si](C)(C)OCc1cncc(Br)c1,COC(=O)c1cncc(Br)c1,OCc1cncc(Br)c1.c1c[nH]cn1.CC(C)(C)[Si](C)(C)Cl.CN(C)C=O
235,mc_beam,True,True,0.9,21,CC(C)(C)OC(=O)NCC(=O)NCC(F)(F)F,CC(C)(C)OC(=O)NCC(=O)NCC(F)(F)F,CCN(C(C)C)C(C)C.CC(C)(C)OC(=O)NCC(=O)O.c1ccc2c(c1)nnn2O[P+](N1CCCC1)(N1CCCC1)N1CCCC1.F[P-](F)(F)(F)(F)F.NCC(F)(F)F.ClCCl
236,mc_beam,False,False,1.0,30,COC(CNC(=O)Nc1cccc(Br)c1)OC,O=c1[nH]ccn1-c1cccc(Br)c1,O=C=Nc1cccc(Br)c1.COC(CN)OC.ClCCl
237,mc_beam,False,True,0.6,18,CNC1=NC(=O)[C@H]([C@H](C)c2c[nH]c3ccccc23)O1,C[C@H](c1c[nH]c2ccccc12)[C@@H]1OC(N(C)C(=O)C(F)(F)F)=NC1=O,CNC1=NC(=O)[C@H]([C@H](C)c2c[nH]c3ccccc23)O1.C1CCOC1.CCN(CC)CC.O=C(OC(=O)C(F)(F)F)C(F)(F)F.CCOC(C)=O
238,mc_beam,False,True,0.6,15,CN(C)c1nc2nc(N3CCN(Cc4ccccc4)CC3)nc(N(C)C)c2nc1OCc1ccccc1,CN(C)c1nc2nc(N3CCNCC3)nc(N(C)C)c2nc1OCc1ccccc1,CN(C)c1nc2nc(N3CCNCC3)nc(N(C)C)c2nc1Cl.OCc1ccccc1
239,mc_beam,False,False,0.7,26,CC(=CC(=O)OCC1COC(C)(C)O1)CCCC(C)CCCC(C)CCCC(C)C,CC(=CC(=O)OCC(O)CO)CCCC(C)CCCC(C)CCCC(C)C,CC(=CC(=O)O)CCCC(C)CCCC(C)CCCC(C)C.CS(=O)(=O)Cl.CC1(C)OCC(CO)O1.Cl.CN(C)c1ccncc1.ClCCl.CC#N.CCOC(C)=O.CCN(CC)CC
240,mc_beam,True,True,0.6,30,CC1(C)CCN(C2CC2)c2ccc(C#Cc3ccc(C(=O)O)cc3)cc21,CC1(C)CCN(C2CC2)c2ccc(C#Cc3ccc(C(=O)O)cc3)cc21,CCOC(=O)c1ccc(C#Cc2ccc3c(c2)C(C)(C)CCN3C2CC2)cc1.[OH-].[Na+].CCO
241,mc_beam,True,True,1.0,16,Nc1cccc2c1NC(=O)CC2,Nc1cccc2c1NC(=O)CC2,CC(=O)Nc1cccc2c1NC(=O)CC2.[OH-].[Na+].Cl
242,mc_beam,True,True,1.0,20,COCCOc1ccc(F)c(F)c1,COCCOc1ccc(F)c(F)c1,Oc1ccc(F)c(F)c1.[H-].[Na+].COCCBr.O.CN(C)C=O
243,mc_beam,True,True,1.0,21,CC(C)S(=O)(=O)Oc1ccc(CCOc2ccc(C=C3SC(=O)NC3=O)cc2)cc1,CC(C)S(=O)(=O)Oc1ccc(CCOc2ccc(C=C3SC(=O)NC3=O)cc2)cc1,CC(C)S(=O)(=O)Oc1ccc(CCOc2ccc(C=O)cc2)cc1.O=C1CSC(=O)N1.Cc1ccccc1.O.C1CCNCC1.CC(=O)O.CC(C)=O
244,mc_beam,False,True,0.8,23,Nc1nnc(Cl)cc1C1=CCCCC1=O,Nc1nnc(Cl)cc1C1=CCCCC12OCCO2,CC1(C)OB(C2=CCCCC23OCCO3)OC1(C)C.Nc1nnc(Cl)cc1Br.O=C([O-])[O-].[Cs+].[Cs+].C1COCCO1.c1ccc([P](c2ccccc2)(c2ccccc2)[Pd]([P](c2ccccc2)(c2ccccc2)c2ccccc2)([P](c2ccccc2)(c2ccccc2)c2ccccc2)[P](c2ccccc2)(c2ccccc2)c2ccccc2)cc1.O
245,mc_beam,True,True,1.0,14,CC(C)(C)[Si](C)(C)OCCOc1ccc(N)cc1OC(F)F,CC(C)(C)[Si](C)(C)OCCOc1ccc(N)cc1OC(F)F,CC(C)(C)[Si](C)(C)OCCOc1ccc([N+](=O)[O-])cc1OC(F)F.O=C[O-].[NH4+].CCO.[Pd]
246,mc_beam,True,True,0.6,12,O=[N+]([O-])c1cnc(Br)cc1NCc1ccccc1OC(F)(F)F,O=[N+]([O-])c1cnc(Br)cc1NCc1ccccc1OC(F)(F)F,NCc1ccccc1OC(F)(F)F.O=[N+]([O-])c1cnc(Br)cc1NCc1cccc(Cl)c1Cl
247,mc_beam,False,False,0.4,36,N#Cc1ccc2c(c1)Sc1ccccc1CC2,N#Cc1ccc2c(c1)Sc1c(CBr)cccc1CC2,N#Cc1ccc2c(c1)Sc1ccc(CBr)cc1CC2.N#Cc1ccc2c(c1)Sc1c(CO)cccc1CC2
248,mc_beam,False,False,0.8,26,O=C(O)CC(O)(CC(=O)O)C(=O)O,OC(c1ccccc1)C(O)c1nnn(-c2cccc(Cl)c2)n1,Clc1cccc(-n2nnc(C=Cc3ccccc3)n2)c1.O=C(O)CC(O)(CC(=O)O)C(=O)O.CC(C)(C)O.C[N+]1([O-])CCOCC1.O
249,mc_beam,False,False,0.6,22,C=CC[C@@H]1C(O)C=CN(c2ccc(C(C)C)cc2)[C@H]1c1ccc(C(F)(F)F)cc1,C=CC[C@@H]1C(=O)CCN(c2ccc(C(C)C)cc2)[C@H]1c1ccc(C(F)(F)F)cc1,CCC(C)[BH-](C(C)CC)C(C)CC.[Li+].C=CC[C@@H]1C(=O)C=CN(c2ccc(C(C)C)cc2)[C@H]1c1ccc(C(F)(F)F)cc1.C1CCOC1
250,mc_beam,True,True,0.6,20,COc1cc(I)ccc1C(=O)N1Cc2cccn2Cc2ccccc21,COc1cc(I)ccc1C(=O)N1Cc2cccn2Cc2ccccc21,COc1cc(I)ccc1C(=O)O.c1ccc2c(c1)Cn1cccc1CN2.CCN(C(C)C)C(C)C.O=S(Cl)Cl.ClCCl
251,mc_beam,False,True,0.8,17,O=CC=Cc1ccccn1,O=C/C=C/c1ccccn1,O=Cc1ccccn1.O=CC=P(c1ccccc1)(c1ccccc1)c1ccccc1.Cc1ccccc1
252,mc_beam,False,False,0.7,22,CC(C)C(O)c1cn(C(c2ccccc2)(c2ccccc2)c2ccccc2)cn1,CC(C)C(O)(c1ccc2cc(C3=NC(C)(C)CO3)ccc2c1)c1c[nH]cn1,CC1(C)COC(c2ccc3cc(Br)ccc3c2)=N1.CC(C)C(O)c1cn(C(c2ccccc2)(c2ccccc2)c2ccccc2)cn1
253,mc_beam,True,True,0.8,14,N[C@@H]1CCN(Cc2ccccc2)C[C@H]1O,N[C@@H]1CCN(Cc2ccccc2)C[C@H]1O,O=C(N[C@@H]1CCN(Cc2ccccc2)C[C@H]1O)c1ccccc1.Cl
254,mc_beam,False,False,0.4,27,COc1ccc(F)c(C(O)c2cc(Cl)ccc2N)c1OC,COc1ccc(F)c([C@H]2S[C@H](CC(=O)O)C(=O)Nc3ccc(Cl)cc32)c1OC,COc1ccc(F)c(C(O)c2cc(Cl)ccc2N)c1OC.O=C(O)CC(S)C(=O)O.Cl.C1COCCO1.C1COCCO1
255,mc_beam,False,True,0.9,23,COc1nc(Cl)c(Cl)cc1NS(=O)(=O)Cc1cc(Cl)cc(Cl)c1,O=S(=O)(Cc1cc(Cl)cc(Cl)c1)Nc1cc(Cl)c(Cl)nc1O,O=S(=O)(Cl)Cc1cc(Cl)cc(Cl)c1.COc1nc(Cl)c(Cl)cc1N
256,mc_beam,False,False,0.4,30,CCOC(=O)C(CC(C)=O)C(C)=O,Cc1occc1C(=O)O,COC(CCl)OC.O.Cl.CCOC(=O)CC(C)=O.c1ccncc1
257,mc_beam,False,False,0.6,12,CO[C@H]1CC[C@H](n2c(=O)ccc3c(C)nc(N)nc32)CC1,CO[C@H]1CC[C@H](n2c(=O)c(Br)cc3c(C)nc(N)nc32)CC1,CO[C@H]1CC[C@H](n2c(=O)ccc3c(C)nc(N)nc32)CC1.O=C1CCC(=O)N1Br.CN(C)C=O.COC(C)(C)C
258,mc_beam,True,True,0.7,15,CC1C[C@@]2(O)[C@H]3Cc4ccc(O)c5c4[C@@]2(CCN3CC2CC2)[C@@H](O5)C1=O,CC1C[C@@]2(O)[C@H]3Cc4ccc(O)c5c4[C@@]2(CCN3CC2CC2)[C@@H](O5)C1=O,CC1C[C@@]2(O)[C@H]3Cc4ccc(OCc5ccccc5)c5c4[C@@]2(CCN3CC2CC2)[C@@H](O5)C1=O.CO.[Pd]
259,mc_beam,True,True,0.6,9,O=C(O)c1ccc(OCc2ccccc2)cc1OCc1ccccc1,O=C(O)c1ccc(OCc2ccccc2)cc1OCc1ccccc1,O=C(O)c1ccc(O)cc1O.O=C([O-])[O-].[K+].[K+].ClCc1ccccc1.Cl.O=S1(=O)CCCC1.O
260,mc_beam,True,True,0.5,19,O=C(O)c1ccc(S(=O)(=O)Cl)cc1,O=C(O)c1ccc(S(=O)(=O)Cl)cc1,O=C(O)c1ccc(S(=O)(=O)O)cc1.[K].O=S(=O)(O)Cl
261,mc_beam,False,False,0.7,18,COc1cn(-c2cccnc2)nc(C(=O)C=CN(C)C)c1=O,COc1cn(-c2cccnc2)nc(-c2ccnn2C)c1=O,COc1cn(-c2cccnc2)nc(C(C)=O)c1=O.COC(OC)N(C)C.CC#N
262,mc_beam,False,False,1.0,16,Cc1ccc2c(c1)C[C@@H](N1CCN(CCN3CCOC3=O)CC1)c1cc(F)ccc1S2,Cc1ccc2c(c1)CC(O)c1cc(F)ccc1S2,Cc1ccc2c(c1)C[C@@H](N1CCN(CCN3CCOC3=O)CC1)c1cc(F)ccc1S2.ClC(Cl)Cl.CS(=O)(=O)O.c1ccccc1
263,mc_beam,False,False,0.3,27,C=C(c1cc(Cl)cc(Cl)c1)C(F)(F)F,FC(F)(F)C1(c2cc(Cl)cc(Cl)c2)CC(Br)=NO1,ON=C(Br)Br.C=C(c1cc(Cl)cc(Cl)c1)C(F)(F)F.O=C([O-])O.[Na+].O.CCOC(C)=O
264,mc_beam,False,False,0.4,27,Cc1cccc(C(=O)N2CCCC2)c1-c1ccc(N)c(C=O)c1,Cc1cccc(C(=O)N2CCCC2)c1-c1ccc2nc(N)c(N3C[C@@H]4C[C@H]3CO4)cc2c1,Cc1cccc(C(=O)N2CCCC2)c1-c1ccc(N)c(C=O)c1.N#CCN1C[C@@H]2C[C@H]1CO2.[OH-].[K+].CS(C)=O
265,mc_beam,False,True,0.4,17,Cc1ccc(C(=O)Nc2nc3c(C(=O)O)cn(C(C)(C)C)c3s2)cc1,Cc1ccc(C(=O)Nc2nc3c(s2)c(C(=O)O)cn3C(C)(C)C)cc1,CCOC(=O)c1cn(C(C)(C)C)c2nc(NC(=O)c3ccc(C)cc3)sc12.[OH-].[Li+].C1CCOC1.O
266,mc_beam,False,False,0.4,19,COc1ccc2c(c1)NCC2=O,COc1ccc(C(=O)CCl)c(NC(C)=O)c1,COc1ccc(C(=O)CCl)c(N)c1.CC(=O)O
267,mc_beam,True,True,0.9,9,CNC(=O)c1cn(C(C)c2ccc(C#N)cc2)c(C)c(Br)c1=O,CNC(=O)c1cn(C(C)c2ccc(C#N)cc2)c(C)c(Br)c1=O,Cc1c(Br)c(=O)c(C(=O)O)cn1C(C)c1ccc(C#N)cc1.CN(C)C(On1nnc2ccccc21)=[N+](C)C.F[P-](F)(F)(F)(F)F.CCN(C(C)C)C(C)C.CN.CN(C)C=O.CO
268,mc_beam,False,True,0.3,30,CN(C)C(=O)n1cc(C(=O)CC(=O)OC(c2ccccc2)c2ccccc2)c2cc(Cl)ccc21,CN(C)C(=O)n1cc(C(=O)C=C(O)C(=O)OC(c2ccccc2)c2ccccc2)c2cc(Cl)ccc21,O=C(OC(c1ccccc1)c1ccccc1)C(O)=CC(=O)c1c[nH]c2ccc(Cl)cc12.[H-].[Na+].CN(C)C(=O)Cl.[Cl-].[NH4+].C1CCOC1
269,mc_beam,True,True,1.0,13,CS(=O)(=O)N1CCC(Oc2ccc(Cl)cn2)CC1,CS(=O)(=O)N1CCC(Oc2ccc(Cl)cn2)CC1,Clc1ccc(OC2CCNCC2)nc1.CCN(CC)CC.CS(=O)(=O)Cl.ClCCl
270,mc_beam,True,True,0.9,19,Cc1cc(C(=O)N2CCCC(c3ccc(Cl)cc3C(F)(F)F)C2)ccn1,Cc1cc(C(=O)N2CCCC(c3ccc(Cl)cc3C(F)(F)F)C2)ccn1,CN(C)c1cc(C(=O)N2CCCC(c3ccccc3F)C2)ccn1.Cl.FC(F)(F)c1cc(Cl)ccc1C1CCCNC1.Cc1cc(C(=O)O)ccn1
271,mc_beam,True,True,0.8,16,Cc1csc(NC(=O)c2nc(Oc3ccccc3)ccc2Cl)n1,Cc1csc(NC(=O)c2nc(Oc3ccccc3)ccc2Cl)n1,Oc1ccccc1.O=C([O-])[O-].[Cs+].[Cs+].Cc1csc(NC(=O)c2nc(Cl)ccc2Cl)n1.[OH-].[Na+].CN(C)C=O
272,mc_beam,False,False,0.3,18,CCCCCN1C(=O)C(CO)(c2cc3c(cc2O)OCC3)c2c(Cl)ccc(Cl)c21,CCOC(=O)CN1C(=O)C2(COc3cc4c(cc32)CCO4)c2c(Cl)cccc21,CCOC(=O)CN1C(=O)C(CO)(c2cc3c(cc2O)OCC3)c2c(Cl)cccc21.CCCCCN1C(=O)C(CO)(c2cc3c(cc2O)OCO3)c2c(Cl)ccc(Cl)c21
273,mc_beam,True,True,1.0,22,CN1CCN(c2cc(-c3ccc4c(c3)CN(C(=O)Nc3nccs3)CC4)nc(N)n2)CC1,CN1CCN(c2cc(-c3ccc4c(c3)CN(C(=O)Nc3nccs3)CC4)nc(N)n2)CC1,Nc1nccs1.O=C(Cl)Cl.Cl.CN1CCN(c2cc(-c3ccc4c(c3)CNCC4)nc(N)n2)CC1
274,mc_beam,True,True,0.9,17,C=CCOc1cc(-c2nc(CNC(=O)c3ccccc3OC(F)F)co2)ccc1OC,C=CCOc1cc(-c2nc(CNC(=O)c3ccccc3OC(F)F)co2)ccc1OC,COc1ccc(-c2nc(CNC(=O)c3ccccc3OC(F)F)co2)cc1O.C=CCBr
275,mc_beam,True,True,0.5,11,O=C(Nc1ccccc1)c1ccc(C(=O)Nc2ccccc2)cc1,O=C(Nc1ccccc1)c1ccc(C(=O)Nc2ccccc2)cc1,Nc1ccccc1.O=C(Cl)c1ccc(C(=O)Cl)cc1.Cl.[OH-].[Na+].CC(C)=O
276,mc_beam,False,False,0.4,21,CN(CC(=O)O)CC(=O)O,CN(CC(=O)O)C(=N)N,CNCC(=O)O.N#CN
277,mc_beam,True,True,0.9,12,Nc1ccc(Oc2ccnc(NCc3ccccn3)c2)c2ccccc12,Nc1ccc(Oc2ccnc(NCc3ccccn3)c2)c2ccccc12,CC(C)(C)OC(=O)Nc1ccc(Oc2ccnc(NCc3ccccn3)c2)c2ccccc12.O=C(O)C(F)(F)F.ClCCl.Cc1ccccc1
278,mc_beam,True,True,1.0,14,COC(=O)c1ccc(S(=O)(=O)N(Cc2ccc(C)cc2)c2ncc(C(F)(F)F)cc2Cl)cc1,COC(=O)c1ccc(S(=O)(=O)N(Cc2ccc(C)cc2)c2ncc(C(F)(F)F)cc2Cl)cc1,COC(=O)c1ccc(S(=O)(=O)Nc2ncc(C(F)(F)F)cc2Cl)cc1.Cc1ccc(CBr)cc1
279,mc_beam,False,False,0.7,22,O=Cc1cc(Cl)ccc1OCS(=O)(=O)N1CCN(C=O)CC1,O=CN1CCN(S(=O)(=O)c2cc3cc(Cl)ccc3o2)CC1,O=CN1CCN(S(=O)(=O)CCl)CC1.O=Cc1cc(Cl)ccc1O.O=C([O-])[O-].[K+].[K+].CN(C)C=O
280,mc_beam,False,False,0.2,27,COc1ccccc1-n1nc(C(C)C)nc1-c1cccc(C2CCN(CCCC3OCCO3)CC2)c1,COc1cccc2c(CCN3CCC(c4cccc(NC(=O)C(C)C)c4)CC3)c[nH]c12,CC(C)C(=O)Nc1cccc(C2CCN(CCCC3OCCO3)CC2)c1.Cl.COc1ccccc1NN
281,mc_beam,True,True,1.0,25,CC(CN)(NC(CO)c1ccccc1)C(F)(F)F,CC(CN)(NC(CO)c1ccccc1)C(F)(F)F,CC(C#N)(NC(CO)c1ccccc1)C(F)(F)F.[H-].[Al+3].[Li+].[H-].[H-].[H-].COC(C)(C)C
282,mc_beam,False,True,0.3,26,COc1cccc2c1C(=O)C(=Cc1ccc(F)cc1)C2,COc1cccc2c1-c1nc(N)nc(-c3ccc(F)cc3)c1C2,[OH-].[Na+].Cl.N=C(N)N.COc1cccc2c1C(=O)C(=Cc1ccc(F)cc1)C2.CCO
283,mc_beam,True,True,0.9,10,CC(C)(C)NNc1nc(Cl)ncc1F,CC(C)(C)NNc1nc(Cl)ncc1F,Fc1cnc(Cl)nc1Cl.Cl.CC(C)(C)NN.CCN(CC)CC.C1CCOC1.CCO
284,mc_beam,True,True,1.0,25,O=C1C(=Cn2ccnc2)C(c2ccccc2)c2ccccc21,O=C1C(=Cn2ccnc2)C(c2ccccc2)c2ccccc21,O=C1C(=CO)C(c2ccccc2)c2ccccc21.O=C(c1ncc[nH]1)c1ncc[nH]1
285,mc_beam,False,False,0.6,14,C=CCOC(=O)c1ccccc1C(=O)OCC=C,C=CC(=O)OCCO,C=CCOC(=O)c1ccccc1C(=O)OCC=C.CC(C)(c1ccc(O)cc1)c1ccc(O)cc1
286,mc_beam,True,True,0.9,23,NC(=O)OCC1c2c(O)cc(C=NO)cc2N2CC3NC3C1(O)O2,NC(=O)OCC1c2c(O)cc(C=NO)cc2N2CC3NC3C1(O)O2,NC(=O)OCC1c2c(O)cc(C=O)cc2N2CC3NC3C1(O)O2.Cl.NO.O=C([O-])O.[Na+].CO
287,mc_beam,True,True,1.0,18,Cc1noc(C)c1-c1ccc(Br)cc1,Cc1noc(C)c1-c1ccc(Br)cc1,OB(O)c1ccc(Br)cc1.Cc1noc(C)c1I.O=C([O-])O.[Na+].COCCOC.O.[Cl][Pd]([Cl])([P](c1ccccc1)(c1ccccc1)c1ccccc1)[P](c1ccccc1)(c1ccccc1)c1ccccc1
288,mc_beam,True,True,0.7,20,COc1cc(COc2cc(NC(=O)c3ccc(N4CC5CCCNC5C4)cc3)[nH]n2)cc(OC)c1,COc1cc(COc2cc(NC(=O)c3ccc(N4CC5CCCNC5C4)cc3)[nH]n2)cc(OC)c1,COC(=O)c1ccc(N2CC3CCCNC3C2)cc1.Cl.COc1cc(COc2cc(N)[nH]n2)cc(OC)c1.[CH3][Al]([CH3])[CH3].Cc1ccccc1
289,mc_beam,True,True,0.7,15,Cc1ncsc1CCCCCCC(O)C(=O)NCc1nnc(-c2ccc(OCc3cccc(F)c3)cc2)s1,Cc1ncsc1CCCCCCC(O)C(=O)NCc1nnc(-c2ccc(OCc3cccc(F)c3)cc2)s1,Cc1ncsc1CCCCCCC(O)C(=O)O.O.On1nnc2ccccc21.Cl.CCN=C=NCCCN(C)C.CCN(CC)CC.NCc1nnc(-c2ccc(OCc3cccc(F)c3)cc2)s1.CN(C)C=O
290,mc_beam,False,False,0.8,12,COCCNC(=O)c1c(O)c2ncc(Cc3ccc(F)cc3)cc2n(CC(=O)N(C)C)c1=O,COCCNC(=O)c1c([O-])c2ncc(Cc3ccc(F)cc3)cc2n(CC(=O)N(C)C)c1=O,COCCNC(=O)c1c(O)c2ncc(Cc3ccc(F)cc3)cc2n(CC(=O)N(C)C)c1=O.[OH-].[Na+].CCO
291,mc_beam,True,True,0.9,13,O=C(Nc1ccc(Cl)c(-c2ccccn2)c1)c1ccc(CS(=O)(=O)c2ccccn2)cc1,O=C(Nc1ccc(Cl)c(-c2ccccn2)c1)c1ccc(CS(=O)(=O)c2ccccn2)cc1,Nc1ccc(Cl)c(-c2ccccn2)c1.O=C(O)c1ccc(CS(=O)(=O)c2ccccn2)cc1
292,mc_beam,False,False,0.4,18,CN(CC(F)(F)F)c1c(-c2c(F)cc(F)cc2F)c(Cl)nc2ncnn12,Cn1cnn2c(=NCC(F)(F)F)c(-c3c(F)cc(F)cc3F)c(Cl)nc12,Fc1cc(F)c(-c2c(Cl)nc3ncnn3c2NCC(F)(F)F)c(F)c1.CI.[H-].[Na+].CS(C)=O.CCOC(C)=O
293,mc_beam,True,True,0.3,17,CCOC(=O)C(c1ccccc1)n1cc(C=O)cn1,CCOC(=O)C(c1ccccc1)n1cc(C=O)cn1,O=P(Cl)(Cl)Cl.CCOC(=O)C(c1ccccc1)n1cccn1.CN(C)C=O
294,mc_beam,True,True,1.0,13,C[C@H](NC(=O)OC(C)(C)C)C(=O)N[C@@H](C)C(=O)N[C@@H](C)C(=O)NCCCO,C[C@H](NC(=O)OC(C)(C)C)C(=O)N[C@@H](C)C(=O)N[C@@H](C)C(=O)NCCCO,C[C@H](NC(=O)[C@H](C)NC(=O)[C@H](C)NC(=O)OC(C)(C)C)C(=O)O.NCCCO.C1CCOC1.CN(C)C=O
295,mc_beam,False,False,0.4,25,COC(=O)[C@H](CCOC(=O)N1CCN(c2cccc(C(F)(F)F)c2)CCC1=O)N1CCN(c2cccc(C(F)(F)F)c2)CCC1=O,COC(=O)[C@H](CC=O)N1CCN(c2cccc(C(F)(F)F)c2)CCC1=O,COC(=O)[C@H](CCO)N1CCN(c2cccc(C(F)(F)F)c2)CCC1=O.O=C1OCC[C@@H]1N1CCN(c2cccc(C(F)(F)F)c2)CCC1=O
296,mc_beam,True,True,0.7,14,COc1ccc(F)cc1-c1ccnc2[nH]c(C3=CCC(N4CCN(C(=O)OC(C)(C)C)CC4)CC3)cc12,COc1ccc(F)cc1-c1ccnc2[nH]c(C3=CCC(N4CCN(C(=O)OC(C)(C)C)CC4)CC3)cc12,COc1ccc(F)cc1-c1ccnc2[nH]c(C3=CCC(=O)CC3)cc12.CCN(CC)CC.CC(=O)O.CC(C)(C)OC(=O)N1CCNCC1.[BH3-]C#N.[Na+].[BH3-]C#N.ClCCl
297,mc_beam,False,False,0.5,22,CC(C)Cn1c(=O)n(C)c(=O)c2c(Nc3ccccc3)nn(Cc3ccc(B(O)O)cc3)c21,CC(C)Cn1c(=O)n(C)c(=O)c2c(Nc3ccccc3)n(Cc3ccc(B4OC(C)(C)C(C)(C)O4)cc3)nc21,CC(C)Cn1c(=O)n(C)c(=O)c2c(Nc3ccccc3)n[nH]c21.CC1(C)OB(c2ccc(CBr)cc2)OC1(C)C.O=C([O-])[O-].[K+].[K+].CC(C)=O
298,mc_beam,False,False,0.8,10,COc1cc(CCN(C)CCCC#N)cc(OC)c1,COc1cc(CCN(C)CCCCN)cc(OC)c1,CNCCc1cc(OC)cc(OC)c1.O=C([O-])[O-].[K+].[K+].N#CCCCBr.O.CN(C)C=O
299,mc_beam,False,False,0.6,35,CCOC(O)C(O)c1ccc(OCc2ccccc2)c2c1OCC(=O)N2,CC1(C)OC(=O)N(CCC2(NCC(O)c3ccc(OCc4ccccc4)c4c3OCC(=O)N4)CC2)c2ccccc21,CCOC(O)C(=O)c1ccc(OCc2ccccc2)c2c1OCC(=O)N2.CC1(C)OC(=O)N(CCC2(N)CC2)c2ccccc21.[BH4-].[Na+].CC(=O)O.CCO
300,mc_beam,True,True,1.0,16,N[C@@H]1C[C@H]1c1ccc(-c2cccc(C(F)(F)F)c2)nc1-c1ccc(Cl)cc1,N[C@@H]1C[C@H]1c1ccc(-c2cccc(C(F)(F)F)c2)nc1-c1ccc(Cl)cc1,Cl.CC(C)(C)OC(=O)N[C@@H]1C[C@H]1c1ccc(-c2cccc(C(F)(F)F)c2)nc1-c1ccc(Cl)cc1.C1COCCO1
301,mc_beam,True,True,0.7,35,O=C(c1ccc(F)cc1)C1CCN(CC(O)CCN2C(=O)C3CCCCC3C2=O)CC1,O=C(c1ccc(F)cc1)C1CCN(CC(O)CCN2C(=O)C3CCCCC3C2=O)CC1,O=C1C2CCCCC2C(=O)N1CCC1CO1.O=C(c1ccc(F)cc1)C1CCNCC1.CCCCO
302,mc_beam,True,True,1.0,12,CCOC(=O)Cc1ccc(OC(C)C)c(-c2ccc(F)c3c2CNCC3)c1,CCOC(=O)Cc1ccc(OC(C)C)c(-c2ccc(F)c3c2CNCC3)c1,CCOC(=O)Cc1ccc(OC(C)C)c(-c2ccc(F)c3c2CN(C(=O)OCc2ccccc2)CC3)c1.CCO.[Pd]
303,mc_beam,False,False,0.5,16,O=Cc1cnccc1-c1ccccc1,N#Cc1cccc(-c2ccncc2C=O)c1,O=Cc1cnccc1Br.O=P([O-])([O-])[O-].[K+].[K+].[K+].C1COCCO1.CCOC(C)=O.c1ccc([P](c2ccccc2)(c2ccccc2)[Pd]([P](c2ccccc2)(c2ccccc2)c2ccccc2)([P](c2ccccc2)(c2ccccc2)c2ccccc2)[P](c2ccccc2)(c2ccccc2)c2ccccc2)cc1
304,mc_beam,True,True,0.6,17,CCN(C)C1CCN(C(=O)CCc2nccn2CC(=O)O)CC1,CCN(C)C1CCN(C(=O)CCc2nccn2CC(=O)O)CC1,[OH-].[Na+].CCOC(=O)Cn1ccnc1CCC(=O)N1CCC(N(C)CC)CC1.Cl.CCO
305,mc_beam,True,True,1.0,17,Cc1ccnc(NC2CNC2)c1,Cc1ccnc(NC2CNC2)c1,Cc1ccnc(NC2CN(C(=O)OC(C)(C)C)C2)c1.O=C(O)C(F)(F)F.ClCCl
306,mc_beam,True,True,0.7,26,COc1ccc(Cn2ccc(NC(=O)c3ccccc3F)n2)c(C(F)(F)F)c1,COc1ccc(Cn2ccc(NC(=O)c3ccccc3F)n2)c(C(F)(F)F)c1,C[Si](C)(C)[N-][Si](C)(C)C.[Li+].O=C(Nc1cc[nH]n1)c1ccccc1F.COc1ccc(CBr)c(C(F)(F)F)c1.C1CCOC1.CS(C)=O
307,mc_beam,False,False,0.3,17,O=C(c1ccccc1)C(F)F,CC(=O)OCCc1ccc(C(F)(F)C(=O)c2ccccc2)cc1,O=C(c1ccccc1)C(F)F.CC(=O)OCCc1ccc(Br)cc1
308,mc_beam,True,True,1.0,12,O=C(Oc1nsc2ncccc12)N1CCC(C(F)(F)F)CC1,O=C(Oc1nsc2ncccc12)N1CCC(C(F)(F)F)CC1,Oc1nsc2ncccc12.O=C(Cl)N1CCC(C(F)(F)F)CC1
309,mc_beam,False,True,0.3,20,CCCC[n+]1nc(C)sc1C(=O)c1cc(Cl)ccc1Cl,CCCCN1N=C(C)S/C1=C\C(=O)c1cc(Cl)ccc1Cl,O=C(O)c1cc(Cl)ccc1Cl.CN(C)C(On1nnc2cccnc21)=[N+](C)C.F[P-](F)(F)(F)(F)F.CCN(C(C)C)C(C)C.[I-].CCCC[n+]1nc(C)sc1C
310,mc_beam,False,False,0.7,15,Nc1nc(N)c2ncn([C@@H]3O[C@H](CO)[C@@H](O)[C@H]3O)c2n1,Nc1nc2c(ncn2[C@@H]2O[C@H](CO)[C@@H](O)[C@H]2F)c(=O)[nH]1,Nc1nc(N)c2ncn([C@@H]3O[C@H](CO)[C@@H](O)[C@H]3F)c2n1.Nc1ncnc2c1ncn2[C@@H]1O[C@H](CO)[C@@H](O)[C@H]1O.O
311,mc_beam,True,True,0.8,16,O=Cc1cc(O)cc(Br)c1,O=Cc1cc(O)cc(Br)c1,[Li][CH2]CCC.CCC[CH2][Mg][Cl].Oc1cc(Br)cc(Br)c1.CN(C)C=O.Cc1ccccc1
312,mc_beam,True,True,1.0,20,CC(C)CCNC(=O)c1cccc(Br)c1,CC(C)CCNC(=O)c1cccc(Br)c1,CC(C)CCN.[OH-].[Na+].O=C(Cl)c1cccc(Br)c1.ClCCl
313,mc_beam,False,True,0.9,13,CC(=O)Nc1ccc(-c2cnc(NCc3ccncc3)nc2NC2CCN(Cc3ccccc3)CC2)cc1,CC(=O)Nc1ccc(-c2cnc(NCc3ccccn3)nc2NC2CCN(Cc3ccccc3)CC2)cc1,Brc1cnc(NCc2ccncc2)nc1NC1CCN(Cc2ccccc2)CC1.CC(=O)Nc1ccc(B(O)O)cc1.c1ccc(CN2CCC(Nc3nc(NCc4ccccn4)ncc3-c3ccsc3)CC2)cc1
314,mc_beam,False,False,0.8,36,COc1ccc(CN(CC(=O)OCc2ccccc2)C(=O)CC(=O)O)cc1,COc1ccc(CN(CC(=O)OCc2ccccc2)C(=O)CC(C)=O)cc1,COc1ccc(CNCC(=O)OCc2ccccc2)cc1.Oc1ccccn1.C=C1CC(=O)O1.C1CCOC1
315,mc_beam,False,True,0.3,36,Cc1cc(OCC2CCN(C(=N)N)CC2)cc(OS(=O)(=O)c2ccccc2Cl)c1,Cc1cc(OCC2CCN(C=NN)CC2)cc(OS(=O)(=O)c2ccccc2Cl)c1,Cc1cc(OCC2CCNCC2)cc(OS(=O)(=O)c2ccccc2Cl)c1.CCN(C(C)C)C(C)C.NN=CS(=O)(=O)O.CN(C)C=O
316,mc_beam,True,True,1.0,11,COCOc1ccc(N2CCN(c3ccc(N)cc3)CC2)cc1,COCOc1ccc(N2CCN(c3ccc(N)cc3)CC2)cc1,COCOc1ccc(N2CCN(c3ccc([N+](=O)[O-])cc3)CC2)cc1.O.NN.CCO.[Pd]
317,mc_beam,True,True,1.0,11,CCC[C@H]1CC[C@H](c2ccc3cc(OS(=O)(=O)C(F)(F)F)ccc3c2)CC1,CCC[C@H]1CC[C@H](c2ccc3cc(OS(=O)(=O)C(F)(F)F)ccc3c2)CC1,CCC[C@H]1CC[C@H](c2ccc3cc(O)ccc3c2)CC1.O=S(=O)(OS(=O)(=O)C(F)(F)F)C(F)(F)F.c1ccncc1.O.ClCCl
318,mc_beam,True,True,0.6,23,CC(C)(C)OC(=O)N1CCN(c2cc3nc(S)[nH]c3cc2F)CC1,CC(C)(C)OC(=O)N1CCN(c2cc3nc(S)[nH]c3cc2F)CC1,Fc1cc2[nH]c(S)nc2cc1N1CCNCC1.CC(C)(C)OC(=O)OC(=O)OC(C)(C)C.[OH-].[Na+].[K+].[Br-].ClC(Cl)Cl.C1COCCO1
319,mc_beam,True,True,1.0,11,COc1cc(OS(C)(=O)=O)ccc1-c1nc2ccc(C(F)(F)F)cc2[nH]1,COc1cc(OS(C)(=O)=O)ccc1-c1nc2ccc(C(F)(F)F)cc2[nH]1,COc1cc(O)ccc1-c1nc2ccc(C(F)(F)F)cc2[nH]1.CS(=O)(=O)Cl
320,mc_beam,True,True,0.8,28,COc1cc(C(=O)O)ccc1Nc1ncc2c(n1)N(C1CCCC1)CC(C)(C)C(=O)N2C,COc1cc(C(=O)O)ccc1Nc1ncc2c(n1)N(C1CCCC1)CC(C)(C)C(=O)N2C,CN1C(=O)C(C)(C)CN(C2CCCC2)c2nc(Cl)ncc21.COc1cc(C(=O)O)ccc1N.O=C(O)C(F)(F)F
321,mc_beam,False,False,0.3,26,CCOC=C(C(C)=O)C(=O)Nc1cc(Cl)c(Cl)c(C(=O)O)c1Cl,CC(=O)C(=CNc1cc(Cl)c(Cl)c(C(=O)O)c1Cl)C(C)=O,CCOC=C(C(C)=O)C(C)=O.Nc1cc(Cl)c(Cl)c(C(=O)O)c1Cl.Cc1ccccc1
322,mc_beam,True,True,1.0,13,CC(C)(C)OC(=O)N1CCC(Nc2nccc(C(F)(F)F)n2)CC1,CC(C)(C)OC(=O)N1CCC(Nc2nccc(C(F)(F)F)n2)CC1,FC(F)(F)c1ccnc(Cl)n1.CC(C)(C)OC(=O)N1CCC(N)CC1.CCN(CC)CC.CN(C)C=O
323,mc_beam,False,False,1.0,15,CC1=NN(c2ccc(NC(=O)C(F)(F)F)cc2)C(=O)C1,CC(=O)Nc1ccc(N2N=C(C)CC2=O)cc1,CC1=NN(c2ccc(N)cc2)C(=O)C1.O=C(OC(=O)C(F)(F)F)C(F)(F)F
324,mc_beam,True,True,0.9,20,C[C@@H](c1ccc(-c2ccc(C3(C#N)CC3)nn2)cc1)N1CC[C@](CC(C)(C)O)(c2ccccc2)OC1=O,C[C@@H](c1ccc(-c2ccc(C3(C#N)CC3)nn2)cc1)N1CC[C@](CC(C)(C)O)(c2ccccc2)OC1=O,C[C@@H](c1ccc(B2OC(C)(C)C(C)(C)O2)cc1)N1CC[C@](CC(C)(C)O)(c2ccccc2)OC1=O.N#CC1(c2ccc(Cl)nn2)CC1
325,mc_beam,True,True,0.9,19,Nc1cc(F)c(N2CC3OC3C2)c(F)c1,Nc1cc(F)c(N2CC3OC3C2)c(F)c1,O=[N+]([O-])c1cc(F)c(N2CC3OC3C2)c(F)c1.[H][H].[Pd].CCOC(C)=O
326,mc_beam,False,True,0.9,12,Cn1cc(-c2ccc3c(c2CO)CCN3)cn1,Cn1cc(-c2ccc3c(c2CO)CCN3C(=O)OC(C)(C)C)cn1,Cn1cc(-c2ccc3c(c2CO[Si](C)(C)C(C)(C)C)CCN3C(=O)OC(C)(C)C)cn1.Cl.O.O=C([O-])O.[Na+].ClCCl.CCOC(C)=O
327,mc_beam,False,False,0.6,18,COC(=O)CCc1ccc(C(=O)C2C(=O)N(C(C)=O)c3cc(Cl)ccc32)cc1,COC(=O)CCc1ccc(C(O)=C2C(=O)N(C(C)=O)c3cc(Cl)ccc32)cc1,CC(=O)N1C(=O)Cc2ccc(Cl)cc21.COC(=O)CCc1ccc(C(=O)O)cc1
328,mc_beam,True,True,0.8,13,CCCCCCCCCCCCCCCCOc1ccc(OCC(=O)NCCc2ccccn2)cc1,CCCCCCCCCCCCCCCCOc1ccc(OCC(=O)NCCc2ccccn2)cc1,CCCCCCCCCCCCCCCCOc1ccc(OCC(=O)Cl)cc1.NCCc1ccccn1.c1ccncc1.O=C([O-])O.[Na+].ClCCl.ClC(Cl)Cl
329,mc_beam,False,False,0.9,17,Cc1[nH]c(C(=O)O)c(C)c1C1CCN(C)CC1,Cc1[nH]c(C=O)c(C)c1C1CCN(C)CC1,Cc1[nH]c(C(=O)O)c(C)c1C1CCN(C)CC1.CCOC(OCC)OCC.O=C(O)C(F)(F)F
330,mc_beam,False,True,0.9,12,COc1ccc(C(C#N)=Cc2ccc([N+](=O)[O-])s2)cc1OC,COc1ccc(/C(C#N)=C/c2ccc([N+](=O)[O-])s2)cc1OC,O=Cc1ccc([N+](=O)[O-])s1.COc1ccc(CC#N)cc1OC
331,mc_beam,True,True,1.0,17,COc1ccc(N2CCOCC2)cc1NC(=O)c1nc2ccccc2[nH]1,COc1ccc(N2CCOCC2)cc1NC(=O)c1nc2ccccc2[nH]1,O=C(O)c1nc2ccccc2[nH]1.O=C(n1ccnc1)n1ccnc1.COc1ccc(N2CCOCC2)cc1N
332,mc_beam,False,False,0.8,17,COC(=O)Cn1cc(-c2ccc(Cl)cc2Cl)nc1/C=C/c1ccc(-c2ccc(OC)cc2)cc1,COc1ccc(-c2ccc(/C=C/c3nc(-c4ccc(Cl)cc4Cl)cn3CC(=O)O)cc2)cc1,COc1ccc(-c2ccc(/C=C/c3nc(-c4ccc(Cl)cc4Cl)c[nH]3)cc2)cc1.COC(=O)CBr
333,mc_beam,False,False,0.6,12,COc1cccc(-c2c(-c3ccncc3)nn3c(-c4ccncc4)ccnc23)c1,COc1cccc(-c2c(-c3ccncc3)nn3c(-c4ccnc(Cl)c4)ccnc23)c1,COc1cccc(-c2c(-c3ccncc3)nn3c(-c4cc[n+]([O-])cc4)ccnc23)c1.O=P(Cl)(Cl)Cl
334,mc_beam,False,False,0.4,13,Nc1ccc(Cl)c(S(N)(=O)=O)c1O,NS(=O)(=O)c1c(Cl)ccc(NC(=O)Nc2cnnn2-c2ccccc2)c1O,Nc1ccc(Cl)c(S(N)(=O)=O)c1O.[N-]=[N+]=NC(=O)c1cnnn1-c1ccccc1.CN(C)C=O
335,mc_beam,False,False,1.0,14,CC(=O)N1CCc2ccc(NS(=O)(=O)c3ccc(F)cc3)cc21,Fc1cccc(C=Cc2c[nH]c3ccccc23)c1,O=S(=O)(Cl)c1ccc(F)cc1.CC(=O)N1CCc2ccc(N)cc21.c1ccncc1
336,mc_beam,True,True,0.6,18,Cc1cc(-c2cnn3c(C(F)F)cc(-c4ccc(C(F)(F)F)cc4)nc23)ccn1,Cc1cc(-c2cnn3c(C(F)F)cc(-c4ccc(C(F)(F)F)cc4)nc23)ccn1,O=C(CC(=O)C(F)F)c1ccc(C(F)(F)F)cc1.Cc1cc(-c2c[nH]nc2N)ccn1
337,mc_beam,False,False,0.5,29,Cc1ccccc1C[C@H](NC(=O)[C@H](N)CCC(=O)O)C(C)(C)C,N[C@@H](CC1CCCC1)C(=O)OCc1ccccc1,Cc1ccccc1C[C@H](NC(=O)[C@H](CCC(=O)OC(C)(C)C)NC(=O)OCC1c2ccccc2-c2ccccc21)C(=O)N[C@H](C(=O)N[C@@H](CC1CCCC1)C(=O)OCc1ccccc1)C(C)(C)C.On1nnc2ccccc21.Cl.CCN=C=NCCCN(C)C.C1CCNCC1.ClCCl
338,mc_beam,True,True,1.0,14,COc1cc(OCC2CO2)cc(-c2nc(N3CCOCC3)c3cnn(C(C)C)c3n2)c1,COc1cc(OCC2CO2)cc(-c2nc(N3CCOCC3)c3cnn(C(C)C)c3n2)c1,COc1cc(O)cc(-c2nc(N3CCOCC3)c3cnn(C(C)C)c3n2)c1.O=C([O-])[O-].[K+].[K+].ClCC1CO1.CC#N
339,mc_beam,True,True,1.0,16,COc1cc2c(cc(C=O)n2C)c(OC)c1OC,COc1cc2c(cc(C=O)n2C)c(OC)c1OC,COc1cc2c(cc(CO)n2C)c(OC)c1OC.c1ccccc1.[O-2].[O-2].[Mn+4]
340,mc_beam,True,True,0.9,19,COC(=O)c1ccc(CN2CC3CN(C(=O)OC(C)(C)C)CC3C2)c(Cl)c1,COC(=O)c1ccc(CN2CC3CN(C(=O)OC(C)(C)C)CC3C2)c(Cl)c1,COC(=O)c1ccc(C=O)c(Cl)c1.CC(C)(C)OC(=O)N1CC2CNCC2C1
341,mc_beam,True,True,1.0,19,Cc1cc(C)c(CNC(=O)c2ccc(Oc3cccc(Br)c3C#N)c(Cl)c2)c(O)n1,Cc1cc(C)c(CNC(=O)c2ccc(Oc3cccc(Br)c3C#N)c(Cl)c2)c(O)n1,N#Cc1c(Br)cccc1Oc1ccc(C(=O)O)cc1Cl.Cl.CCN=C=NCCCN(C)C.On1nnc2ccccc21.Cc1cc(C)c(CN)c(O)n1.O.ClCCl.CCN(CC)CC
342,mc_beam,True,True,0.4,11,COc1ccccc1CN1N=C(c2ccc(OC)c(OC)c2)[C@@H]2CCCC[C@@H]2C1=O,COc1ccccc1CN1N=C(c2ccc(OC)c(OC)c2)[C@@H]2CCCC[C@@H]2C1=O,COc1ccc(C2=NNC(=O)[C@H]3CCCC[C@@H]23)cc1OC.COc1ccccc1CCl.COc1ccc(C2=NN(Cc3ccccc3)C(=O)[C@H]3CCCC[C@@H]23)cc1OC
343,mc_beam,False,False,0.5,30,CCCC(=O)c1cccc(OC)c1OC,CCCc1c(OC)cccc1C(=O)OC(C)(C)C,COc1cccc(C(=O)OC(C)(C)C)c1OC.CC[CH2][Mg][Cl].CCOCC.CC(=O)O.C1CCOC1.O
344,mc_beam,True,True,0.6,16,CCC(C)CCCCCOc1ccc(O)cc1,CCC(C)CCCCCOc1ccc(O)cc1,Oc1ccc(O)cc1.CCC(C)CCCCCBr.O=C([O-])[O-].[K+].[K+].CN(C)C=O
345,mc_beam,False,False,0.8,14,Nc1cc(N)c(O)c(Cl)c1O,Nc1cc(N)c(O)cc1O,O=[N+]([O-])c1cc([N+](=O)[O-])c(O)c(Cl)c1O.CC(=O)[O-].[Na+].[H][H].Cl.[Cl][Sn][Cl].O.[Pd].CC(=O)O
346,mc_beam,True,True,0.7,21,Cc1ccc(C(=O)C#CCN(Cc2ccc(SC(C)(C)C(=O)OC(C)(C)C)cc2)Cc2ccco2)cc1,Cc1ccc(C(=O)C#CCN(Cc2ccc(SC(C)(C)C(=O)OC(C)(C)C)cc2)Cc2ccco2)cc1,[Cl-].Cc1ccc(C(=O)Cl)cc1.C#CCN(Cc1ccc(SC(C)(C)C(=O)OC(C)(C)C)cc1)Cc1ccco1.O.CCN(CC)CC.[Cu][I]
347,mc_beam,True,True,1.0,17,CCOC(CSc1cccc(OC)c1)OCC,CCOC(CSc1cccc(OC)c1)OCC,CCOC(CBr)OCC.COc1cccc(S)c1.O=C([O-])[O-].[K+].[K+].CC(C)=O
348,mc_beam,False,False,0.4,14,CC(C)(C)Oc1nc(NCc2ccccn2)c2c(-c3ccccc3)cccc2c1-c1cncc(C(N)=O)c1,O=C(O)c1cncc(-c2c(Cl)nc(NCc3ccccn3)c3c(-c4ccccc4)cccc23)c1,NC(=O)c1cncc(-c2c(Cl)nc(NCc3ccccn3)c3c(-c4ccccc4)cccc23)c1.CC(C)(C)[O-].[K+].CC(C)(C)O.O
349,mc_beam,True,True,0.9,18,CC(C)c1nn(-c2ccc(C(N)=O)cc2CN(C)C)c2nccc(I)c12,CC(C)c1nn(-c2ccc(C(N)=O)cc2CN(C)C)c2nccc(I)c12,CC(C)c1nn(-c2ccc(C#N)cc2CN(C)C)c2nccc(I)c12.OO.[OH-].[Na+].O.CS(C)=O
350,mc_beam,True,True,1.0,13,O=C(NCc1ccc(Cl)cc1)c1ccc2c(=O)n(Cc3nccs3)c(=S)[nH]c2c1,O=C(NCc1ccc(Cl)cc1)c1ccc2c(=O)n(Cc3nccs3)c(=S)[nH]c2c1,O=C(O)c1ccc2c(=O)n(Cc3nccs3)c(=S)[nH]c2c1.NCc1ccc(Cl)cc1.CCN(C(C)C)C(C)C.CN(C)C(On1nnc2cccnc21)=[N+](C)C.F[P-](F)(F)(F)(F)F.Cl.C1COCCO1.CN(C)C=O
351,mc_beam,False,False,0.9,16,O=C(Cc1nccn1Cc1ccccc1)Nc1ccc(Cl)cc1C(=O)c1ccccc1,O=c1[nH]c2ccc(Cl)cc2c(-c2ccccc2)c1-c1nccn1Cc1ccccc1,O=C(O)Cc1nccn1Cc1ccccc1.Nc1ccc(Cl)cc1C(=O)c1ccccc1
352,mc_beam,True,True,0.4,24,OC1CCc2c(Nc3cc(-c4ccc(C(F)(F)F)cc4NCC4CCCC4)ncn3)cccc21,OC1CCc2c(Nc3cc(-c4ccc(C(F)(F)F)cc4NCC4CCCC4)ncn3)cccc21,Nc1cccc2c1CCC2O.FC(F)(F)c1ccc(-c2cc(Cl)ncn2)c(NCC2CCCC2)c1
353,mc_beam,True,True,0.6,15,Nc1nccc(Oc2ccc(N)c3cccnc23)c1[N+](=O)[O-],Nc1nccc(Oc2ccc(N)c3cccnc23)c1[N+](=O)[O-],Cl.Cl.Nc1ccc(O)c2ncccc12.O=C([O-])[O-].[K+].[K+].Nc1nccc(Cl)c1[N+](=O)[O-].CS(C)=O.O
354,mc_beam,False,False,1.0,20,CCn1c(-c2nc(-c3cccc(N)c3)cnc2N)nc2cnccc21,CCn1c(-c2nc(-c3cccc(NC(=O)CN)c3)cnc2N)nc2cnccc21,CCn1c(-c2nc(Br)cnc2N)nc2cnccc21.CC1(C)OB(c2cccc(N)c2)OC1(C)C.O=C([O-])[O-].[Na+].[Na+].O.NN.CCO.CO.CN(C)C=O
355,mc_beam,True,True,1.0,22,CN(C)CC(=O)Nc1ccc(S(=O)(=O)Nc2nc3ccccc3nc2Cl)cc1,CN(C)CC(=O)Nc1ccc(S(=O)(=O)Nc2nc3ccccc3nc2Cl)cc1,Nc1ccc(S(=O)(=O)Nc2nc3ccccc3nc2Cl)cc1.Cl.CN(C)CC(=O)Cl.CCN(C(C)C)C(C)C.ClCCl
356,mc_beam,True,True,1.0,11,CCOC(=O)c1cc2cc(Br)ccc2n1Cc1ccc(OC)cc1,CCOC(=O)c1cc2cc(Br)ccc2n1Cc1ccc(OC)cc1,CCOC(=O)c1cc2cc(Br)ccc2[nH]1.O=C([O-])[O-].[K+].[K+].COc1ccc(CBr)cc1.CN(C)C=O.CCOC(C)=O
357,mc_beam,True,True,0.5,22,Cc1c(C(=O)N2CCCc3ccc(O)cc3C2)[nH]c(C(N)=O)c1S(=O)(=O)c1cc(Cl)cc(Cl)c1,Cc1c(C(=O)N2CCCc3ccc(O)cc3C2)[nH]c(C(N)=O)c1S(=O)(=O)c1cc(Cl)cc(Cl)c1,COc1ccc2c(c1)CN(C(=O)c1[nH]c(C(N)=O)c(S(=O)(=O)c3cc(Cl)cc(Cl)c3)c1C)CCC2.BrB(Br)Br.ClCCl
358,mc_beam,False,False,0.4,14,O=C(O)CC(=O)c1cccc(OC(F)(F)F)c1,CC1(C)OC(=O)C=C(c2cccc(OC(F)(F)F)c2)O1,O=C(Cl)c1cccc(OC(F)(F)F)c1.C[Si](C)(C)OC(=O)CC(=O)O[Si](C)(C)C.[Li+].[Br-].O=S(=O)(O)O.C=C(C)OC(C)=O.CC#N.CCN(CC)CC
359,mc_beam,False,False,0.7,20,COc1ccc(C(=O)N2CC2C#N)cc1,O=C(NC1CCCCC1)NC1CCCCC1,COc1ccc(C(=O)O)cc1.N#CC1CN1.C(=NC1CCCCC1)=NC1CCCCC1.C1COCCO1
360,mc_beam,True,True,0.9,18,CCCCC(CC)C(=O)[O-],CCCCC(CC)C(=O)[O-],CCC[CH2][Sn]([Cl])([Cl])[Cl].[OH-].[Na+].CCCCC(CC)C(=O)O.O
361,mc_beam,True,True,0.8,9,COc1cn(-c2cccc3cccnc23)nc(C(=O)O)c1=O,COc1cn(-c2cccc3cccnc23)nc(C(=O)O)c1=O,COC(=O)c1nn(-c2cccc3cccnc23)cc(OC)c1=O.[OH-].[Na+].C1CCOC1.Cl.CO
362,mc_beam,False,False,0.8,17,c1ccc(C2CCc3ccccc3O2)cc1,O[C@H]1Cc2ccccc2O[C@@H]1c1ccccc1,C1=CC(c2ccccc2)Oc2ccccc21.B.C1CCOC1.[OH-].[Na+].OO.CCOCC.O
363,mc_beam,True,True,1.0,19,CSc1ncc(C#N)c(N(C)C(C)=O)n1,CSc1ncc(C#N)c(N(C)C(C)=O)n1,CSc1ncc(C#N)c(NC(C)=O)n1.CI.[H-].[Na+].CS(C)=O
364,mc_beam,True,True,0.9,9,NCc1ccc(-c2nc3ccncc3[nH]2)cc1,NCc1ccc(-c2nc3ccncc3[nH]2)cc1,N#Cc1ccc(-c2nc3ccncc3[nH]2)cc1.[BH4-].[Na+].CO.O.O.O.O.O.O.[Cl][Co][Cl]
365,mc_beam,True,True,0.6,22,Nc1scc2c1C(=O)N(C1CCC(=O)NC1=O)C2=O,Nc1scc2c1C(=O)N(C1CCC(=O)NC1=O)C2=O,O=C1CCC(N2C(=O)c3csc([N+](=O)[O-])c3C2=O)C(=O)N1.C1CCOC1.[Pd]
366,mc_beam,True,True,1.0,14,CC(C)(C)OC(=O)N1CCC(CCOc2ccc(C=NO)cc2)CC1,CC(C)(C)OC(=O)N1CCC(CCOc2ccc(C=NO)cc2)CC1,CC(C)(C)OC(=O)N1CCC(CCOc2ccc(C=O)cc2)CC1.Cl.NO.[OH-].[Na+].Cl.CO
367,mc_beam,True,True,1.0,13,Cc1ccc(CC#N)cc1O,Cc1ccc(CC#N)cc1O,COc1cc(CC#N)ccc1C.BrB(Br)Br.ClCCl
368,mc_beam,True,True,0.8,20,C[C@@H](Oc1cc(-n2cnc3cc(-c4ccnc(NCCCN5CCN(C)CC5)c4)ccc32)sc1C(N)=O)c1ccccc1Cl,C[C@@H](Oc1cc(-n2cnc3cc(-c4ccnc(NCCCN5CCN(C)CC5)c4)ccc32)sc1C(N)=O)c1ccccc1Cl,C[C@@H](Oc1cc(-n2cnc3cc(-c4ccnc(F)c4)ccc32)sc1C(N)=O)c1ccccc1Cl.CN1CCN(CCCN)CC1
369,mc_beam,True,True,1.0,25,CC(C)(O)CCCCCc1ccc(CCc2ccc(O)c(CO)c2)cc1,CC(C)(O)CCCCCc1ccc(CCc2ccc(O)c(CO)c2)cc1,CC(C)(O)CCCCCc1ccc(C=Cc2ccc(O)c(CO)c2)cc1.[Pd]
370,mc_beam,False,False,0.3,21,COCCCOc1cc(C[C@@H](C/C=C/C[C@H](C(=O)N(C)C)C(C)C)C(C)C)cc(Br)c1OC,COCCCOc1cc(C[C@@H](CC(Br)C2C[C@@H](C(C)C)C(=O)O2)C(C)C)ccc1OC,CC(=O)O.COCCCOc1cc(C[C@@H](C/C=C/C[C@H](C(=O)N(C)C)C(C)C)C(C)C)ccc1OC.O=C1CCC(=O)N1Br.O=C([O-])O.[Na+].C1CCOC1.O.CCOC(C)=O
371,mc_beam,True,True,0.7,15,COc1cc(C)cc2c1Oc1ccc(C(O)CC(C)C)c(O)c1C(=O)OC2,COc1cc(C)cc2c1Oc1ccc(C(O)CC(C)C)c(O)c1C(=O)OC2,COc1cc(C)cc2c1Oc1ccc(C(=O)CC(C)C)c(O)c1C(=O)OC2.CC(=O)O.[BH3-]C#N.[Na+].C1CCOC1
372,mc_beam,False,False,1.0,29,CNC(=S)Nc1ccc(OCC(=O)c2ccc(Cl)c(S(=O)(=O)N(C)C)c2)cc1,CN1C(=Nc2ccc(O)cc2)SCC1(O)c1ccc(Cl)c(S(=O)(=O)N(C)C)c1,CN(C)S(=O)(=O)c1cc(C(=O)CBr)ccc1Cl.CNC(=S)Nc1ccc(O)cc1.CC(C)=O.CCO.CCOC(C)=O
373,mc_beam,True,True,1.0,19,O=[N+]([O-])c1ccc(Oc2ccccc2)nc1,O=[N+]([O-])c1ccc(Oc2ccccc2)nc1,O=[N+]([O-])c1ccc(Cl)nc1.O.O.O.[O-]c1ccccc1.[Na+].CN(C)C=O
374,mc_beam,False,True,0.4,10,COC(=O)c1ccc(-c2ccc3cc(OC)c(Br)cc3n2)cc1,COC(=O)c1ccc(-c2ccc3c(Br)c(OC)ccc3n2)cc1,COC(=O)c1ccc(-c2ccc3cc(OC)ccc3n2)cc1.BrBr.ClCCl
375,mc_beam,True,True,0.7,24,Fc1ccc(-c2ccnc(Oc3ccc(F)c(C(F)(F)F)c3)n2)cc1,Fc1ccc(-c2ccnc(Oc3ccc(F)c(C(F)(F)F)c3)n2)cc1,Fc1ccc(-c2ccnc(Cl)n2)cc1.O=C([O-])[O-].[K+].[K+].Oc1ccc(F)c(C(F)(F)F)c1.CCOC(C)=O.CN(C)C=O
376,mc_beam,False,False,0.4,20,O=C(O)c1c(O)cc(O)cc1O,CC1(C)OC(=O)c2c(O)cc(O)cc2O1,O=C(O)c1c(O)cc(O)cc1O.CC(C)=O.O=C(O)C(F)(F)F
377,mc_beam,True,True,1.0,20,CCN1C(=O)COc2cc([N+](=O)[O-])ccc21,CCN1C(=O)COc2cc([N+](=O)[O-])ccc21,O=C1COc2cc([N+](=O)[O-])ccc2N1.O=C([O-])[O-].[K+].[K+].CCI.O.CN(C)C=O
378,mc_beam,False,True,0.4,23,CCOc1cc2c(cc1OCC)C(=C(C#N)SCC(O)CN1CCOCC1)N(C(=O)c1ccccc1)CC2,CCOc1cc2c(cc1OCC)C(=C(C#N)SCC(CN1CCOCC1)OC(=O)c1ccccc1)NCC2,c1ccccc1.O=C(Cl)c1ccccc1.CCOc1cc2c(cc1OCC)C(=C(C#N)SCC(O)CN1CCOCC1)NCC2.CCN(CC)CC
379,mc_beam,True,True,0.6,23,COc1ccc(Cl)c(C(C)C(=O)c2ccc3c(c2)N(C)C(=O)CO3)c1,COc1ccc(Cl)c(C(C)C(=O)c2ccc3c(c2)N(C)C(=O)CO3)c1,COc1ccc(Cl)c(CC(=O)c2ccc3c(c2)N(C)C(=O)CO3)c1.[H-].[Na+].CI.C1CCOC1
380,mc_beam,True,True,0.8,19,C=CCOC(=O)OCCCCCCS,C=CCOC(=O)OCCCCCCS,S.[Na].C1CCOC1.C=CCOC(=O)OCCCCCCBr.CCOCC
381,mc_beam,True,True,1.0,19,COC(=O)c1cc(F)c(C)c(B2OC(C)(C)C(C)(C)O2)c1,COC(=O)c1cc(F)c(C)c(B2OC(C)(C)C(C)(C)O2)c1,COC(=O)c1cc(F)c(C)c(I)c1.CC(=O)[O-].[K+].CC1(C)OB(B2OC(C)(C)C(C)(C)O2)OC1(C)C.CN(C)C=O.[Cl][Pd][Cl].c1ccc(P(c2ccccc2)[c-]2cccc2)cc1.c1ccc(P(c2ccccc2)[c-]2cccc2)cc1.[Fe+2]
382,mc_beam,False,False,0.7,21,CCC(=O)c1ccc(Br)nc1,NC1(c2ccc(Br)nc2)CC1,N#Cc1ccc(Br)nc1.C[CH2][Mg][Br].C1CCOC1.Cl
383,mc_beam,False,False,0.7,20,COC[C@@H](CCOCc1ccccc1)NCC(OC)OC,COC[C@H](CCOCc1ccccc1)NCC(OC)OC,COC[C@@H](N)CCOCc1ccccc1.COC(C=O)OC.O=S(=O)([O-])[O-].[Mg+2].CC(=O)O.[BH3-]C#N.[Na+].CO
384,mc_beam,False,False,0.2,36,COc1ccc(C(=O)OC[C@H]2O[C@@H](n3cc(F)c(=O)[nH]c3=O)C[C@@H]2OCc2cccs2)cc1,COc1ccc(C(=O)n2c(=O)c(F)cn([C@H]3C[C@H](OCc4cccs4)[C@@H](COC(C)=O)O3)c2=O)cc1,CC(=O)OC[C@H]1O[C@@H](n2cc(F)c(=O)[nH]c2=O)C[C@@H]1OCc1cccs1.CCN(CC)CC.COc1ccc(C(=O)Cl)cc1.C1COCCO1
385,mc_beam,True,True,1.0,13,O=C(O)CN1CCN(C(c2ccc(Cl)cc2)c2ccc(Cl)cc2)CC1=O,O=C(O)CN1CCN(C(c2ccc(Cl)cc2)c2ccc(Cl)cc2)CC1=O,COC(=O)CN1CCN(C(c2ccc(Cl)cc2)c2ccc(Cl)cc2)CC1=O.O.[OH-].[Li+].C1CCOC1.CO.O
386,mc_beam,False,False,0.3,21,Cc1c(F)ccc(-n2nccn2)c1C(=O)N1CCC[C@@H](C)C1,Cc1c(F)ccc(-n2nccn2)c1C(=O)N1CCC[C@@H](C)[C@H]1CNc1ccc(C(F)(F)F)cn1,Cc1c(F)ccc(-n2nccn2)c1C(=O)O.C[C@@H]1CCCN[C@@H]1CN1C(=O)c2ccccc2C1=O.FC(F)(F)c1ccc(Cl)nc1
387,mc_beam,True,True,1.0,18,Cc1cc(Br)ccc1NC(=O)C1CC1,Cc1cc(Br)ccc1NC(=O)C1CC1,Cc1cc(Br)ccc1N.CCN(C(C)C)C(C)C.CN(C)C=O.O=C(Cl)C1CC1.CCOC(C)=O.O
388,mc_beam,True,True,1.0,24,CCOc1cc(C#N)c([N+](=O)[O-])cc1C(F)(F)F,CCOc1cc(C#N)c([N+](=O)[O-])cc1C(F)(F)F,CCOc1cc(Br)c([N+](=O)[O-])cc1C(F)(F)F.N#[C][Cu].Cl.CN1CCCC1=O
389,mc_beam,False,False,1.0,16,Cc1ccc(C2=CCC(C)(C)c3cc(C(=O)C=Cc4ccc(C(=O)O)cc4)ccc32)cc1,Cc1ccc(C2=CC(C)(C)c3cc(C(=O)C=Cc4ccc(C(=O)OCC[Si](C)(C)C)cc4)ccc32)cc1,Cc1ccc(C2=CCC(C)(C)c3cc(C(=O)C=Cc4ccc(C(=O)OCC[Si](C)(C)C)cc4)ccc32)cc1.CC(=O)c1ccc2c(c1)C(C)(C)C=C2c1ccc(C)cc1
390,mc_beam,True,True,0.9,20,C#CC(=O)c1ccc(C)c(-n2c(C)nc(OCc3csc(C)n3)c(Cl)c2=O)c1,C#CC(=O)c1ccc(C)c(-n2c(C)nc(OCc3csc(C)n3)c(Cl)c2=O)c1,CON(C)C(=O)c1ccc(C)c(-n2c(C)nc(OCc3csc(C)n3)c(Cl)c2=O)c1.C#[C][Mg][Br].C1CCOC1
391,mc_beam,True,True,0.8,24,CC(C)N1CC(CCN2CCC(O)(c3ccccc3)CC2)C(c2ccccc2)(c2ccccc2)C1=O,CC(C)N1CC(CCN2CCC(O)(c3ccccc3)CC2)C(c2ccccc2)(c2ccccc2)C1=O,CC(C)N1CC(CCCl)C(c2ccccc2)(c2ccccc2)C1=O.OC1(c2ccccc2)CCNCC1.O=C([O-])[O-].[K+].[K+]
392,mc_beam,False,False,0.9,14,Cc1ccc2c3c(ccc2n1)OC[C@H](CN1CC(Cc2c[nH]c4ccc(F)cc24)C1)O3,Cc1ccc2c3c(ccc2n1)OCC(CN1CC(Cc2c[nH]c4ccc(F)cc24)C1)O3,Cc1ccc2c3c(ccc2n1)OC[C@H](COS(=O)(=O)c1ccc(Br)cc1)O3.Fc1ccc2[nH]cc(CC3CNC3)c2c1.CCN(CC)CC.CS(C)=O
393,mc_beam,False,False,0.8,19,C=C[C@@H](CC)[C@H](C(=O)O)c1ccc(Cl)cc1,CCC=CCOC(=O)Cc1ccc(OC)cc1,C=C[C@@H](CC)[C@H](C(=O)O)c1ccc(Cl)cc1.CC/C=C/CO.COc1ccc(CC(=O)O)cc1
394,mc_beam,False,True,1.0,15,CC(C)Oc1c(C(=O)NCc2ccc(Cl)cc2)cnc2sc(I)cc12,CC(C)n1cc(C(=O)NCc2ccc(Cl)cc2)c(=O)c2cc(I)sc21,O=C(NCc1ccc(Cl)cc1)c1cnc2sc(I)cc2c1O.O=C([O-])[O-].[K+].[K+].CC(C)Br.CN(C)C=O
395,mc_beam,True,True,1.0,16,CCCC(C(=O)OC)c1cn(C)c2ccccc12,CCCC(C(=O)OC)c1cn(C)c2ccccc12,CCCC(C(=O)O)c1cn(C)c2ccccc12.O=S(=O)(O)O.CO
396,mc_beam,False,True,0.7,24,COc1ccccc1-c1ncnc(Nc2cccc(CS(N)(=O)=O)c2)n1,COc1ccccc1-c1ncnc(Nc2ccc3c(c2)N(S(N)(=O)=O)CC3)n1,COc1ccccc1-c1ncnc(Nc2cccc(CS(N)(=O)=O)c2)n1.NS(=O)(=O)N1CCc2ccc(Nc3ncnc(Cl)n3)cc21.COc1ccccc1B(O)O
397,mc_beam,True,True,1.0,13,Cc1nc(NC(=O)c2ccccc2)sc1C(=O)NCc1ccccc1C(F)(F)F,Cc1nc(NC(=O)c2ccccc2)sc1C(=O)NCc1ccccc1C(F)(F)F,NCc1ccccc1C(F)(F)F.Cc1nc(NC(=O)c2ccccc2)sc1C(=O)Cl
398,mc_beam,False,True,0.6,18,O=C(Nc1nc(-c2ccc(F)cc2)cs1)C(Cc1c[nH]cn1)NC(=O)[C@@H]1O[C@H]1C(=O)O,O=C(Nc1nc(-c2ccc(F)cc2)cs1)[C@H](Cc1c[nH]cn1)NC(=O)[C@@H]1O[C@H]1C(=O)O,CCOC(=O)[C@@H]1O[C@H]1C(=O)NC(Cc1c[nH]cn1)C(=O)Nc1nc(-c2ccc(F)cc2)cs1.[Li+].[OH-].C1CCOC1.CO.O
399,mc_beam,True,True,0.3,27,NC(=O)c1cc(OCCN(Cc2ccccc2)CC(O)COc2ccccc2-c2cc3ccccc3[nH]2)ccc1O,NC(=O)c1cc(OCCN(Cc2ccccc2)CC(O)COc2ccccc2-c2cc3ccccc3[nH]2)ccc1O,c1ccc(-c2cc3ccccc3[nH]2)c(OCC2CO2)c1.NC(=O)c1cc(OCCNCc2ccccc2)ccc1O.CC(C)O
400,mc_beam,False,False,0.7,21,CSC(=S)N1Cc2c(n(Cc3ccccc3)c3ccccc23)C[C@H]1C(=O)O,CSC(=S)N1Cc2c(c3ccccc3n2Cc2ccccc2)C[C@@H]1C(=O)O,O=C(O)[C@H]1Cc2c(n(Cc3ccccc3)c3ccccc23)CN1.[OH-].[Na+].CI.Cl.S=C=S.CS(C)=O.O
401,mc_beam,True,True,1.0,16,O=C(Cl)c1cc2cc(F)ccc2[nH]1,O=C(Cl)c1cc2cc(F)ccc2[nH]1,O=C(O)c1cc2cc(F)ccc2[nH]1.O=C(Cl)C(=O)Cl
402,mc_beam,False,False,0.7,19,CCOC(=O)C1(CCOC)CCN(S(=O)(=O)CC(C)C)CC1,CC(C)CS(=O)(=O)N1CCC2(CCN(c3ccc(CC(F)(F)F)cc3)C2=O)CC1,CCOC(=O)C1(CCOC)CCNCC1.CC(C)CS(=O)(=O)Cl.Nc1ccc(CC(F)(F)F)cc1
403,mc_beam,True,True,0.6,14,CCOC(=O)CCCOc1cccc(CCCCCCOc2cc(I)cc(S(C)(=O)=O)c2)c1CCC(=O)OCC,CCOC(=O)CCCOc1cccc(CCCCCCOc2cc(I)cc(S(C)(=O)=O)c2)c1CCC(=O)OCC,CCOC(=O)CCCOc1cccc(CCCCCCBr)c1CCC(=O)OCC.CS(=O)(=O)c1cc(O)cc(I)c1.O=C([O-])[O-].[K+].[K+].CN(C)C=O.O.CC(C)=O
404,mc_beam,True,True,0.7,20,CC(C)NC(=O)OC1SCN(c2ccccc2)C1=O,CC(C)NC(=O)OC1SCN(c2ccccc2)C1=O,O=C1C(O)SCN1c1ccccc1.CCN(CC)CC.CC(C)N=C=O.ClC(Cl)Cl
405,mc_beam,False,False,0.5,31,CC1CN(C(=O)c2ccc3c(c2)-c2sc(C(=O)N(C)c4ccc(Cl)cc4Cl)cc2CCO3)CC(C)N1,C[C@@H]1CN(C(=O)c2ccc3c(c2)-c2sc(C(=O)N(C)c4ccc(Cl)cc4Cl)cc2CCO3)C[C@H](C)N1,CN(C(=O)c1cc2c(s1)-c1cc(C(=O)O)ccc1OCC2)c1ccc(Cl)cc1Cl.CC1CNCC(C)N1
406,mc_beam,True,True,1.0,15,Cn1cc(-c2nc3c(Cl)ccnc3[nH]2)cn1,Cn1cc(-c2nc3c(Cl)ccnc3[nH]2)cn1,Clc1ccnc2[nH]c(Br)nc12.Cn1cc(B2OC(C)(C)C(C)(C)O2)cn1.ClCCl.O=C([O-])[O-].[K+].[K+].C1COCCO1.O.c1ccc(P(c2ccccc2)[c-]2cccc2)cc1.c1ccc(P(c2ccccc2)[c-]2cccc2)cc1.[Cl][Pd][Cl].[Fe+2]
407,mc_beam,False,True,0.8,25,C=C1CC(C(=O)OCc2ccccc2)N(C(=O)OC(C)(C)C)C1,C=C1CC(C(=O)OC)N(C(=O)OCc2ccccc2)C1,C=C1CC(C(=O)O)N(C(=O)OC(C)(C)C)C1.Cl.C1COCCO1.CCN(C(C)C)C(C)C.O=C(Cl)OCc1ccccc1.CO.O
408,mc_beam,False,False,0.4,21,O=C(Oc1ccc(C2C(c3ccc(OCCCl)cc3)Oc3cc(O)ccc3C2(O)C(F)(F)F)cc1)C(F)(F)F,Oc1ccc(C2=C(C(F)(F)F)c3ccc(O)cc3OC2c2ccc(OCCCl)cc2)cc1,O=C(OC(=O)C(F)(F)F)C(F)(F)F.c1ccncc1.Oc1ccc(C2C(c3ccc(OCCCl)cc3)Oc3cc(O)ccc3C2(O)C(F)(F)F)cc1.[Cl-].[Na+].C1CCOC1.CCOC(C)=O
409,mc_beam,True,True,0.9,18,CCC(CC)(c1ccc(CCC(O)C(C)(C)C)c(C)c1)c1ccc(NC(=O)CCCC(=O)O)c(C)c1,CCC(CC)(c1ccc(CCC(O)C(C)(C)C)c(C)c1)c1ccc(NC(=O)CCCC(=O)O)c(C)c1,CCC(CC)(c1ccc(CCC(O)C(C)(C)C)c(C)c1)c1ccc(NC(=O)CCCC(=O)OC)c(C)c1.[OH-].[Na+].Cl.ClCCl.CO
410,mc_beam,True,True,1.0,19,CCCc1ccc(S(=O)(=O)c2ccccc2)cc1S(=O)(=O)NC1CCOCC1,CCCc1ccc(S(=O)(=O)c2ccccc2)cc1S(=O)(=O)NC1CCOCC1,CCCc1ccc(S(=O)(=O)c2ccccc2)cc1S(=O)(=O)Cl.NC1CCOCC1
411,mc_beam,False,False,0.4,26,NNC(=S)NNC(=O)Cc1ccc2ncccc2c1,Nn1c(S)nnc1Cc1ccc2ncccc2c1,[K+].O=C(Cc1ccc2ncccc2c1)NNC(=S)[S-].O.NN.S.O
412,mc_beam,True,True,0.9,11,O=C(NCc1cccc(Cl)c1)c1ccc2c(c1)N=C(N1CCCCC1)c1cc(F)ccc1S2,O=C(NCc1cccc(Cl)c1)c1ccc2c(c1)N=C(N1CCCCC1)c1cc(F)ccc1S2,O=C(NCc1cccc(Cl)c1)c1ccc2c(c1)N=C(Cl)c1cc(F)ccc1S2.C1CCNCC1
413,mc_beam,True,True,0.9,14,CCCOc1ccc(F)c2c(=O)c(-c3ccoc3)c[nH]c12,CCCOc1ccc(F)c2c(=O)c(-c3ccoc3)c[nH]c12,CCCOc1ccc(F)c2c(=O)c(I)c[nH]c12.Cc1ccccc1.OB(O)c1ccoc1.O=C([O-])[O-].[Na+].[Na+].O.CO
414,mc_beam,True,True,1.0,17,CCOP(=O)(COC(=O)c1ccccc1OC)OCC,CCOP(=O)(COC(=O)c1ccccc1OC)OCC,CCOP(=O)(CO)OCC.COc1ccccc1C(=O)Cl.c1ccncc1.ClCCl
415,mc_beam,True,True,0.9,18,Cc1c(-c2ccccc2)c(F)c2oc(-c3cnccn3)nc2c1C#N,Cc1c(-c2ccccc2)c(F)c2oc(-c3cnccn3)nc2c1C#N,CCC[CH2][Sn]([CH2]CCC)([CH2]CCC)[c]1cnccn1.CC(C)(C)C1=C(O)C(C)(C(C)(C)C)CC=C1.Cc1c(-c2ccccc2)c(F)c2oc(Cl)nc2c1C#N.[Cl][Pd]([Cl])([P](c1ccccc1)(c1ccccc1)c1ccccc1)[P](c1ccccc1)(c1ccccc1)c1ccccc1.Cc1ccccc1
416,mc_beam,True,True,0.6,7,CO[C@H]1CC[C@H](N2C(=O)c3ccccc3C2=O)CC1,CO[C@H]1CC[C@H](N2C(=O)c3ccccc3C2=O)CC1,[H-].[Na+].O=C1c2ccccc2C(=O)N1[C@H]1CC[C@H](O)CC1.CI.CN(C)C=O.O
417,mc_beam,True,True,1.0,15,COc1cc2c(C)c(C(=O)O)[nH]c2cc1C(F)(F)F,COc1cc2c(C)c(C(=O)O)[nH]c2cc1C(F)(F)F,CCOC(=O)c1[nH]c2cc(C(F)(F)F)c(OC)cc2c1C.[OH-].[K+].Cl.CCO.O
418,mc_beam,False,True,0.5,17,NS(=O)(=O)c1cccc(-c2nc(-c3cnc4c(C(F)(F)F)cc(-c5ccc(C(F)(F)F)cc5)cn34)no2)c1,NS(=O)(=O)c1cccc(-c2noc(-c3cnc4c(C(F)(F)F)cc(-c5ccc(C(F)(F)F)cc5)cn34)n2)c1,O=C(O)c1cnc2c(C(F)(F)F)cc(-c3ccc(C(F)(F)F)cc3)cn12.N=C(NO)c1cccc(S(N)(=O)=O)c1
419,mc_beam,True,True,1.0,19,CCOC(=O)/C=C/c1cc2ccccc2n1CC(=O)OC(C)(C)C,CCOC(=O)/C=C/c1cc2ccccc2n1CC(=O)OC(C)(C)C,CCOC(=O)/C=C/c1cc2ccccc2[nH]1.CC(C)(C)OC(=O)CBr.O=C([O-])[O-].[Cs+].[Cs+].CN(C)C=O.CC(C)=O
420,mc_beam,False,False,0.7,20,CCCSC1=NC(=O)CS1,CCCSc1nc(OS(C)(=O)=O)cs1,CCCSC1=NC(=O)CS1.O=C([O-])[O-].[Na+].[Na+].CS(=O)(=O)Cl.O.CC#N
421,mc_beam,True,True,1.0,14,N#Cc1cc(-c2ncc(Br)s2)ccc1F,N#Cc1cc(-c2ncc(Br)s2)ccc1F,N#Cc1cc(-c2nccs2)ccc1F.O=C1CCC(=O)N1Br.[OH-].[Na+].CN(C)C=O
422,mc_beam,False,False,0.2,31,COC(=O)C(OC(C)(C)C)c1c(C)ccc(CC(O)CO)c1-c1ccc2c(c1)CCCO2,COC(=O)C(OC(C)(C)C)c1c(C)ccc(CC2CC2)c1-c1ccc2c(c1)CCCO2,C=CCc1ccc(C)c(C(OC(C)(C)C)C(=O)OC)c1-c1ccc2c(c1)CCCO2.ICI.C[CH2][Zn][CH2]C.CCCCCCC.C[N+]1([O-])CCOCC1.O.ClCCCl.[O]=[Os](=[O])(=[O])=[O]
423,mc_beam,True,True,0.9,14,Nc1cc(CCN2C(=O)c3ccccc3C2=O)cc(C(F)(F)F)c1,Nc1cc(CCN2C(=O)c3ccccc3C2=O)cc(C(F)(F)F)c1,Nc1cc(/C=C/N2C(=O)c3ccccc3C2=O)cc(C(F)(F)F)c1.CCO.C1CCOC1.[Pd]
424,mc_beam,True,True,1.0,10,CC(C)(C)OC(=O)N1CCN(c2nnc(C#N)s2)CC1,CC(C)(C)OC(=O)N1CCN(c2nnc(C#N)s2)CC1,N#Cc1nnc(Br)s1.CC(C)(C)OC(=O)N1CCNCC1.CCN(C(C)C)C(C)C.[NH4+].[Cl-].C1COCCO1
425,mc_beam,False,False,0.4,37,CC(C)c1cccc(C(C)C)c1N1C=CN(c2c(C(C)C)cccc2C(C)C)B1O,C=C(B1OC(C)(C)C(C)(C)O1)c1ccc(C(F)(F)F)cc1,CC(C)c1cccc(C(C)C)c1N1C=CN(c2c(C(C)C)cccc2C(C)C)[CH]1[Cu][Cl].CC(C)(C)[O-].[Na+].CC1(C)OB(B2OC(C)(C)C(C)(C)O2)OC1(C)C.C#Cc1ccc(C(F)(F)F)cc1.CO.C1CCOC1
426,mc_beam,False,False,1.0,12,CS(=O)(=O)OCCc1ccc2cc[nH]c2c1,CS(=O)(=O)CCc1ccc2cc[nH]c2c1,OCCc1ccc2cc[nH]c2c1.CCN(CC)CC.CS(=O)(=O)Cl.ClCCl
427,mc_beam,True,True,1.0,11,Cc1sc2nc(-n3ccnc3)nc(NCCc3ccc4c(c3)OCO4)c2c1C,Cc1sc2nc(-n3ccnc3)nc(NCCc3ccc4c(c3)OCO4)c2c1C,c1c[nH]cn1.Cc1sc2nc(Cl)nc(NCCc3ccc4c(c3)OCO4)c2c1C
428,mc_beam,False,False,0.8,20,CC(C)[C@H](Br)C(=O)Nc1c(C(N)=O)oc2ccccc12,CC(C)[C@@H](N=[N+]=[N-])c1nc2c(oc3ccccc32)c(=O)[nH]1,NC(=O)c1oc2ccccc2c1N.CC(C)[C@H](Br)C(=O)Cl.O.[N-]=[N+]=[N-].[Na+].CN(C)C=O
429,mc_beam,True,True,0.9,16,CC(C)(C)c1ccc(CN(CC(O)c2ccc(F)cc2)C(=O)c2cc(Cl)cc3cc[nH]c23)cc1,CC(C)(C)c1ccc(CN(CC(O)c2ccc(F)cc2)C(=O)c2cc(Cl)cc3cc[nH]c23)cc1,O=C(O)c1cc(Cl)cc2cc[nH]c12.CN(C)C(On1nnc2ccccc21)=[N+](C)C.F[B-](F)(F)F.CCN(C(C)C)C(C)C.CC(C)(C)c1ccc(CNCC(O)c2ccc(F)cc2)cc1.CN(C)C=O.O
430,mc_beam,False,False,0.8,25,O=C1CCN(c2ccc(CC3SC(=O)NC3=O)cc2F)CC1,O=C1NC(=O)C(Cc2ccc(N3CCC(NC[C@H](O)COc4cccc5[nH]c(=O)[nH]c45)CC3)c(F)c2)S1,NC[C@H](O)COc1cccc2[nH]c(=O)[nH]c12.O=C1CCN(c2ccc(CC3SC(=O)NC3=O)cc2F)CC1
431,mc_beam,True,True,1.0,15,C#Cc1ccc([N+](=O)[O-])c(NC2CCC2)n1,C#Cc1ccc([N+](=O)[O-])c(NC2CCC2)n1,C[Si](C)(C)C#Cc1ccc([N+](=O)[O-])c(NC2CCC2)n1.O=C([O-])[O-].[K+].[K+].ClCCl.CO
432,mc_beam,True,True,0.4,25,CCOC(=O)c1c(Cl)nc(-c2ccccc2)c([N+](=O)[O-])c1C(=O)OCC,CCOC(=O)c1c(Cl)nc(-c2ccccc2)c([N+](=O)[O-])c1C(=O)OCC,CCOC(=O)c1c([N+](=O)[O-])c(-c2ccccc2)[nH]c(=O)c1C(=O)OCC.O=P(Cl)(Cl)c1ccccc1.O
433,mc_beam,True,True,0.7,20,CC(C)(C)OC(=O)N1CC2OC2C1,CC(C)(C)OC(=O)N1CC2OC2C1,CC(C)(C)OC(=O)N1CC=CC1.O=C(OO)c1cccc(Cl)c1.ClCCl.ClCCCl
434,mc_beam,True,True,1.0,15,OCc1cc(O)ccc1Br,OCc1cc(O)ccc1Br,O=Cc1cc(O)ccc1Br.[BH4-].[Na+].CO
435,mc_beam,False,True,0.8,17,O=C(O)[C@@H]1CCCN1c1cncc(Br)c1,CC(C)Nc1cncc(Br)c1,Brc1cncc(Br)c1.O=C(O)[C@@H]1CCCN1.CC(C)N.CC(=O)[O][K].CN(C)C=O.[Cu][I]
436,mc_beam,True,True,0.6,20,O=C1Cc2cnc(C3CC3)nc2-c2cc(F)ccc2N1,O=C1Cc2cnc(C3CC3)nc2-c2cc(F)ccc2N1,CN(C)C=C1CC(=O)Nc2ccc(F)cc2C1=O.Cl.N=C(N)C1CC1
437,mc_beam,True,True,0.7,10,OCc1cc(CO)cc(CO)c1,OCc1cc(CO)cc(CO)c1,COC(=O)c1cc(C(=O)OC)cc(C(=O)OC)c1.[H-].[Al+3].[Li+].[H-].[H-].[H-].C1CCOC1
438,mc_beam,True,True,1.0,21,CC(C)(C)OC(=O)Nc1ccccc1F,CC(C)(C)OC(=O)Nc1ccccc1F,CC(C)(C)OC(=O)OC(=O)OC(C)(C)C.Nc1ccccc1F.C1CCOC1
439,mc_beam,True,True,0.7,16,COc1cc2ncnc(Nc3ccc(Cl)c(Cl)c3F)c2cc1NC(=O)/C=C/CN1C[C@@H]2OCCO[C@@H]2C1,COc1cc2ncnc(Nc3ccc(Cl)c(Cl)c3F)c2cc1NC(=O)/C=C/CN1C[C@@H]2OCCO[C@@H]2C1,COc1cc2ncnc(Nc3ccc(Cl)c(Cl)c3F)c2cc1NC(=O)/C=C/CBr.Cl.C1CO[C@@H]2CNC[C@@H]2O1.CCN(C(C)C)C(C)C.CC(=O)N(C)C
440,mc_beam,True,True,1.0,13,COc1nc(NC(=O)NS(=O)(=O)c2csc3ccccc23)nc(OC)n1,COc1nc(NC(=O)NS(=O)(=O)c2csc3ccccc23)nc(OC)n1,COc1nc(N)nc(OC)n1.O=C=NS(=O)(=O)c1csc2ccccc12
441,mc_beam,True,True,1.0,16,Cc1cccc(Nc2nc(-c3ccnc(C)c3)cs2)c1,Cc1cccc(Nc2nc(-c3ccnc(C)c3)cs2)c1,Cc1cc(C(=O)CBr)ccn1.Cc1cccc(NC(N)=S)c1.N.CCO.O
442,mc_beam,False,False,1.0,13,COCc1cccc(-c2ocnc2C(=O)OC)c1,COCc1cccc(C(=O)C(N)C(=O)OC)c1,COCc1cccc(-c2ocnc2C(=O)OC)c1.CC(=O)Cl.CO
443,mc_beam,False,False,0.5,15,Cc1ccc(F)cc1B1OC(C)(C)C(C)(C)O1,CC1(C)OB(c2cc(F)ccc2CBr)OC1(C)C,Cc1ccc(F)cc1B1OC(C)(C)C(C)(C)O1.O=C1CCC(=O)N1Br.CC(C)(C#N)N=NC(C)(C)C#N.O=C1CCC(=O)N1.ClC(Cl)(Cl)Cl
444,mc_beam,False,True,0.6,21,CCn1ccc2ccc(NC(=O)c3ccc(N4CCN(c5ccc(C(=O)O)cc5F)CC4)cc3)cc21,CCn1ccc2ccc(NC(=O)c3ccc(N4CCN(c5ccc(C(=O)O)cc5F)CC4)nc3)cc21,CCn1ccc2ccc(NC(=O)c3ccc(N4CCNCC4)nc3)cc21.O=C(O)c1ccc(Br)c(F)c1.CC(C)(C)c1cccc(NC(=O)c2ccc(N3CCN(c4ccc(C(=O)O)cc4)CC3)c(F)c2)c1
445,mc_beam,True,True,1.0,17,CC(C)(C)OC(=O)NC1CCN(CCCN2c3ccccc3N(c3ccccc3F)S2(=O)=O)CC1,CC(C)(C)OC(=O)NC1CCN(CCCN2c3ccccc3N(c3ccccc3F)S2(=O)=O)CC1,O=S1(=O)N(CCCBr)c2ccccc2N1c1ccccc1F.O=C([O-])[O-].[K+].[K+].CC(C)(C)OC(=O)NC1CCNCC1.CN(C)C=O.O
446,mc_beam,False,False,0.8,27,COC(=O)c1ccccc1O,COC(=O)c1ccccc1OCc1ccc(C=C2C(=O)C3(C)CCC2C3(C)C)cc1,COC(=O)c1ccccc1O.Oc1cccc2ccccc12.O=C(c1ccccc1)c1ccc(O)cc1.CCCCCCCCCCCCCC(=O)O.CCCCCCCCCCCCCCCC(=O)O.O=C(O)c1ccccc1
447,mc_beam,False,False,0.3,23,CC(C)NC(=O)c1cn(-c2cccc(C#CC(C)(O)c3ccccc3)c2)c2ncccc2c1=O,CC(C)(O)c1ccc(C#Cc2cccc(-n3cc(C(=O)NC4CC4)c(=O)c4cccnc43)c2)c[n+]1[O-],C#CC(C)(O)c1ccccc1.CC(C)(O)c1ccc(Br)c[n+]1[O-].CC(C)NC(=O)c1cn(-c2cccc(Br)c2)c2ncccc2c1=O
448,mc_beam,True,True,0.6,15,COc1nc(-c2ccccc2C(F)(F)F)cc(NC(=O)c2cc(C(C)(C)C)no2)c1[N+](=O)[O-],COc1nc(-c2ccccc2C(F)(F)F)cc(NC(=O)c2cc(C(C)(C)C)no2)c1[N+](=O)[O-],COc1nc(-c2ccccc2C(F)(F)F)cc(N)c1[N+](=O)[O-].[H-].[Na+].CC(C)(C)c1cc(C(=O)O)on1.O=C(Cl)C(=O)Cl.C1CCOC1.ClCCl.CN(C)C=O
449,mc_beam,True,True,0.7,26,COC(=O)C(F)(CO)C(=O)OC,COC(=O)C(F)(CO)C(=O)OC,COC(=O)C(F)C(=O)OC.C=O.O=C([O-])O.[K+].[Cl-].[NH4+]
450,mc_beam,False,True,0.5,18,O=C1CCc2ccc(OCCCCN3CCN(c4cccc5sccc45)CC3)cc2N1C(=O)c1ccccc1,O=C(OCN1C(=O)CCc2ccc(OCCCCN3CCN(c4cccc5sccc45)CC3)cc21)c1ccccc1,[H-].[Na+].O=C1CCc2ccc(OCCCCN3CCN(c4cccc5sccc45)CC3)cc2N1.O=C(OCCl)c1ccccc1.[Cl-].[NH4+].C1CCOC1
451,mc_beam,True,True,0.8,22,CCCCCCCCCCCCOC(=O)C(N)C(C)C,CCCCCCCCCCCCOC(=O)C(N)C(C)C,CC(C)C(N)C(=O)O.CCCCCCCCCCCCO.Cc1ccc(S(=O)(=O)O)cc1.Cc1ccccc1
452,mc_beam,False,True,0.2,22,N#Cc1cc(Nc2cccc(Oc3ccnc(C(N)=O)c3)c2)ccn1,N#Cc1cc(Oc2ccc(N)cc2)ccn1,NC(=O)c1cc(Oc2cccc(N)c2)ccn1.Nc1ccc(O)cc1.N#Cc1cc(Cl)ccn1
453,mc_beam,True,True,1.0,15,CCOC(=O)C1(CCOc2ccccc2)CCN(C(=O)OC(C)(C)C)CC1,CCOC(=O)C1(CCOc2ccccc2)CCN(C(=O)OC(C)(C)C)CC1,CCOC(=O)C1CCN(C(=O)OC(C)(C)C)CC1.C[Si](C)(C)[N-][Si](C)(C)C.[Na+].BrCCOc1ccccc1.C1CCOC1
454,mc_beam,False,True,0.6,18,Fc1ccc(NCCN2CCOCC2)cn1,Brc1ccc(NCCN2CCOCC2)nc1,NCCN1CCOCC1.Fc1ccc(Br)cn1.CCN(C(C)C)C(C)C.CS(C)=O
455,mc_beam,True,True,0.8,24,CCN1CCN(CC)c2cc(Nc3ncc(Cl)c(Nc4ccccc4-c4nccn4C)n3)ccc2C1,CCN1CCN(CC)c2cc(Nc3ncc(Cl)c(Nc4ccccc4-c4nccn4C)n3)ccc2C1,CCN1CCN(CC)c2cc(N)ccc2C1.Cn1ccnc1-c1ccccc1Nc1nc(Cl)ncc1Cl
456,mc_beam,False,False,0.7,19,CCNCC(=O)c1ccc(O)cc1,CCn1cc(-c2ccc(O)cc2)nc1S,Cl.CCNCC(=O)c1ccc(O)cc1.CCO.N#C[S-].[K+].O
457,mc_beam,False,False,0.6,22,CCOc1cc(OCCCCc2cn(Cc3ccccc3)nc2OCC)ccc1CCC(=O)OC,CCOc1cc(OCCCCc2c[nH]nc2OCC)ccc1CCC(=O)OC,CCOc1nn(Cc2ccccc2)cc1CCCCO.CCOc1cc(O)ccc1CCC(=O)OC.CCCCP(CCCC)CCCC.O=C(N=NC(=O)N1CCCCC1)N1CCCCC1.C1CCOC1
458,mc_beam,False,True,0.5,19,OC1(c2nccs2)CCC2(CC1)OCCO2,OC1(c2cncs2)CCC2(CC1)OCCO2,C[Si](C)(C)c1nccs1.[Li][CH2]CCC.O=C1CCC2(CC1)OCCO2.CCCC[N+](CCCC)(CCCC)CCCC.[F-].C1CCOC1
459,mc_beam,True,True,0.9,19,CCOC(=O)C=Cc1c(O)ccc2cc(C#N)ccc12,CCOC(=O)C=Cc1c(O)ccc2cc(C#N)ccc12,N#Cc1ccc2c(C=O)c(O)ccc2c1.[Br-].CCOC(=O)C[P+](c1ccccc1)(c1ccccc1)c1ccccc1.O=C([O-])[O-].[K+].[K+].CO.CN(C)C=O
460,mc_beam,True,True,1.0,24,CC(C)n1ncnc1-c1cc2n(n1)-c1cc(C3CN(Cc4ccncc4)C3)ccc1OCC2,CC(C)n1ncnc1-c1cc2n(n1)-c1cc(C3CN(Cc4ccncc4)C3)ccc1OCC2,CC(C)n1ncnc1-c1cc2n(n1)-c1cc(C3CNC3)ccc1OCC2.O=Cc1ccncc1.CO.CCOC(C)=O.C1CCCCC1
461,mc_beam,True,True,0.6,27,COc1ccc(NC(=O)c2ccc(N)c(I)c2)cc1OC,COc1ccc(NC(=O)c2ccc(N)c(I)c2)cc1OC,COC(=O)c1ccc(N)c(I)c1.[OH-].[Li+].O=C1OCCN1P(=O)(Cl)N1CCOC1=O.CCN(CC)CC.COc1ccc(N)cc1OC.CCOC(C)=O.ClCCl.O.CO
462,mc_beam,False,False,0.3,36,[N-]=[N+]=N[C@@H]1[C@H](OCc2ccccc2)[C@@H](O)[C@H](O)O[C@@H]1COCc1ccccc1,[N-]=[N+]=N[C@@H]1[C@H](OCc2ccccc2)[C@@H](O)C(O)O[C@@H]1COCc1ccccc1,O=C([O-])[O-].[K+].[K+].CC(=O)O[C@@H]1O[C@H](COCc2ccccc2)[C@H](N=[N+]=[N-])[C@H](OCc2ccccc2)[C@H]1OC(C)=O.CO.O
463,mc_beam,True,True,0.2,32,COc1ccc2cc(C(OC)(OC)C(C)N)ccc2c1,COc1ccc2cc(C(OC)(OC)C(C)N)ccc2c1,CCOC(=O)NC(C)C(OC)(OC)c1ccc2cc(OC)ccc2c1.[OH-].[K+].O.CO
464,mc_beam,True,True,1.0,12,C[C@H]1CC(=O)c2cc(S(N)(=O)=O)sc2S1,C[C@H]1CC(=O)c2cc(S(N)(=O)=O)sc2S1,[OH-].[NH4+].C[C@H]1CC(=O)c2cc(S(=O)(=O)Cl)sc2S1.ClCCl
465,mc_beam,True,True,1.0,23,Cc1cc(Oc2ccccc2)cc2c1C(CC(=O)O)OB2O,Cc1cc(Oc2ccccc2)cc2c1C(CC(=O)O)OB2O,CCOC(=O)CC1OB(O)c2cc(Oc3ccccc3)cc(C)c21.[OH-].[Li+].Cl.CO
466,mc_beam,True,True,0.4,23,CC1CN(C)c2c3c(nc4cccc(c24)O1)CCCC3,CC1CN(C)c2c3c(nc4cccc(c24)O1)CCCC3,[H-].[Al+3].[Li+].[H-].[H-].[H-].[Cl-].[Al+3].[Cl-].[Cl-].CC1Oc2cccc3nc4c(c(c23)N(C)C1=O)CCCC4.[OH-].[Na+].C1CCOC1.CCOC(C)=O
467,mc_beam,False,False,1.0,20,CN(C(=O)CN(c1ccccc1)c1ccccc1)[C@@H]1CCN(C(=O)c2ccccc2)C1,CN(C(=O)CN(c1ccccc1)c1ccccc1)[C@@H]1CCN(Cc2ccccc2)C1,CN[C@@H]1CCN(C(=O)c2ccccc2)C1.O=C(O)CN(c1ccccc1)c1ccccc1.ClCCCl.ClCCl.CN(C)c1ccncc1
468,mc_beam,True,True,1.0,17,CS(=O)(=O)c1ccccc1OCC(=O)NCC(O)CN1Cc2ccccc2C1,CS(=O)(=O)c1ccccc1OCC(=O)NCC(O)CN1Cc2ccccc2C1,CCOC(=O)COc1ccccc1S(C)(=O)=O.NCC(O)CN1Cc2ccccc2C1.CCO
469,mc_beam,True,True,0.9,18,Fc1cnccc1CCN1CCNCC1,Fc1cnccc1CCN1CCNCC1,CC(C)(C)OC(=O)N1CCN(CCc2ccncc2F)CC1.Cl.CO.COc1ccccc1.CCOCC
470,mc_beam,True,True,0.7,14,Cc1c(C(=O)Nc2cnc(N3CCC(=O)CC3)c(Cl)c2)cnn1-c1ccc(Cl)cc1,Cc1c(C(=O)Nc2cnc(N3CCC(=O)CC3)c(Cl)c2)cnn1-c1ccc(Cl)cc1,Cc1c(C(=O)Nc2cnc(N3CCC4(CC3)OCCO4)c(Cl)c2)cnn1-c1ccc(Cl)cc1.Cl.O.[OH-].[Na+].CC(=O)O
471,mc_beam,False,False,0.4,26,O=C1C=CC(=O)c2ccccc21,CC(=O)OC1C=CCC2C(=O)c3ccccc3C(=O)C12,O=C1C=CC(=O)c2ccccc21.C=CC=COC(C)=O.CC(=O)O
472,mc_beam,True,True,0.7,13,CCOC(=O)C(=O)c1ccc(O[C@H]2CCN(C(=O)OC(C)(C)C)C2)cc1,CCOC(=O)C(=O)c1ccc(O[C@H]2CCN(C(=O)OC(C)(C)C)C2)cc1,CCOC(=O)C(=O)c1ccc(O)cc1.CC(C)(C)OC(=O)N1CC[C@@H](O)C1.c1ccc(P(c2ccccc2)c2ccccc2)cc1.CCOC(=O)N=NC(=O)OCC.CCOC(C)=O.C1CCOC1
473,mc_beam,False,False,0.4,15,ICCOCc1nc2c(N(Cc3ccccc3)Cc3ccccc3)nc3ccccc3c2[nH]1,c1ccc(CN(Cc2ccccc2)c2nc3ccccc3c3c2nc2n3CCOC2)cc1,O=C([O-])[O-].[K+].[K+].[I-].[Na+].CS(=O)(=O)OCCOCc1nc2c(N(Cc3ccccc3)Cc3ccccc3)nc3ccccc3c2[nH]1.CC(C)=O
474,mc_beam,True,True,0.9,12,CC(C)c1cc(Br)cc(C(C)C)c1N,CC(C)c1cc(Br)cc(C(C)C)c1N,CC(C)c1cccc(C(C)C)c1N.O=C1CCC(=O)N1Br.O.CN(C)C=O
475,mc_beam,True,True,0.8,20,O=C(Cc1ccc(Cl)cc1)Nn1nc(CNC(=O)OC2CCCC2)c2ccccc2c1=O,O=C(Cc1ccc(Cl)cc1)Nn1nc(CNC(=O)OC2CCCC2)c2ccccc2c1=O,NCc1nn(NC(=O)Cc2ccc(Cl)cc2)c(=O)c2ccccc12.O=C(Cl)OC1CCCC1
476,mc_beam,False,False,0.4,19,COc1ccc(NS(N)(=O)=O)cc1,COc1ccc2c(c1)S(=O)(=O)NC(=O)N2,COc1ccc(N)cc1.O=C=NS(=O)(=O)Cl.[Cl-].[Al+3].[Cl-].[Cl-].CC[N+](=O)[O-]
477,mc_beam,False,False,0.5,32,CCOC(=O)CC(=O)CC(=O)O[C@@H]1C[C@H](C)CC[C@H]1C(C)C,CC(C)[C@@H]1CC[C@@H](C)C[C@H]1OC(=O)[C@@H]1C(=O)CC(=O)C[C@H]1C,CC(C)(C)[O-].[K+].CC(=O)CC(=O)O[C@@H]1C[C@H](C)CC[C@H]1C(C)C.C/C=C/C(=O)OCC.CC(C)(C)O
478,mc_beam,False,False,0.6,28,CCSC(SC)=C1C(=O)OC(C)(C)OC1=O,CCSC(SCC)=C1C(=O)OC(C)(C)OC1=O,CSC(SC)=C1C(=O)OC(C)(C)OC1=O.CCS.C[O-].[Na+].CO
479,mc_beam,True,True,1.0,18,CCOC(=O)c1[nH]cc(CCc2ccc(Cl)cc2)c1C,CCOC(=O)c1[nH]cc(CCc2ccc(Cl)cc2)c1C,CC[SiH](CC)CC.CCOC(=O)c1[nH]cc(C(=O)Cc2ccc(Cl)cc2)c1C.O=C(O)C(F)(F)F
480,mc_beam,False,False,0.5,10,Cn1c(=O)c2c(cc(N3CCC[C@@H](N)C3)n2Cc2ccccc2Cl)n(C)c1=O,Cn1c(=O)c2c(c(C=O)c(N3CCC[C@@H](NC(=O)OC(C)(C)C)C3)n2Cc2ccccc2Cl)n(C)c1=O,O=P(Cl)(Cl)Cl.Cn1c(=O)c2c(cc(N3CCC[C@@H](NC(=O)OC(C)(C)C)C3)n2Cc2ccccc2Cl)n(C)c1=O.O.CN(C)C=O
481,mc_beam,False,False,0.3,9,COc1cc([C@H]2CCN(C(=O)OC(C)(C)C)C[C@H]2C(=O)O)ccn1,CCOC(=O)[C@@H]1CN(C(=O)OC(C)(C)C)CC[C@H]1c1ccnc(OC)c1,CCOC(=O)[C@@H]1CN(C(=O)OC(C)(C)C)CC[C@@H]1c1ccnc(OC)c1.CC[O-].[Na+].CCO
482,mc_beam,True,True,0.7,21,O=C(CN1CCN(CC(=O)N2CCC3(CC2)Cn2cc([N+](=O)[O-])nc2O3)CC1)Nc1ccc(C(F)(F)F)cc1,O=C(CN1CCN(CC(=O)N2CCC3(CC2)Cn2cc([N+](=O)[O-])nc2O3)CC1)Nc1ccc(C(F)(F)F)cc1,CC(C)(C)OC(=O)N1CCN(CC(=O)N2CCC3(CC2)Cn2cc([N+](=O)[O-])nc2O3)CC1.O=C(O)C(F)(F)F.O=C(CBr)Nc1ccc(C(F)(F)F)cc1.CCN(CC)CC.ClCCl.O
483,mc_beam,True,True,0.5,12,CC(C)(C)OC(=O)N1CCCN(c2ccc(C=O)c(O)n2)CC1,CC(C)(C)OC(=O)N1CCCN(c2ccc(C=O)c(O)n2)CC1,O=Cc1ccc(Cl)nc1O.CC(C)(C)OC(=O)N1CCCNCC1.O=C([O-])O.[Na+].CS(C)=O
484,mc_beam,False,False,0.7,13,Cn1cc(C(=O)N2CCC2)cn1,Cn1ncc(C(=O)N2CCC2)c1C(=O)O,CN(C)C(=O)c1cnn(C)c1C(=O)O.Cn1cc(C(=O)N2CCC2)cn1
485,mc_beam,True,True,0.4,12,COc1cc(N2CCN(C(C)=O)CC2)ccc1Nc1ncc(Cl)c(-c2cnc3cc(N4CCCC4)ccn23)n1,COc1cc(N2CCN(C(C)=O)CC2)ccc1Nc1ncc(Cl)c(-c2cnc3cc(N4CCCC4)ccn23)n1,COc1cc(N2CCN(C(C)=O)CC2)ccc1Nc1ncc(Cl)c(-c2cnc3cc(Cl)ccn23)n1.C1CCNC1.ClCCl.CCO
486,mc_beam,True,True,1.0,15,CC(C)(Br)C(=O)NCCOCc1ccccc1,CC(C)(Br)C(=O)NCCOCc1ccccc1,CC(C)(Br)C(=O)Br.O=C([O-])[O-].[K+].[K+].NCCOCc1ccccc1.ClCCl
487,mc_beam,True,True,0.9,12,COC(=O)c1cccc2cc(Oc3ccc(OC)nc3)ccc12,COC(=O)c1cccc2cc(Oc3ccc(OC)nc3)ccc12,COC(=O)c1cccc2cc(O)ccc12.COc1ccc(B(O)O)cn1.CCN(CC)CC.CC#N.CC(=O)[O-].[Cu+2].CC(=O)[O-]
488,mc_beam,False,False,1.0,22,N#CNc1ccc(-n2cccn2)c(CN)c1,CCOC(=N)Nc1ccc(-n2cccn2)c(CN)c1,CC(C)(C)OC(=O)NCc1cc(NC#N)ccc1-n1cccn1.Cl.CCO
489,mc_beam,True,True,1.0,14,CC(=O)Nc1nc(CN(C)C)cs1,CC(=O)Nc1nc(CN(C)C)cs1,CC(=O)Nc1nc(CCl)cs1.CNC.C1CCOC1
490,mc_beam,True,True,1.0,22,O=C1CCCN1c1ccc(OS(=O)(=O)C(F)(F)F)c(Cc2ccccc2)c1,O=C1CCCN1c1ccc(OS(=O)(=O)C(F)(F)F)c(Cc2ccccc2)c1,O=C1CCCN1c1ccc(O)c(Cc2ccccc2)c1.O=S(=O)(N(c1ccccc1)S(=O)(=O)C(F)(F)F)C(F)(F)F.CCN(CC)CC.CN(C)c1ccncc1.ClCCl
491,mc_beam,False,True,1.0,11,CC(C)(C)c1ccc(C(=O)NCCc2cccc(C(F)(F)F)c2)c(Cl)c1,CC(C)(C)c1ccc(CNCCc2cccc(C(F)(F)F)c2)c(Cl)c1,CC(C)(C)c1ccc(C(=O)NCCc2cccc(C(F)(F)F)c2)c(Cl)c1.Cl.[OH-].[Na+].C1CCOC1
492,mc_beam,True,True,0.5,19,COC(=O)c1cc(O)c2cc(C#CCNC(=O)OC(C)(C)C)cc(OCc3ccccc3)c2n1,COC(=O)c1cc(O)c2cc(C#CCNC(=O)OC(C)(C)C)cc(OCc3ccccc3)c2n1,COC(=O)c1cc(O)c2cc(Br)cc(OCc3ccccc3)c2n1.C#Cc1ccccc1.C#CCNC(=O)OC(C)(C)C
493,mc_beam,False,False,0.9,11,COC(=O)C=CCc1ccccc1[N+](=O)[O-],COC(=O)C/C=C/c1ccccc1[N+](=O)[O-],O=CCc1ccccc1[N+](=O)[O-].COC(=O)C=P(c1ccccc1)(c1ccccc1)c1ccccc1.Cc1ccccc1
494,mc_beam,True,True,0.8,22,CC(=O)Nc1ccc(C(=O)N(CCN2CCC(C(=O)c3ccc(F)cc3)CC2)c2cccc(C(F)(F)F)c2)cc1,CC(=O)Nc1ccc(C(=O)N(CCN2CCC(C(=O)c3ccc(F)cc3)CC2)c2cccc(C(F)(F)F)c2)cc1,Nc1ccc(C(=O)N(CCN2CCC(C(=O)c3ccc(F)cc3)CC2)c2cccc(C(F)(F)F)c2)cc1.CC(=O)OC(C)=O
495,mc_beam,True,True,0.8,11,CC1=C(C(=O)Nc2cc(C(=O)OC(C)C)c(C)cc2F)SCCO1,CC1=C(C(=O)Nc2cc(C(=O)OC(C)C)c(C)cc2F)SCCO1,O=S(Cl)Cl.CC1=C(C(=O)O)SCCO1.Cc1cc(F)c(N)cc1C(=O)OC(C)C.CCN(CC)CC.ClCCl
496,mc_beam,False,False,0.9,15,COc1cc(C(F)(F)F)nn1C,COc1c(CO)c(C(F)(F)F)nn1C,Cn1nc(C(F)(F)F)cc1O.O=C([O-])[O-].[K+].[K+].C=O.COS(=O)(=O)OC.CN(C)C=O.O.CCOC(C)=O
497,mc_beam,True,True,0.7,21,CC(=O)OCC(=O)Nc1cnc(Br)cc1NC(C)(C)COC(C)=O,CC(=O)OCC(=O)Nc1cnc(Br)cc1NC(C)(C)COC(C)=O,CC(=O)OCC(C)(C)Nc1cc(Br)ncc1N.CCN(CC)CC.CC(=O)OCC(=O)Cl.C1CCOC1.O
498,mc_beam,True,True,0.9,14,COC(=O)CN(Cc1ccc(C(=O)OC)cn1)C(=O)OCc1ccccc1,COC(=O)CN(Cc1ccc(C(=O)OC)cn1)C(=O)OCc1ccccc1,COC(=O)c1ccc(CBr)nc1.COC(=O)CNC(=O)OCc1ccccc1.O=C([O-])[O-].[K+].[K+].O.CN(C)C=O
499,mc_beam,True,True,0.4,22,Cc1[nH]c2ccc(OCc3ccccc3)cc2c1-c1cccc(Cl)c1,Cc1[nH]c2ccc(OCc3ccccc3)cc2c1-c1cccc(Cl)c1,Cl.NNc1ccc(OCc2ccccc2)cc1.CC(=O)Cc1cccc(Cl)c1.O=S(=O)(O)O.CCO
